kingdom,phylum,subphylum,class_name,subclass,order_name,suborder,infraorder,family_name
Animalia,Chordata,Vertebrata,Holocephali,,Chimaeroidei,,,Callorhinchidae
Animalia,Chordata,Vertebrata,Holocephali,,Chimaeroidei,,,Chimaeridae
Animalia,Chordata,Vertebrata,Holocephali,,Chimaeroidei,,,Rhinochimaeridae
Animalia,Chordata,,Holocephali,,,,,
Animalia,Chordata,Urochordata,Thaliacea,,Salpida,,,Salpidae
Animalia,Chordata,Urochordata,Thaliacea,,Doliolida,,,Doliolidae
Animalia,Chordata,,Thaliacea,,,,,
Animalia,Chordata,Urochordata,Thaliacea,,Pyrosomida,,,Pyrosomatidae
Animalia,Chordata,Urochordata,Appendicularia,,Copelata,,,Kowalewskaiidae
Animalia,Chordata,,Appendicularia,,,,,
Animalia,Chordata,Urochordata,Appendicularia,,Copelata,,,Fritillaridae
Animalia,Chordata,Urochordata,Appendicularia,,Copelata,,,Oikopleuridae
Animalia,Chordata,Vertebrata,Myxini,,Myxiniformes,,,Myxinidae
Animalia,Chordata,,Myxini,,,,,
Animalia,Chordata,Vertebrata,Metatheria,,Peramelemorphia,,,Chaeropodidae
Animalia,Chordata,Vertebrata,Metatheria,,Vombatiformes,,,Phascolarctidae
Animalia,Chordata,Vertebrata,Metatheria,,Notoryctemorphia,,,Notoryctidae
Animalia,Chordata,Vertebrata,Metatheria,,Macropodiformes,,,Hypsiprymnodontidae
Animalia,Chordata,Vertebrata,Metatheria,,Phalangeriformes,,,Phalangeridae
Animalia,Chordata,Vertebrata,Metatheria,,Paucituberculata,,,Caenolestidae
Animalia,Chordata,Vertebrata,Metatheria,,Phalangeriformes,,,Acrobatidae
Animalia,Chordata,Vertebrata,Metatheria,,Dasyuromorphia,,,Dasyuridae
Animalia,Chordata,Vertebrata,Metatheria,,Phalangeriformes,,,Petauridae
Animalia,Chordata,Vertebrata,Metatheria,,Vombatiformes,,,Vombatidae
Animalia,Chordata,Vertebrata,Metatheria,,Phalangeriformes,,,Phalangeroidea
Animalia,Chordata,Vertebrata,Metatheria,,Macropodiformes,,,Macropodidae
Animalia,Chordata,Vertebrata,Metatheria,,Microbiotheria,,,Microbiotheriidae
Animalia,Chordata,,Metatheria,,,,,
Animalia,Chordata,Vertebrata,Metatheria,,Peramelemorphia,,,Thylacomyidae
Animalia,Chordata,Vertebrata,Metatheria,,Dasyuromorphia,,,Myrmecobiidae
Animalia,Chordata,Vertebrata,Metatheria,,Macropodiformes,,,Potoroidae
Animalia,Chordata,Vertebrata,Metatheria,,Phalangeriformes,,,Petauroidea
Animalia,Chordata,Vertebrata,Metatheria,,Phalangeriformes,,,Burramyidae
Animalia,Chordata,Vertebrata,Metatheria,,Dasyuromorphia,,,Thylacinidae
Animalia,Chordata,Vertebrata,Metatheria,,Phalangeriformes,,,Tarsipedidae
Animalia,Chordata,Vertebrata,Metatheria,,Didelphimorphia,,,Didelphidae
Animalia,Chordata,Vertebrata,Metatheria,,Phalangeriformes,,,Pseudocheiridae
Animalia,Chordata,Vertebrata,Metatheria,,Peramelemorphia,,,Peramelidae
Animalia,Chordata,Vertebrata,Aves,,Passeriformes,,,Pycnonotidae
Animalia,Chordata,Vertebrata,Aves,,Musophagiformes,,,Musophagidae
Animalia,Chordata,Vertebrata,Aves,,Passeriformes,,,Passerellidae
Animalia,Chordata,Vertebrata,Aves,,Charadriiformes,,,Pluvianidae
Animalia,Chordata,Vertebrata,Aves,,Passeriformes,,,Troglodytidae
Animalia,Chordata,Vertebrata,Aves,,Piciformes,,,Capitonidae
Animalia,Chordata,Vertebrata,Aves,,Pelecaniformes,,,Threskiornithidae
Animalia,Chordata,Vertebrata,Aves,,Accipitriformes,,,Accipitridae
Animalia,Chordata,Vertebrata,Aves,,Passeriformes,,,Eupetidae
Animalia,Chordata,Vertebrata,Aves,,Procellariiformes,,,Hydrobatidae
Animalia,Chordata,Vertebrata,Aves,,Psittaciformes,,,Cacatuidae
Animalia,Chordata,Vertebrata,Aves,,Passeriformes,,,Nesospingidae
Animalia,Chordata,Vertebrata,Aves,,Passeriformes,,,Emberizidae
Animalia,Chordata,Vertebrata,Aves,,Passeriformes,,,Menuridae
Animalia,Chordata,Vertebrata,Aves,,Accipitriformes,,,Pandionidae
Animalia,Chordata,Vertebrata,Aves,,Passeriformes,,,Picathartidae
Animalia,Chordata,Vertebrata,Aves,,Piciformes,,,Lybiidae
Animalia,Chordata,Vertebrata,Aves,,Apodiformes,,,Aegothelidae
Animalia,Chordata,Vertebrata,Aves,,Coliiformes,,,Coliidae
Animalia,Chordata,Vertebrata,Aves,,Anseriformes,,,Anhimidae
Animalia,Chordata,Vertebrata,Aves,,Pelecaniformes,,,Scopidae
Animalia,Chordata,Vertebrata,Aves,,Galliformes,,,Cracidae
Animalia,Chordata,Vertebrata,Aves,,Passeriformes,,,Climacteridae
Animalia,Chordata,Vertebrata,Aves,,Passeriformes,,,Stenostiridae
Animalia,Chordata,Vertebrata,Aves,,Passeriformes,,,Zeledoniidae
Animalia,Chordata,Vertebrata,Aves,,Suliformes,,,Phalacrocoracidae
Animalia,Chordata,Vertebrata,Aves,,Steatornithiformes,,,Steatornithidae
Animalia,Chordata,Vertebrata,Aves,,Passeriformes,,,Hirundinidae
Animalia,Chordata,Vertebrata,Aves,,Piciformes,,,Ramphastidae
Animalia,Chordata,Vertebrata,Aves,,Passeriformes,,,Pipridae
Animalia,Chordata,Vertebrata,Aves,,Passeriformes,,,Pardalotidae
Animalia,Chordata,Vertebrata,Aves,,Passeriformes,,,Ptilonorhynchidae
Animalia,Chordata,Vertebrata,Aves,,Nyctibiiformes,,,Nyctibiidae
Animalia,Chordata,Vertebrata,Aves,,Tinamiformes,,,Tinamidae
Animalia,Chordata,Vertebrata,Aves,,Passeriformes,,,Acanthizidae
Animalia,Chordata,Vertebrata,Aves,,Passeriformes,,,Calyptomenidae
Animalia,Chordata,Vertebrata,Aves,,Passeriformes,,,Atrichornithidae
Animalia,Chordata,Vertebrata,Aves,,Columbiformes,,,Columbidae
Animalia,Chordata,Vertebrata,Aves,,Struthioniformes,,,Struthionidae
Animalia,Chordata,Vertebrata,Aves,,Passeriformes,,,Panuridae
Animalia,Chordata,Vertebrata,Aves,,Passeriformes,,,Melanocharitidae
Animalia,Chordata,Vertebrata,Aves,,Passeriformes,,,Rhipiduridae
Animalia,Chordata,Vertebrata,Aves,,Pelecaniformes,,,Pelecanidae
Animalia,Chordata,Vertebrata,Aves,,Strigiformes,,,Strigidae
Animalia,Chordata,Vertebrata,Aves,,Passeriformes,,,Malaconotidae
Animalia,Chordata,Vertebrata,Aves,,Bucerotiformes,,,Upupidae
Animalia,Chordata,Vertebrata,Aves,,Passeriformes,,,Oriolidae
Animalia,Chordata,Vertebrata,Aves,,Passeriformes,,,Aegithalidae
Animalia,Chordata,Vertebrata,Aves,,Passeriformes,,,Tyrannidae
Animalia,Chordata,Vertebrata,Aves,,Charadriiformes,,,Glareolidae
Animalia,Chordata,Vertebrata,Aves,,Pterocliformes,,,Pteroclidae
Animalia,Chordata,Vertebrata,Aves,,Coraciiformes,,,Todidae
Animalia,Chordata,Vertebrata,Aves,,Passeriformes,,,Prunellidae
Animalia,Chordata,Vertebrata,Aves,,Passeriformes,,,Neosittidae
Animalia,Chordata,Vertebrata,Aves,,Passeriformes,,,Pomatostomidae
Animalia,Chordata,Vertebrata,Aves,,Passeriformes,,,Viduidae
Animalia,Chordata,Vertebrata,Aves,,Passeriformes,,,Dicruridae
Animalia,Chordata,Vertebrata,Aves,,Passeriformes,,,Platysteiridae
Animalia,Chordata,Vertebrata,Aves,,Passeriformes,,,Acrocephalidae
Animalia,Chordata,Vertebrata,Aves,,Galliformes,,,Numididae
Animalia,Chordata,Vertebrata,Aves,,Coraciiformes,,,Meropidae
Animalia,Chordata,Vertebrata,Aves,,Passeriformes,,,Ifritidae
Animalia,Chordata,Vertebrata,Aves,,Passeriformes,,,Mimidae
Animalia,Chordata,Vertebrata,Aves,,Passeriformes,,,Polioptilidae
Animalia,Chordata,Vertebrata,Aves,,Passeriformes,,,Nicatoridae
Animalia,Chordata,Vertebrata,Aves,,Passeriformes,,,Icteridae
Animalia,Chordata,Vertebrata,Aves,,Bucerotiformes,,,Bucerotidae
Animalia,Chordata,Vertebrata,Aves,,Accipitriformes,,,Cathartidae
Animalia,Chordata,Vertebrata,Aves,,Passeriformes,,,Calcariidae
Animalia,Chordata,Vertebrata,Aves,,Gruiformes,,,Heliornithidae
Animalia,Chordata,Vertebrata,Aves,,Anseriformes,,,Anatidae
Animalia,Chordata,Vertebrata,Aves,,Gruiformes,,,Aramidae
Animalia,Chordata,Vertebrata,Aves,,Procellariiformes,,,Oceanitidae
Animalia,Chordata,Vertebrata,Aves,,Charadriiformes,,,Laridae
Animalia,Chordata,Vertebrata,Aves,,Passeriformes,,,Turdidae
Animalia,Chordata,Vertebrata,Aves,,Passeriformes,,,Rhodinocichlidae
Animalia,Chordata,Vertebrata,Aves,,Passeriformes,,,Meliphagidae
Animalia,Chordata,Vertebrata,Aves,,Mesitornithiformes,,,Mesitornithidae
Animalia,Chordata,Vertebrata,Aves,,Passeriformes,,,Machaerirhynchidae
Animalia,Chordata,Vertebrata,Aves,,Charadriiformes,,,Ibidorhynchidae
Animalia,Chordata,Vertebrata,Aves,,Piciformes,,,Galbulidae
Animalia,Chordata,Vertebrata,Aves,,Charadriiformes,,,Turnicidae
Animalia,Chordata,Vertebrata,Aves,,Passeriformes,,,Alaudidae
Animalia,Chordata,Vertebrata,Aves,,Passeriformes,,,Cotingidae
Animalia,Chordata,Vertebrata,Aves,,Passeriformes,,,Zosteropidae
Animalia,Chordata,Vertebrata,Aves,,Passeriformes,,,Pachycephalidae
Animalia,Chordata,Vertebrata,Aves,,Passeriformes,,,Hypocoliidae
Animalia,Chordata,Vertebrata,Aves,,Passeriformes,,,Ploceidae
Animalia,Chordata,Vertebrata,Aves,,Passeriformes,,,Ptiliogonatidae
Animalia,Chordata,Vertebrata,Aves,,Passeriformes,,,Chloropseidae
Animalia,Chordata,Vertebrata,Aves,,Sphenisciformes,,,Spheniscidae
Animalia,Chordata,Vertebrata,Aves,,Passeriformes,,,Salpornithidae
Animalia,Chordata,Vertebrata,Aves,,Passeriformes,,,Tichodromidae
Animalia,Chordata,Vertebrata,Aves,,Gruiformes,,,Sarothruridae
Animalia,Chordata,Vertebrata,Aves,,Apodiformes,,,Hemiprocnidae
Animalia,Chordata,Vertebrata,Aves,,Passeriformes,,,Hylocitreidae
Animalia,Chordata,Vertebrata,Aves,,Gruiformes,,,Gruidae
Animalia,Chordata,Vertebrata,Aves,,Procellariiformes,,,Diomedeidae
Animalia,Chordata,Vertebrata,Aves,,Passeriformes,,,Certhiidae
Animalia,Chordata,Vertebrata,Aves,,Galliformes,,,Odontophoridae
Animalia,Chordata,Vertebrata,Aves,,Passeriformes,,,Eurylaimidae
Animalia,Chordata,Vertebrata,Aves,,Charadriiformes,,,Recurvirostridae
Animalia,Chordata,Vertebrata,Aves,,Passeriformes,,,Cnemophilidae
Animalia,Chordata,Vertebrata,Aves,,Passeriformes,,,Aegithinidae
Animalia,Chordata,Vertebrata,Aves,,Apodiformes,,,Trochilidae
Animalia,Chordata,Vertebrata,Aves,,Passeriformes,,,Scotocercidae
Animalia,Chordata,Vertebrata,Aves,,Passeriformes,,,Sapayoidae
Animalia,Chordata,Vertebrata,Aves,,Passeriformes,,,Artamidae
Animalia,Chordata,Vertebrata,Aves,,Passeriformes,,,Cinclidae
Animalia,Chordata,Vertebrata,Aves,,Coraciiformes,,,Momotidae
Animalia,Chordata,Vertebrata,Aves,,Passeriformes,,,Dasyornithidae
Animalia,Chordata,Vertebrata,Aves,,Passeriformes,,,Pityriaseidae
Animalia,Chordata,Vertebrata,Aves,,Coraciiformes,,,Brachypteraciidae
Animalia,Chordata,Vertebrata,Aves,,Passeriformes,,,Furnariidae
Animalia,Chordata,Vertebrata,Aves,,Passeriformes,,,Corcoracidae
Animalia,Chordata,Vertebrata,Aves,,Gruiformes,,,Psophiidae
Animalia,Chordata,Vertebrata,Aves,,Suliformes,,,Fregatidae
Animalia,Chordata,Vertebrata,Aves,,Eurypygiformes,,,Rhynochetidae
Animalia,Chordata,Vertebrata,Aves,,Passeriformes,,,Petroicidae
Animalia,Chordata,Vertebrata,Aves,,Passeriformes,,,Hyliotidae
Animalia,Chordata,Vertebrata,Aves,,Passeriformes,,,Oxyruncidae
Animalia,Chordata,Vertebrata,Aves,,Otidiformes,,,Otididae
Animalia,Chordata,Vertebrata,Aves,,Ciconiiformes,,,Ciconiidae
Animalia,Chordata,Vertebrata,Aves,,Passeriformes,,,Calyptophilidae
Animalia,Chordata,Vertebrata,Aves,,Charadriiformes,,,Jacanidae
Animalia,Chordata,Vertebrata,Aves,,Strigiformes,,,Tytonidae
Animalia,Chordata,Vertebrata,Aves,,Passeriformes,,,Melanopareiidae
Animalia,Chordata,Vertebrata,Aves,,Caprimulgiformes,,,Caprimulgidae
Animalia,Chordata,Vertebrata,Aves,,Podicipediformes,,,Podicipedidae
Animalia,Chordata,Vertebrata,Aves,,Coraciiformes,,,Coraciidae
Animalia,Chordata,Vertebrata,Aves,,Passeriformes,,,Philepittidae
Animalia,Chordata,Vertebrata,Aves,,Passeriformes,,,Timaliidae
Animalia,Chordata,Vertebrata,Aves,,Psittaciformes,,,Strigopidae
Animalia,Chordata,Vertebrata,Aves,,Passeriformes,,,Muscicapidae
Animalia,Chordata,Vertebrata,Aves,,Charadriiformes,,,Pluvianellidae
Animalia,Chordata,Vertebrata,Aves,,Passeriformes,,,Sturnidae
Animalia,Chordata,Vertebrata,Aves,,Passeriformes,,,Pnoepygidae
Animalia,Chordata,Vertebrata,Aves,,Trogoniformes,,,Trogonidae
Animalia,Chordata,Vertebrata,Aves,,Coraciiformes,,,Alcedinidae
Animalia,Chordata,Vertebrata,Aves,,Charadriiformes,,,Charadriidae
Animalia,Chordata,Vertebrata,Aves,,Psittaciformes,,,Psittaculidae
Animalia,Chordata,Vertebrata,Aves,,Passeriformes,,,Psophodidae
Animalia,Chordata,Vertebrata,Aves,,Passeriformes,,,Estrildidae
Animalia,Chordata,Vertebrata,Aves,,Passeriformes,,,Maluridae
Animalia,Chordata,Vertebrata,Aves,,Passeriformes,,,Irenidae
Animalia,Chordata,Vertebrata,Aves,,Passeriformes,,,Onychorhynchidae
Animalia,Chordata,Vertebrata,Aves,,Phoenicopteriformes,,,Phoenicopteridae
Animalia,Chordata,Vertebrata,Aves,,Passeriformes,,,Urocynchramidae
Animalia,Chordata,Vertebrata,Aves,,Passeriformes,,,Corvidae
Animalia,Chordata,Vertebrata,Aves,,Casuariiformes,,,Casuariidae
Animalia,Chordata,Vertebrata,Aves,,Eurypygiformes,,,Eurypygidae
Animalia,Chordata,Vertebrata,Aves,,Charadriiformes,,,Alcidae
Animalia,Chordata,Vertebrata,Aves,,Passeriformes,,,Phaenicophilidae
Animalia,Chordata,Vertebrata,Aves,,Passeriformes,,,Buphagidae
Animalia,Chordata,Vertebrata,Aves,,Passeriformes,,,Callaeidae
Animalia,Chordata,Vertebrata,Aves,,Charadriiformes,,,Haematopodidae
Animalia,Chordata,,Aves,,,,,
Animalia,Chordata,Vertebrata,Aves,,Passeriformes,,,Laniidae
Animalia,Chordata,Vertebrata,Aves,,Cuculiformes,,,Cuculidae
Animalia,Chordata,Vertebrata,Aves,,Procellariiformes,,,Procellariidae
Animalia,Chordata,Vertebrata,Aves,,Passeriformes,,,Monarchidae
Animalia,Chordata,Vertebrata,Aves,,Piciformes,,,Bucconidae
Animalia,Chordata,Vertebrata,Aves,,Passeriformes,,,Thamnophilidae
Animalia,Chordata,Vertebrata,Aves,,Apodiformes,,,Apodidae
Animalia,Chordata,Vertebrata,Aves,,Passeriformes,,,Paramythiidae
Animalia,Chordata,Vertebrata,Aves,,Accipitriformes,,,Sagittariidae
Animalia,Chordata,Vertebrata,Aves,,Piciformes,,,Semnornithidae
Animalia,Chordata,Vertebrata,Aves,,Gaviiformes,,,Gaviidae
Animalia,Chordata,Vertebrata,Aves,,Passeriformes,,,Platylophidae
Animalia,Chordata,Vertebrata,Aves,,Passeriformes,,,Locustellidae
Animalia,Chordata,Vertebrata,Aves,,Passeriformes,,,Campephagidae
Animalia,Chordata,Vertebrata,Aves,,Passeriformes,,,Teretistridae
Animalia,Chordata,Vertebrata,Aves,,Passeriformes,,,Hyliidae
Animalia,Chordata,Vertebrata,Aves,,Charadriiformes,,,Scolopacidae
Animalia,Chordata,Vertebrata,Aves,,Passeriformes,,,Bernieridae
Animalia,Chordata,Vertebrata,Aves,,Passeriformes,,,Motacillidae
Animalia,Chordata,Vertebrata,Aves,,Passeriformes,,,Paradoxornithidae
Animalia,Chordata,Vertebrata,Aves,,Suliformes,,,Anhingidae
Animalia,Chordata,Vertebrata,Aves,,Passeriformes,,,Formicariidae
Animalia,Chordata,Vertebrata,Aves,,Passeriformes,,,Remizidae
Animalia,Chordata,Vertebrata,Aves,,Charadriiformes,,,Pedionomidae
Animalia,Chordata,Vertebrata,Aves,,Passeriformes,,,Mohoidae
Animalia,Chordata,Vertebrata,Aves,,Passeriformes,,,Melampittidae
Animalia,Chordata,Vertebrata,Aves,,Bucerotiformes,,,Phoeniculidae
Animalia,Chordata,Vertebrata,Aves,,Bucerotiformes,,,Bucorvidae
Animalia,Chordata,Vertebrata,Aves,,Passeriformes,,,Cinclosomatidae
Animalia,Chordata,Vertebrata,Aves,,Passeriformes,,,Chaetopidae
Animalia,Chordata,Vertebrata,Aves,,Passeriformes,,,Parulidae
Animalia,Chordata,Vertebrata,Aves,,Passeriformes,,,Acanthisittidae
Animalia,Chordata,Vertebrata,Aves,,Piciformes,,,Indicatoridae
Animalia,Chordata,Vertebrata,Aves,,Passeriformes,,,Arcanatoridae
Animalia,Chordata,Vertebrata,Aves,,Charadriiformes,,,Rostratulidae
Animalia,Chordata,Vertebrata,Aves,,Passeriformes,,,Notiomystidae
Animalia,Chordata,Vertebrata,Aves,,Passeriformes,,,Promeropidae
Animalia,Chordata,Vertebrata,Aves,,Passeriformes,,,Erythrocercidae
Animalia,Chordata,Vertebrata,Aves,,Passeriformes,,,Thraupidae
Animalia,Chordata,Vertebrata,Aves,,Passeriformes,,,Nectariniidae
Animalia,Chordata,Vertebrata,Aves,,Anseriformes,,,Anseranatidae
Animalia,Chordata,Vertebrata,Aves,,Galliformes,,,Phasianidae
Animalia,Chordata,Vertebrata,Aves,,Rheiformes,,,Rheidae
Animalia,Chordata,Vertebrata,Aves,,Gruiformes,,,Rallidae
Animalia,Chordata,Vertebrata,Aves,,Pelecaniformes,,,Ardeidae
Animalia,Chordata,Vertebrata,Aves,,Passeriformes,,,Icteriidae
Animalia,Chordata,Vertebrata,Aves,,Psittaciformes,,,Psittacidae
Animalia,Chordata,Vertebrata,Aves,,Passeriformes,,,Paradisaeidae
Animalia,Chordata,Vertebrata,Aves,,Passeriformes,,,Cisticolidae
Animalia,Chordata,Vertebrata,Aves,,Passeriformes,,,Bombycillidae
Animalia,Chordata,Vertebrata,Aves,,Passeriformes,,,Vangidae
Animalia,Chordata,Vertebrata,Aves,,Passeriformes,,,Vireonidae
Animalia,Chordata,Vertebrata,Aves,,Charadriiformes,,,Stercorariidae
Animalia,Chordata,Vertebrata,Aves,,Passeriformes,,,Pittidae
Animalia,Chordata,Vertebrata,Aves,,Piciformes,,,Megalaimidae
Animalia,Chordata,Vertebrata,Aves,,Passeriformes,,,Pellorneidae
Animalia,Chordata,Vertebrata,Aves,,Passeriformes,,,Conopophagidae
Animalia,Chordata,Vertebrata,Aves,,Charadriiformes,,,Burhinidae
Animalia,Chordata,Vertebrata,Aves,,Passeriformes,,,Sittidae
Animalia,Chordata,Vertebrata,Aves,,Passeriformes,,,Rhinocryptidae
Animalia,Chordata,Vertebrata,Aves,,Phaethontiformes,,,Phaethontidae
Animalia,Chordata,Vertebrata,Aves,,Passeriformes,,,Tityridae
Animalia,Chordata,Vertebrata,Aves,,Suliformes,,,Sulidae
Animalia,Chordata,Vertebrata,Aves,,Passeriformes,,,Donacobiidae
Animalia,Chordata,Vertebrata,Aves,,Charadriiformes,,,Dromadidae
Animalia,Chordata,Vertebrata,Aves,,Galliformes,,,Megapodiidae
Animalia,Chordata,Vertebrata,Aves,,Falconiformes,,,Falconidae
Animalia,Chordata,Vertebrata,Aves,,Passeriformes,,,Dicaeidae
Animalia,Chordata,Vertebrata,Aves,,Passeriformes,,,Fringillidae
Animalia,Chordata,Vertebrata,Aves,,Passeriformes,,,Grallariidae
Animalia,Chordata,Vertebrata,Aves,,Pelecaniformes,,,Balaenicipitidae
Animalia,Chordata,Vertebrata,Aves,,Passeriformes,,,Orthonychidae
Animalia,Chordata,Vertebrata,Aves,,Passeriformes,,,Leiothrichidae
Animalia,Chordata,Vertebrata,Aves,,Passeriformes,,,Mitrospingidae
Animalia,Chordata,Vertebrata,Aves,,Charadriiformes,,,Chionidae
Animalia,Chordata,Vertebrata,Aves,,Piciformes,,,Picidae
Animalia,Chordata,Vertebrata,Aves,,Casuariiformes,,,Dromaiidae
Animalia,Chordata,Vertebrata,Aves,,Passeriformes,,,Dulidae
Animalia,Chordata,Vertebrata,Aves,,Passeriformes,,,Spindalidae
Animalia,Chordata,Vertebrata,Aves,,Passeriformes,,,Cettiidae
Animalia,Chordata,Vertebrata,Aves,,Passeriformes,,,Mohouidae
Animalia,Chordata,Vertebrata,Aves,,Passeriformes,,,Oreoicidae
Animalia,Chordata,Vertebrata,Aves,,Passeriformes,,,Peucedramidae
Animalia,Chordata,Vertebrata,Aves,,Passeriformes,,,Phylloscopidae
Animalia,Chordata,Vertebrata,Aves,,Passeriformes,,,Passeridae
Animalia,Chordata,Vertebrata,Aves,,Passeriformes,,,Cracticidae
Animalia,Chordata,Vertebrata,Aves,,Passeriformes,,,Regulidae
Animalia,Chordata,Vertebrata,Aves,,Passeriformes,,,Sylviidae
Animalia,Chordata,Vertebrata,Aves,,Passeriformes,,,Cardinalidae
Animalia,Chordata,Vertebrata,Aves,,Caprimulgiformes,,,Podargidae
Animalia,Chordata,Vertebrata,Aves,,Cariamiformes,,,Cariamidae
Animalia,Chordata,Vertebrata,Aves,,Passeriformes,,,Paridae
Animalia,Chordata,Vertebrata,Aves,,Leptosomiformes,,,Leptosomidae
Animalia,Chordata,Vertebrata,Aves,,Apterygiformes,,,Apterygidae
Animalia,Chordata,Vertebrata,Aves,,Passeriformes,,,Macrosphenidae
Animalia,Chordata,Vertebrata,Aves,,Charadriiformes,,,Thinocoridae
Animalia,Chordata,Vertebrata,Aves,,Opisthocomiformes,,,Opisthocomidae
Animalia,Chordata,Vertebrata,Prototheria,,Monotremata,,,Tachyglossidae
Animalia,Chordata,Vertebrata,Prototheria,,Monotremata,,,Ornithorhynchidae
Animalia,Chordata,,Prototheria,,,,,
Animalia,Chordata,Vertebrata,Elasmobranchii,,Rhiniformes,,,Rhinidae
Animalia,Chordata,Vertebrata,Elasmobranchii,,Orectolobiformes,,,Brachaeluridae
Animalia,Chordata,Vertebrata,Elasmobranchii,,Rajiformes,,,Rajidae
Animalia,Chordata,Vertebrata,Elasmobranchii,,Carcharhiniformes,,,Pseudotriakidae
Animalia,Chordata,Vertebrata,Elasmobranchii,,Hexanchiformes,,,Notorynchidae
Animalia,Chordata,Vertebrata,Elasmobranchii,,Squaliformes,,,Somniosidae
Animalia,Chordata,Vertebrata,Elasmobranchii,,Rajiformes,,,Arhynchobatidae
Animalia,Chordata,Vertebrata,Elasmobranchii,,Orectolobiformes,,,Rhincodontidae
Animalia,Chordata,Vertebrata,Elasmobranchii,,Pristiophoriformes,,,Pristiophoridae
Animalia,Chordata,Vertebrata,Elasmobranchii,,Torpediniformes,,,Narcinidae
Animalia,Chordata,Vertebrata,Elasmobranchii,,Carcharhiniformes,,,Sphyrnidae
Animalia,Chordata,Vertebrata,Elasmobranchii,,Squatiniformes,,,Squatinidae
Animalia,Chordata,Vertebrata,Elasmobranchii,,Lamniformes,,,Mitsukurinidae
Animalia,Chordata,Vertebrata,Elasmobranchii,,Torpediniformes,,,Torpedinidae
Animalia,Chordata,Vertebrata,Elasmobranchii,,Lamniformes,,,Alopiidae
Animalia,Chordata,Vertebrata,Elasmobranchii,,Rhinobatiformes,,,Zanobatidae
Animalia,Chordata,Vertebrata,Elasmobranchii,,Squaliformes,,,Oxynotidae
Animalia,Chordata,Vertebrata,Elasmobranchii,,Carcharhiniformes,,,Leptochariidae
Animalia,Chordata,Vertebrata,Elasmobranchii,,Rajiformes,,,Anacanthobatidae
Animalia,Chordata,Vertebrata,Elasmobranchii,,Rhinobatiformes,,,Rhinobatidae
Animalia,Chordata,Vertebrata,Elasmobranchii,,Pristiformes,,,Pristidae
Animalia,Chordata,Vertebrata,Elasmobranchii,,Rhinobatiformes,,,Platyrhinidae
Animalia,Chordata,Vertebrata,Elasmobranchii,,Myliobatiformes,,,Myliobatidae
Animalia,Chordata,Vertebrata,Elasmobranchii,,Squaliformes,,,Dalatiidae
Animalia,Chordata,Vertebrata,Elasmobranchii,,Heterodontiformes,,,Heterodontidae
Animalia,Chordata,Vertebrata,Elasmobranchii,,Orectolobiformes,,,Hemiscylliidae
Animalia,Chordata,Vertebrata,Elasmobranchii,,Lamniformes,,,Odontaspididae
Animalia,Chordata,Vertebrata,Elasmobranchii,,Squaliformes,,,Centrophoridae
Animalia,Chordata,Vertebrata,Elasmobranchii,,Myliobatiformes,,,Gymnuridae
Animalia,Chordata,Vertebrata,Elasmobranchii,,Lamniformes,,,Megachasmidae
Animalia,Chordata,Vertebrata,Elasmobranchii,,Myliobatiformes,,,Urolophidae
Animalia,Chordata,Vertebrata,Elasmobranchii,,Orectolobiformes,,,Stegostomatidae
Animalia,Chordata,Vertebrata,Elasmobranchii,,Carcharhiniformes,,,Triakidae
Animalia,Chordata,Vertebrata,Elasmobranchii,,Myliobatiformes,,,Mobulidae
Animalia,Chordata,Vertebrata,Elasmobranchii,,Squaliformes,,,Squalidae
Animalia,Chordata,Vertebrata,Elasmobranchii,,Carcharhiniformes,,,Proscylliidae
Animalia,Chordata,Vertebrata,Elasmobranchii,,Myliobatiformes,,,Plesiobatidae
Animalia,Chordata,Vertebrata,Elasmobranchii,,Orectolobiformes,,,Parascylliidae
Animalia,Chordata,Vertebrata,Elasmobranchii,,Lamniformes,,,Lamnidae
Animalia,Chordata,Vertebrata,Elasmobranchii,,Hexanchiformes,,,Hexanchidae
Animalia,Chordata,Vertebrata,Elasmobranchii,,Squaliformes,,,Etmopteridae
Animalia,Chordata,,Elasmobranchii,,,,,
Animalia,Chordata,Vertebrata,Elasmobranchii,,Lamniformes,,,Pseudocarchariidae
Animalia,Chordata,Vertebrata,Elasmobranchii,,Squaliformes,,,Echinorhinidae
Animalia,Chordata,Vertebrata,Elasmobranchii,,Orectolobiformes,,,Ginglymostomatidae
Animalia,Chordata,Vertebrata,Elasmobranchii,,Myliobatiformes,,,Hexatrygonidae
Animalia,Chordata,Vertebrata,Elasmobranchii,,Myliobatiformes,,,Rhinopteridae
Animalia,Chordata,Vertebrata,Elasmobranchii,,Torpediniformes,,,Narkidae
Animalia,Chordata,Vertebrata,Elasmobranchii,,Torpediniformes,,,Hypnidae
Animalia,Chordata,Vertebrata,Elasmobranchii,,Carcharhiniformes,,,Carcharhinidae
Animalia,Chordata,Vertebrata,Elasmobranchii,,Myliobatiformes,,,Potamotrygonidae
Animalia,Chordata,Vertebrata,Elasmobranchii,,Hexanchiformes,,,Chlamydoselachidae
Animalia,Chordata,Vertebrata,Elasmobranchii,,Lamniformes,,,Cetorhinidae
Animalia,Chordata,Vertebrata,Elasmobranchii,,Carcharhiniformes,,,Scyliorhinidae
Animalia,Chordata,Vertebrata,Elasmobranchii,,Myliobatiformes,,,Dasyatidae
Animalia,Chordata,Vertebrata,Elasmobranchii,,Orectolobiformes,,,Orectolobidae
Animalia,Chordata,Vertebrata,Elasmobranchii,,Carcharhiniformes,,,Hemigaleidae
Animalia,Chordata,,Cladistei,,,,,
Animalia,Chordata,Vertebrata,Cladistei,,Polypteriformes,,,Polypteridae
Animalia,Chordata,Vertebrata,Teleostei,,Gonostomatoidei,,,Sternoptychidae
Animalia,Chordata,Vertebrata,Teleostei,,Ogcocephalioidei,,,Diceratiidae
Animalia,Chordata,Vertebrata,Teleostei,,Siluriformes,,,Callichthyidae
Animalia,Chordata,Vertebrata,Teleostei,,Batrachoidiformes,,,Batrachoididae
Animalia,Chordata,Vertebrata,Teleostei,,Percoidei,,,Centracanthidae
Animalia,Chordata,Vertebrata,Teleostei,,Gadiformes,,,Gadidae
Animalia,Chordata,Vertebrata,Teleostei,,Gymnotoidei,,,Gymnotidae
Animalia,Chordata,Vertebrata,Teleostei,,Percoidei,,,Pempheridae
Animalia,Chordata,Vertebrata,Teleostei,,Pleuronectoidei,,,Rhombosoleidae
Animalia,Chordata,Vertebrata,Teleostei,,Knerioidei,,,Phractolaemidae
Animalia,Chordata,Vertebrata,Teleostei,,Labroidei,,,Labridae
Animalia,Chordata,Vertebrata,Teleostei,,Notopteroidei,,,Hiodontoidea
Animalia,Chordata,Vertebrata,Teleostei,,Anoplopomatoidei,,,Anoplopomatidae
Animalia,Chordata,Vertebrata,Teleostei,,Percoidei,,,Chaetodontidae
Animalia,Chordata,Vertebrata,Teleostei,,Osmeroidei,,,Salangidae
Animalia,Chordata,Vertebrata,Teleostei,,Clupeoidei,,,Pristigasteridae
Animalia,Chordata,Vertebrata,Teleostei,,Elopiformes,,,Elopidae
Animalia,Chordata,Vertebrata,Teleostei,,Saccopharyngoidei,,,Eurypharyngidae
Animalia,Chordata,Vertebrata,Teleostei,,Siluriformes,,,Trichomycteridae
Animalia,Chordata,Vertebrata,Teleostei,,Notacanthoidei,,,Notacanthidae
Animalia,Chordata,Vertebrata,Teleostei,,Percoidei,,,Epigonidae
Animalia,Chordata,Vertebrata,Teleostei,,Percopsoidei,,,Percopsidae
Animalia,Chordata,Vertebrata,Teleostei,,Ogcocephalioidei,,,Ogcocephalioidea
Animalia,Chordata,Vertebrata,Teleostei,,Congroidei,,,Congridae
Animalia,Chordata,Vertebrata,Teleostei,,Percoidei,,,Centrogeniidae
Animalia,Chordata,Vertebrata,Teleostei,,Zeioidei,,,Parazenidae
Animalia,Chordata,Vertebrata,Teleostei,,Siluriformes,,,Nematogenyidae
Animalia,Chordata,Vertebrata,Teleostei,,Moloidei,,,Molidae
Animalia,Chordata,Vertebrata,Teleostei,,Scombroidei,,,Trichiuridae
Animalia,Chordata,Vertebrata,Teleostei,,Lampriformes,,,Veliferidae
Animalia,Chordata,Vertebrata,Teleostei,,Percoidei,,,Serranidae
Animalia,Chordata,Vertebrata,Teleostei,,Triacanthoidei,,,Triacanthidae
Animalia,Chordata,Vertebrata,Teleostei,,Ophidioidei,,,Ophidiidae
Animalia,Chordata,Vertebrata,Teleostei,,Percoidei,,,Centrarchidae
Animalia,Chordata,Vertebrata,Teleostei,,Anabantoidei,,,Helostomatidae
Animalia,Chordata,Vertebrata,Teleostei,,Ostracioidei,,,Aracanidae
Animalia,Chordata,Vertebrata,Teleostei,,Alepisauroidei,,,Evermannellidae
Animalia,Chordata,Vertebrata,Teleostei,,Xiphioidei,,,Istiophoridae
Animalia,Chordata,Vertebrata,Teleostei,,Balistoidei,,,Balistidae
Animalia,Chordata,Vertebrata,Teleostei,,Characiformes,,,Curimatidae
Animalia,Chordata,Vertebrata,Teleostei,,Cottoidei,,,Hemitripteridae
Animalia,Chordata,Vertebrata,Teleostei,,Trachinoidei,,,Uranoscopidae
Animalia,Chordata,Vertebrata,Teleostei,,Atheriniformes,,,Atherinopsidae
Animalia,Chordata,Vertebrata,Teleostei,,Cottoidei,,,Liparidae
Animalia,Chordata,Vertebrata,Teleostei,,Gasterosteoidei,,,Hypoptychidae
Animalia,Chordata,Vertebrata,Teleostei,,Percoidei,,,Symphysanodontidae
Animalia,Chordata,Vertebrata,Teleostei,,Cottoidei,,,Comephoridae
Animalia,Chordata,Vertebrata,Teleostei,,Stephanoberyciformes,,,Cetomimoidea
Animalia,Chordata,Vertebrata,Teleostei,,Percoidei,,,Chironemidae
Animalia,Chordata,Vertebrata,Teleostei,,Channoidei,,,Channidae
Animalia,Chordata,Vertebrata,Teleostei,,Adrianichthyoidei,,,Adrianichthyidae
Animalia,Chordata,Vertebrata,Teleostei,,Argentinoidei,,,Argentinoidea
Animalia,Chordata,Vertebrata,Teleostei,,Myctophiformes,,,Neoscopelidae
Animalia,Chordata,Vertebrata,Teleostei,,Congroidei,,,Nemichthyidae
Animalia,Chordata,Vertebrata,Teleostei,,Stephanoberyciformes,,,Gibberichthyidae
Animalia,Chordata,Vertebrata,Teleostei,,Trachinoidei,,,Creediidae
Animalia,Chordata,Vertebrata,Teleostei,,Denticipitoidei,,,Denticipitidae
Animalia,Chordata,Vertebrata,Teleostei,,Cottoidei,,,Psychrolutidae
Animalia,Chordata,Vertebrata,Teleostei,,Cottoidei,,,Cottoidea
Animalia,Chordata,Vertebrata,Teleostei,,Congroidei,,,Serrivomeridae
Animalia,Chordata,Vertebrata,Teleostei,,Atherinoidei,,,Atherinidae
Animalia,Chordata,Vertebrata,Teleostei,,Pleuronectoidei,,,Scophthalmidae
Animalia,Chordata,Vertebrata,Teleostei,,Belonoidei,,,Belonidae
Animalia,Chordata,Vertebrata,Teleostei,,Cottoidei,,,Cottidae
Animalia,Chordata,Vertebrata,Teleostei,,Characiformes,,,Lebiasinidae
Animalia,Chordata,Vertebrata,Teleostei,,Cypriniformes,,,Gyrinocheilidae
Animalia,Chordata,Vertebrata,Teleostei,,Hexagrammoidei,,,Hexagrammidae
Animalia,Chordata,Vertebrata,Teleostei,,Stephanoberyciformes,,,Mirapinnidae
Animalia,Chordata,Vertebrata,Teleostei,,Stromateoidei,,,Amarsipidae
Animalia,Chordata,Vertebrata,Teleostei,,Triodontoidei,,,Triodontidae
Animalia,Chordata,Vertebrata,Teleostei,,Siluriformes,,,Malapteruridae
Animalia,Chordata,Vertebrata,Teleostei,,Notothenioidei,,,Bovichthyidae
Animalia,Chordata,Vertebrata,Teleostei,,Elopiformes,,,Megalopidae
Animalia,Chordata,Vertebrata,Teleostei,,Zoarcoidei,,,Scytalinidae
Animalia,Chordata,Vertebrata,Teleostei,,Cottoidei,,,Cyclopteridae
Animalia,Chordata,Vertebrata,Teleostei,,Congroidei,,,Colocongridae
Animalia,Chordata,Vertebrata,Teleostei,,Percoidei,,,Sphyraenidae
Animalia,Chordata,Vertebrata,Teleostei,,Stromateoidei,,,Centrolophidae
Animalia,Chordata,Vertebrata,Teleostei,,Bythitoidei,,,Parabrotulidae
Animalia,Chordata,Vertebrata,Teleostei,,Siluriformes,,,Scoloplacidae
Animalia,Chordata,Vertebrata,Teleostei,,Clupeoidei,,,Sundasalangidae
Animalia,Chordata,Vertebrata,Teleostei,,Trachinoidei,,,Leptoscopidae
Animalia,Chordata,Vertebrata,Teleostei,,Trachinoidei,,,Trichonotidae
Animalia,Chordata,Vertebrata,Teleostei,,Characiformes,,,Acestrorhynchidae
Animalia,Chordata,Vertebrata,Teleostei,,Belonoidei,,,Scomberesocidae
Animalia,Chordata,Vertebrata,Teleostei,,Siluriformes,,,Siluridae
Animalia,Chordata,Vertebrata,Teleostei,,Pleuronectoidei,,,Achiridae
Animalia,Chordata,Vertebrata,Teleostei,,Argentinoidei,,,Bathylaconidae
Animalia,Chordata,Vertebrata,Teleostei,,Pleuronectoidei,,,Achiropsettidae
Animalia,Chordata,Vertebrata,Teleostei,,Pleuronectoidei,,,Soleidae
Animalia,Chordata,Vertebrata,Teleostei,,Zoarcoidei,,,Bathymasteridae
Animalia,Chordata,Vertebrata,Teleostei,,Cypriniformes,,,Catostomidae
Animalia,Chordata,Vertebrata,Teleostei,,Siluriformes,,,Hypophthalmidae
Animalia,Chordata,Vertebrata,Teleostei,,Gadiformes,,,Bregmacerotidae
Animalia,Chordata,Vertebrata,Teleostei,,Percoidei,,,Polynemidae
Animalia,Chordata,Vertebrata,Teleostei,,Sternopygoidei,,,Hypopomidae
Animalia,Chordata,Vertebrata,Teleostei,,Zeioidei,,,Oreosomatidae
Animalia,Chordata,Vertebrata,Teleostei,,Gobioidei,,,Gobiidae
Animalia,Chordata,Vertebrata,Teleostei,,Aplocheiloidei,,,Aplocheilidae
Animalia,Chordata,Vertebrata,Teleostei,,Aphredoderoidei,,,Aphredoderidae
Animalia,Chordata,Vertebrata,Teleostei,,Clupeoidei,,,Engraulidae
Animalia,Chordata,Vertebrata,Teleostei,,Elassomatoidei,,,Elassomatidae
Animalia,Chordata,Vertebrata,Teleostei,,Pleuronectoidei,,,Poecilopsettidae
Animalia,Chordata,Vertebrata,Teleostei,,Icosteoidei,,,Icosteidae
Animalia,Chordata,Vertebrata,Teleostei,,Triacanthodoidei,,,Triacanthodidae
Animalia,Chordata,Vertebrata,Teleostei,,Callionymoidei,,,Callionymidae
Animalia,Chordata,Vertebrata,Teleostei,,Siluriformes,,,Loricariidae
Animalia,Chordata,Vertebrata,Teleostei,,Scorpaenoidei,,,Congiopodidae
Animalia,Chordata,Vertebrata,Teleostei,,Percoidei,,,Polycentridae
Animalia,Chordata,Vertebrata,Teleostei,,Characiformes,,,Erythrinidae
Animalia,Chordata,Vertebrata,Teleostei,,Syngnathoidei,,,Syngnathidae
Animalia,Chordata,Vertebrata,Teleostei,,Alepisauroidei,,,Alepisauridae
Animalia,Chordata,Vertebrata,Teleostei,,Percoidei,,,Gerreidae
Animalia,Chordata,Vertebrata,Teleostei,,Ogcocephalioidei,,,Chaunacidae
Animalia,Chordata,Vertebrata,Teleostei,,Siluriformes,,,Ictaluridae
Animalia,Chordata,Vertebrata,Teleostei,,Osteoglossoidei,,,Mormyroidea
Animalia,Chordata,Vertebrata,Teleostei,,Notopteroidei,,,Hiodontidae
Animalia,Chordata,Vertebrata,Teleostei,,Percoidei,,,Toxotidae
Animalia,Chordata,Vertebrata,Teleostei,,Ogcocephalioidei,,,Centrophrynidae
Animalia,Chordata,Vertebrata,Teleostei,,Muraenoidei,,,Muraenidae
Animalia,Chordata,Vertebrata,Teleostei,,Chlorophthalmoidei,,,Ipnopidae
Animalia,Chordata,Vertebrata,Teleostei,,Percoidei,,,Arripidae
Animalia,Chordata,Vertebrata,Teleostei,,Siluriformes,,,Akysidae
Animalia,Chordata,Vertebrata,Teleostei,,Cottoidei,,,Cyclopteroidea
Animalia,Chordata,Vertebrata,Teleostei,,Pleuronectoidei,,,Citharidae
Animalia,Chordata,Vertebrata,Teleostei,,Gymnotoidei,,,Electrophoridae
Animalia,Chordata,Vertebrata,Teleostei,,Muraenoidei,,,Chlopsidae
Animalia,Chordata,Vertebrata,Teleostei,,Scorpaenoidei,,,Triglidae
Animalia,Chordata,Vertebrata,Teleostei,,Percoidei,,,Emmelichthyidae
Animalia,Chordata,Vertebrata,Teleostei,,Osmeroidei,,,Osmeroidea
Animalia,Chordata,Vertebrata,Teleostei,,Antennarioidei,,,Antennariidae
Animalia,Chordata,Vertebrata,Teleostei,,Albuloidei,,,Albulidae
Animalia,Chordata,Vertebrata,Teleostei,,Pleuronectoidei,,,Samaridae
Animalia,Chordata,Vertebrata,Teleostei,,Ateleopodiformes,,,Ateleopodidae
Animalia,Chordata,Vertebrata,Teleostei,,Cypriniformes,,,Leuciscidae
Animalia,Chordata,Vertebrata,Teleostei,,Berycoidei,,,Berycidae
Animalia,Chordata,Vertebrata,Teleostei,,Photichthyoidei,,,Stomiidae
Animalia,Chordata,Vertebrata,Teleostei,,Percoidei,,,Lateolabracidae
Animalia,Chordata,Vertebrata,Teleostei,,Siluriformes,,,Chacidae
Animalia,Chordata,Vertebrata,Teleostei,,Cyematoidei,,,Cyematidae
Animalia,Chordata,Vertebrata,Teleostei,,Notothenioidei,,,Bathydraconidae
Animalia,Chordata,Vertebrata,Teleostei,,Labroidei,,,Odacidae
Animalia,Chordata,Vertebrata,Teleostei,,Percoidei,,,Malacanthidae
Animalia,Chordata,Vertebrata,Teleostei,,Zeioidei,,,Zeniontidae
Animalia,Chordata,Vertebrata,Teleostei,,Percoidei,,,Menidae
Animalia,Chordata,Vertebrata,Teleostei,,Argentinoidei,,,Alepocephalidae
Animalia,Chordata,Vertebrata,Teleostei,,Giganturoidei,,,Bathysauridae
Animalia,Chordata,Vertebrata,Teleostei,,Notopteroidei,,,Notopteroidea
Animalia,Chordata,Vertebrata,Teleostei,,Balistoidei,,,Monacanthidae
Animalia,Chordata,Vertebrata,Teleostei,,Syngnathoidei,,,Macroramphosidae
Animalia,Chordata,Vertebrata,Teleostei,,Blennioidei,,,Dactyloscopidae
Animalia,Chordata,Vertebrata,Teleostei,,Cypriniformes,,,Cobitoidea
Animalia,Chordata,Vertebrata,Teleostei,,Lampriformes,,,Radiicephalidae
Animalia,Chordata,Vertebrata,Teleostei,,Characiformes,,,Hemiodontidae
Animalia,Chordata,Vertebrata,Teleostei,,Percoidei,,,Grammatidae
Animalia,Chordata,Vertebrata,Teleostei,,Stephanoberyciformes,,,Megalomycteridae
Animalia,Chordata,Vertebrata,Teleostei,,Notopteroidei,,,Notopteridae
Animalia,Chordata,Vertebrata,Teleostei,,Percoidei,,,Dinolestidae
Animalia,Chordata,Vertebrata,Teleostei,,Argentinoidei,,,Opisthoproctidae
Animalia,Chordata,Vertebrata,Teleostei,,Gobioidei,,,Microdesmidae
Animalia,Chordata,Vertebrata,Teleostei,,Percoidei,,,Nemipteridae
Animalia,Chordata,Vertebrata,Teleostei,,Gobioidei,,,Schindleriidae
Animalia,Chordata,Vertebrata,Teleostei,,Belonoidei,,,Exocoetoidea
Animalia,Chordata,Vertebrata,Teleostei,,Blennioidei,,,Blenniidae
Animalia,Chordata,Vertebrata,Teleostei,,Cyprinodontoidei,,,Cyprinodontidae
Animalia,Chordata,Vertebrata,Teleostei,,Osteoglossoidei,,,Pantodontidae
Animalia,Chordata,Vertebrata,Teleostei,,Characiformes,,,Hepsetidae
Animalia,Chordata,Vertebrata,Teleostei,,Zeioidei,,,Grammicolepididae
Animalia,Chordata,Vertebrata,Teleostei,,Mugiliformes,,,Mugilidae
Animalia,Chordata,Vertebrata,Teleostei,,Notothenioidei,,,Channichthyidae
Animalia,Chordata,Vertebrata,Teleostei,,Trachichthyoidei,,,Diretmidae
Animalia,Chordata,Vertebrata,Teleostei,,Trachinoidei,,,Trichodontidae
Animalia,Chordata,Vertebrata,Teleostei,,Gasterosteoidei,,,Aulorhynchidae
Animalia,Chordata,Vertebrata,Teleostei,,Argentinoidei,,,Alepocephaloidea
Animalia,Chordata,Vertebrata,Teleostei,,Ogcocephalioidei,,,Chaunacioidea
Animalia,Chordata,Vertebrata,Teleostei,,Cypriniformes,,,Cyprinidae
Animalia,Chordata,Vertebrata,Teleostei,,Gadiformes,,,Muraenolepididae
Animalia,Chordata,Vertebrata,Teleostei,,Photichthyoidei,,,Phosichthyidae
Animalia,Chordata,Vertebrata,Teleostei,,Percoidei,,,Coryphaenidae
Animalia,Chordata,Vertebrata,Teleostei,,Pleuronectoidei,,,Paralichthyidae
Animalia,Chordata,Vertebrata,Teleostei,,Synodontoidei,,,Synodontidae
Animalia,Chordata,Vertebrata,Teleostei,,Chanoidei,,,Chanidae
Animalia,Chordata,Vertebrata,Teleostei,,Congroidei,,,Derichthyidae
Animalia,Chordata,Vertebrata,Teleostei,,Osteoglossoidei,,,Osteoglossidae
Animalia,Chordata,Vertebrata,Teleostei,,Osteoglossoidei,,,Gymnarchidae
Animalia,Chordata,Vertebrata,Teleostei,,Congroidei,,,Muraenesocidae
Animalia,Chordata,Vertebrata,Teleostei,,Scorpaenoidei,,,Scorpaenidae
Animalia,Chordata,Vertebrata,Teleostei,,Congroidei,,,Synaphobranchidae
Animalia,Chordata,Vertebrata,Teleostei,,Syngnathoidei,,,Aulostomidae
Animalia,Chordata,Vertebrata,Teleostei,,Syngnathoidei,,,Pegasidae
Animalia,Chordata,Vertebrata,Teleostei,,Siluriformes,,,Sisoridae
Animalia,Chordata,Vertebrata,Teleostei,,Trachichthyoidei,,,Anomalopidae
Animalia,Chordata,Vertebrata,Teleostei,,Pleuronectoidei,,,Paralichthodidae
Animalia,Chordata,Vertebrata,Teleostei,,Percoidei,,,Dichistiidae
Animalia,Chordata,Vertebrata,Teleostei,,Siluriformes,,,Auchenipteridae
Animalia,Chordata,Vertebrata,Teleostei,,Percoidei,,,Percidae
Animalia,Chordata,Vertebrata,Teleostei,,Percoidei,,,Oplegnathidae
Animalia,Chordata,Vertebrata,Teleostei,,Acanthuroidei,,,Zanclidae
Animalia,Chordata,Vertebrata,Teleostei,,Percoidei,,,Rachycentridae
Animalia,Chordata,Vertebrata,Teleostei,,Trachinoidei,,,Ammodytidae
Animalia,Chordata,Vertebrata,Teleostei,,Stromateoidei,,,Stromateidae
Animalia,Chordata,Vertebrata,Teleostei,,Congroidei,,,Nettastomatidae
Animalia,Chordata,Vertebrata,Teleostei,,Percoidei,,,Sciaenidae
Animalia,Chordata,Vertebrata,Teleostei,,Siluriformes,,,Erethistidae
Animalia,Chordata,Vertebrata,Teleostei,,Osmeroidei,,,Plecoglossidae
Animalia,Chordata,Vertebrata,Teleostei,,Percoidei,,,Bramidae
Animalia,Chordata,Vertebrata,Teleostei,,Giganturoidei,,,Giganturidae
Animalia,Chordata,Vertebrata,Teleostei,,Characiformes,,,Anostomidae
Animalia,Chordata,Vertebrata,Teleostei,,Labroidei,,,Embiotocidae
Animalia,Chordata,Vertebrata,Teleostei,,Ophidioidei,,,Carapidae
Animalia,Chordata,Vertebrata,Teleostei,,Blennioidei,,,Tripterygiidae
Animalia,Chordata,Vertebrata,Teleostei,,Pleuronectoidei,,,Pleuronectidae
Animalia,Chordata,Vertebrata,Teleostei,,Trachinoidei,,,Percophidae
Animalia,Chordata,Vertebrata,Teleostei,,Atherinoidei,,,Phallostethidae
Animalia,Chordata,Vertebrata,Teleostei,,Gadiformes,,,Merlucciidae
Animalia,Chordata,Vertebrata,Teleostei,,Percoidei,,,Moronidae
Animalia,Chordata,Vertebrata,Teleostei,,Percoidei,,,Chandidae
Animalia,Chordata,Vertebrata,Teleostei,,Cypriniformes,,,Cyprinoidea
Animalia,Chordata,Vertebrata,Teleostei,,Ostracioidei,,,Ostraciidae
Animalia,Chordata,Vertebrata,Teleostei,,Cyprinodontoidei,,,Fundulidae
Animalia,Chordata,Vertebrata,Teleostei,,Percoidei,,,Sillaginidae
Animalia,Chordata,Vertebrata,Teleostei,,Siluriformes,,,Amblycipitidae
Animalia,Chordata,Vertebrata,Teleostei,,Osmeroidei,,,Galaxioidea
Animalia,Chordata,Vertebrata,Teleostei,,Cyttoidei,,,Cyttidae
Animalia,Chordata,Vertebrata,Teleostei,,Percoidei,,,Lobotidae
Animalia,Chordata,Vertebrata,Teleostei,,Cypriniformes,,,Cobitidae
Animalia,Chordata,Vertebrata,Teleostei,,Saccopharyngoidei,,,Monognathidae
Animalia,Chordata,Vertebrata,Teleostei,,Muraenoidei,,,Myrocongridae
Animalia,Chordata,Vertebrata,Teleostei,,Percoidei,,,Callanthiidae
Animalia,Chordata,Vertebrata,Teleostei,,Siluriformes,,,Pangasiidae
Animalia,Chordata,Vertebrata,Teleostei,,Tetraodontoidei,,,Tetraodontidae
Animalia,Chordata,Vertebrata,Teleostei,,Zoarcoidei,,,Ptilichthyidae
Animalia,Chordata,Vertebrata,Teleostei,,Congroidei,,,Ophichthidae
Animalia,Chordata,Vertebrata,Teleostei,,Percoidei,,,Cheilodactylidae
Animalia,Chordata,Vertebrata,Teleostei,,Characiformes,,,Characidae
Animalia,Chordata,Vertebrata,Teleostei,,Bythitoidei,,,Bythitidae
Animalia,Chordata,Vertebrata,Teleostei,,Knerioidei,,,Kneriidae
Animalia,Chordata,Vertebrata,Teleostei,,Anguilloidei,,,Moringuidae
Animalia,Chordata,Vertebrata,Teleostei,,Alepisauroidei,,,Paralepididae
Animalia,Chordata,Vertebrata,Teleostei,,Dactylopteroidei,,,Dactylopteridae
Animalia,Chordata,Vertebrata,Teleostei,,Percoidei,,,Pomacanthidae
Animalia,Chordata,Vertebrata,Teleostei,,Gobioidei,,,Kraemeriidae
Animalia,Chordata,Vertebrata,Teleostei,,Percoidei,,,Drepaneidae
Animalia,Chordata,Vertebrata,Teleostei,,Clupeoidei,,,Chirocentridae
Animalia,Chordata,Vertebrata,Teleostei,,Percoidei,,,Apogonidae
Animalia,Chordata,Vertebrata,Teleostei,,Ogcocephalioidei,,,Ogcocephalidae
Animalia,Chordata,Vertebrata,Teleostei,,Trachinoidei,,,Trachinidae
Animalia,Chordata,Vertebrata,Teleostei,,Percoidei,,,Echeneidae
Animalia,Chordata,Vertebrata,Teleostei,,Syngnathoidei,,,Centriscidae
Animalia,Chordata,Vertebrata,Teleostei,,Chlorophthalmoidei,,,Chlorophthalmidae
Animalia,Chordata,Vertebrata,Teleostei,,Zoarcoidei,,,Zaproridae
Animalia,Chordata,Vertebrata,Teleostei,,Aphredoderoidei,,,Amblyopsidae
Animalia,Chordata,Vertebrata,Teleostei,,Percoidei,,,Glaucosomatidae
Animalia,Chordata,Vertebrata,Teleostei,,Percoidei,,,Nematistiidae
Animalia,Chordata,Vertebrata,Teleostei,,Percoidei,,,Enoplosidae
Animalia,Chordata,Vertebrata,Teleostei,,Labroidei,,,Pomacentridae
Animalia,Chordata,Vertebrata,Teleostei,,Ogcocephalioidei,,,Neoceratiidae
Animalia,Chordata,Vertebrata,Teleostei,,Lampriformes,,,Lampridae
Animalia,Chordata,Vertebrata,Teleostei,,Percoidei,,,Kyphosidae
Animalia,Chordata,Vertebrata,Teleostei,,Gonorynchoidei,,,Gonorynchidae
Animalia,Chordata,Vertebrata,Teleostei,,Gadiformes,,,Moridae
Animalia,Chordata,Vertebrata,Teleostei,,Pleuronectoidei,,,Bothidae
Animalia,Chordata,Vertebrata,Teleostei,,Stromateoidei,,,Ariommatidae
Animalia,Chordata,Vertebrata,Teleostei,,Alepisauroidei,,,Scopelarchidae
Animalia,Chordata,Vertebrata,Teleostei,,Acanthuroidei,,,Siganidae
Animalia,Chordata,Vertebrata,Teleostei,,Osteoglossoidei,,,Mormyridae
Animalia,Chordata,Vertebrata,Teleostei,,Percoidei,,,Leptobramidae
Animalia,Chordata,Vertebrata,Teleostei,,Siluriformes,,,Amphiliidae
Animalia,Chordata,Vertebrata,Teleostei,,Cyprinodontoidei,,,Anablepidae
Animalia,Chordata,Vertebrata,Teleostei,,Sternopygoidei,,,Sternopygidae
Animalia,Chordata,Vertebrata,Teleostei,,Characiformes,,,Cynodontidae
Animalia,Chordata,Vertebrata,Teleostei,,Sternopygoidei,,,Apteronotidae
Animalia,Chordata,Vertebrata,Teleostei,,Saccopharyngoidei,,,Saccopharyngidae
Animalia,Chordata,Vertebrata,Teleostei,,Labroidei,,,Scaridae
Animalia,Chordata,Vertebrata,Teleostei,,Myctophiformes,,,Myctophidae
Animalia,Chordata,Vertebrata,Teleostei,,Percoidei,,,Bathyclupeidae
Animalia,Chordata,Vertebrata,Teleostei,,Scorpaenoidei,,,Gnathanacanthidae
Animalia,Chordata,Vertebrata,Teleostei,,Percoidei,,,Lactariidae
Animalia,Chordata,Vertebrata,Teleostei,,Percoidei,,,Centropomidae
Animalia,Chordata,Vertebrata,Teleostei,,Acanthuroidei,,,Scatophagidae
Animalia,Chordata,Vertebrata,Teleostei,,Siluriformes,,,Ariidae
Animalia,Chordata,,Teleostei,,,,,
Animalia,Chordata,Vertebrata,Teleostei,,Ogcocephalioidei,,,Linophrynidae
Animalia,Chordata,Vertebrata,Teleostei,,Percoidei,,,Leiognathidae
Animalia,Chordata,Vertebrata,Teleostei,,Gadiformes,,,Macrouridae
Animalia,Chordata,Vertebrata,Teleostei,,Notacanthoidei,,,Halosauridae
Animalia,Chordata,Vertebrata,Teleostei,,Stromateoidei,,,Nomeidae
Animalia,Chordata,Vertebrata,Teleostei,,Acanthuroidei,,,Ephippidae
Animalia,Chordata,Vertebrata,Teleostei,,Siluriformes,,,Bagridae
Animalia,Chordata,Vertebrata,Teleostei,,Scorpaenoidei,,,Aploactinidae
Animalia,Chordata,Vertebrata,Teleostei,,Gadiformes,,,Melanonidae
Animalia,Chordata,Vertebrata,Teleostei,,Percoidei,,,Plesiopidae
Animalia,Chordata,Vertebrata,Teleostei,,Argentinoidei,,,Microstomatidae
Animalia,Chordata,Vertebrata,Teleostei,,Zoarcoidei,,,Stichaeidae
Animalia,Chordata,Vertebrata,Teleostei,,Stephanoberyciformes,,,Stephanoberycidae
Animalia,Chordata,Vertebrata,Teleostei,,Callionymoidei,,,Draconettidae
Animalia,Chordata,Vertebrata,Teleostei,,Siluriformes,,,Heteropneustidae
Animalia,Chordata,Vertebrata,Teleostei,,Percoidei,,,Acropomatidae
Animalia,Chordata,Vertebrata,Teleostei,,Cottoidei,,,Abyssocottidae
Animalia,Chordata,Vertebrata,Teleostei,,Trachinoidei,,,Pholidichthyidae
Animalia,Chordata,Vertebrata,Teleostei,,Percoidei,,,Banjosidae
Animalia,Chordata,Vertebrata,Teleostei,,Gobioidei,,,Xenisthmidae
Animalia,Chordata,Vertebrata,Teleostei,,Synbranchoidei,,,Synbranchidae
Animalia,Chordata,Vertebrata,Teleostei,,Argentinoidei,,,Bathylagidae
Animalia,Chordata,Vertebrata,Teleostei,,Percoidei,,,Caristiidae
Animalia,Chordata,Vertebrata,Teleostei,,Percoidei,,,Polyprionidae
Animalia,Chordata,Vertebrata,Teleostei,,Atherinoidei,,,Melanotaeniidae
Animalia,Chordata,Vertebrata,Teleostei,,Scombroidei,,,Scombridae
Animalia,Chordata,Vertebrata,Teleostei,,Argentinoidei,,,Platytroctidae
Animalia,Chordata,Vertebrata,Teleostei,,Kurtoidei,,,Kurtidae
Animalia,Chordata,Vertebrata,Teleostei,,Percoidei,,,Notograptidae
Animalia,Chordata,Vertebrata,Teleostei,,Characiformes,,,Citharinidae
Animalia,Chordata,Vertebrata,Teleostei,,Anabantoidei,,,Osphronemidae
Animalia,Chordata,Vertebrata,Teleostei,,Percoidei,,,Latridae
Animalia,Chordata,Vertebrata,Teleostei,,Bythitoidei,,,Aphyonidae
Animalia,Chordata,Vertebrata,Teleostei,,Siluriformes,,,Pimelodidae
Animalia,Chordata,Vertebrata,Teleostei,,Mastacembeloidei,,,Chaudhuriidae
Animalia,Chordata,Vertebrata,Teleostei,,Trachinoidei,,,Cheimarrhichthyidae
Animalia,Chordata,Vertebrata,Teleostei,,Anabantoidei,,,Anabantidae
Animalia,Chordata,Vertebrata,Teleostei,,Gadiformes,,,Euclichthyidae
Animalia,Chordata,Vertebrata,Teleostei,,Ogcocephalioidei,,,Himantolophidae
Animalia,Chordata,Vertebrata,Teleostei,,Percoidei,,,Datnioididae
Animalia,Chordata,Vertebrata,Teleostei,,Stephanoberyciformes,,,Melamphaidae
Animalia,Chordata,Vertebrata,Teleostei,,Percoidei,,,Howellidae
Animalia,Chordata,Vertebrata,Teleostei,,Percoidei,,,Opistognathidae
Animalia,Chordata,Vertebrata,Teleostei,,Argentinoidei,,,Argentinidae
Animalia,Chordata,Vertebrata,Teleostei,,Scorpaenoidei,,,Eschmeyeridae
Animalia,Chordata,Vertebrata,Teleostei,,Characiformes,,,Ctenoluciidae
Animalia,Chordata,Vertebrata,Teleostei,,Trachinoidei,,,Chiasmodontidae
Animalia,Chordata,Vertebrata,Teleostei,,Stephanoberyciformes,,,Stephanoberycoidea
Animalia,Chordata,Vertebrata,Teleostei,,Trachichthyoidei,,,Trachichthyidae
Animalia,Chordata,Vertebrata,Teleostei,,Blennioidei,,,Clinidae
Animalia,Chordata,Vertebrata,Teleostei,,Cottoidei,,,Bathylutichthyidae
Animalia,Chordata,Vertebrata,Teleostei,,Siluriformes,,,Heptapteridae
Animalia,Chordata,Vertebrata,Teleostei,,Trachichthyoidei,,,Monocentridae
Animalia,Chordata,Vertebrata,Teleostei,,Belonoidei,,,Exocoetidae
Animalia,Chordata,Vertebrata,Teleostei,,Percoidei,,,Cirrhitidae
Animalia,Chordata,Vertebrata,Teleostei,,Trachinoidei,,,Champsodontidae
Animalia,Chordata,Vertebrata,Teleostei,,Siluriformes,,,Schilbeidae
Animalia,Chordata,Vertebrata,Teleostei,,Indostomoidei,,,Indostomidae
Animalia,Chordata,Vertebrata,Teleostei,,Acanthuroidei,,,Acanthuridae
Animalia,Chordata,Vertebrata,Teleostei,,Percoidei,,,Haemulidae
Animalia,Chordata,Vertebrata,Teleostei,,Siluriformes,,,Clariidae
Animalia,Chordata,Vertebrata,Teleostei,,Cyprinodontoidei,,,Poeciliidae
Animalia,Chordata,Vertebrata,Teleostei,,Percoidei,,,Mullidae
Animalia,Chordata,Vertebrata,Teleostei,,Polymixiiformes,,,Polymixiidae
Animalia,Chordata,Vertebrata,Teleostei,,Syngnathoidei,,,Fistulariidae
Animalia,Chordata,Vertebrata,Teleostei,,Lophioidei,,,Lophiidae
Animalia,Chordata,Vertebrata,Teleostei,,Esociformes,,,Esocidae
Animalia,Chordata,Vertebrata,Teleostei,,Sternopygoidei,,,Rhamphichthyidae
Animalia,Chordata,Vertebrata,Teleostei,,Zoarcoidei,,,Pholidae
Animalia,Chordata,Vertebrata,Teleostei,,Percoidei,,,Percichthyidae
Animalia,Chordata,Vertebrata,Teleostei,,Trachinoidei,,,Pinguipedidae
Animalia,Chordata,Vertebrata,Teleostei,,Ogcocephalioidei,,,Caulophrynidae
Animalia,Chordata,Vertebrata,Teleostei,,Ogcocephalioidei,,,Ceratiidae
Animalia,Chordata,Vertebrata,Teleostei,,Lampriformes,,,Regalecidae
Animalia,Chordata,Vertebrata,Teleostei,,Zoarcoidei,,,Zoarcidae
Animalia,Chordata,Vertebrata,Teleostei,,Scombroidei,,,Scombrolabracidae
Animalia,Chordata,Vertebrata,Teleostei,,Ogcocephalioidei,,,Thaumatichthyidae
Animalia,Chordata,Vertebrata,Teleostei,,Percoidei,,,Aplodactylidae
Animalia,Chordata,Vertebrata,Teleostei,,Lampriformes,,,Stylephoridae
Animalia,Chordata,Vertebrata,Teleostei,,Belonoidei,,,Scomberesocoidea
Animalia,Chordata,Vertebrata,Teleostei,,Siluriformes,,,Plotosidae
Animalia,Chordata,Vertebrata,Teleostei,,Synodontoidei,,,Pseudotrichonotidae
Animalia,Chordata,Vertebrata,Teleostei,,Osmeroidei,,,Retropinnidae
Animalia,Chordata,Vertebrata,Teleostei,,Argentinoidei,,,Leptochilichthyidae
Animalia,Chordata,Vertebrata,Teleostei,,Osmeroidei,,,Galaxiidae
Animalia,Chordata,Vertebrata,Teleostei,,Scorpaenoidei,,,Caracanthidae
Animalia,Chordata,Vertebrata,Teleostei,,Scombroidei,,,Gempylidae
Animalia,Chordata,Vertebrata,Teleostei,,Synodontoidei,,,Paraulopidae
Animalia,Chordata,Vertebrata,Teleostei,,Gobioidei,,,Odontobutidae
Animalia,Chordata,Vertebrata,Teleostei,,Mastacembeloidei,,,Mastacembelidae
Animalia,Chordata,Vertebrata,Teleostei,,Tetraodontoidei,,,Diodontidae
Animalia,Chordata,Vertebrata,Teleostei,,Notothenioidei,,,Harpagiferidae
Animalia,Chordata,Vertebrata,Teleostei,,Platycephaloidei,,,Platycephalidae
Animalia,Chordata,Vertebrata,Teleostei,,Stephanoberyciformes,,,Hispidoberycidae
Animalia,Chordata,Vertebrata,Teleostei,,Zoarcoidei,,,Anarhichadidae
Animalia,Chordata,Vertebrata,Teleostei,,Caproidei,,,Caproidae
Animalia,Chordata,Vertebrata,Teleostei,,Stephanoberyciformes,,,Rondeletiidae
Animalia,Chordata,Vertebrata,Teleostei,,Blennioidei,,,Labrisomidae
Animalia,Chordata,Vertebrata,Teleostei,,Percoidei,,,Terapontidae
Animalia,Chordata,Vertebrata,Teleostei,,Cyprinodontoidei,,,Valenciidae
Animalia,Chordata,Vertebrata,Teleostei,,Gobioidei,,,Rhyacichthyidae
Animalia,Chordata,Vertebrata,Teleostei,,Percoidei,,,Dinopercidae
Animalia,Chordata,Vertebrata,Teleostei,,Syngnathoidei,,,Solenostomidae
Animalia,Chordata,Vertebrata,Teleostei,,Notothenioidei,,,Nototheniidae
Animalia,Chordata,Vertebrata,Teleostei,,Percoidei,,,Pomatomidae
Animalia,Chordata,Vertebrata,Teleostei,,Salmoniformes,,,Salmonidae
Animalia,Chordata,Vertebrata,Teleostei,,Percoidei,,,Inermiidae
Animalia,Chordata,Vertebrata,Teleostei,,Cottoidei,,,Rhamphocottidae
Animalia,Chordata,Vertebrata,Teleostei,,Pleuronectoidei,,,Cynoglossidae
Animalia,Chordata,Vertebrata,Teleostei,,Stephanoberyciformes,,,Cetomimidae
Animalia,Chordata,Vertebrata,Teleostei,,Percoidei,,,Ostracoberycidae
Animalia,Chordata,Vertebrata,Teleostei,,Cottoidei,,,Agonidae
Animalia,Chordata,Vertebrata,Teleostei,,Percoidei,,,Nandidae
Animalia,Chordata,Vertebrata,Teleostei,,Percoidei,,,Carangidae
Animalia,Chordata,Vertebrata,Teleostei,,Chlorophthalmoidei,,,Notosudidae
Animalia,Chordata,Vertebrata,Teleostei,,Percoidei,,,Lutjanidae
Animalia,Chordata,Vertebrata,Teleostei,,Blennioidei,,,Chaenopsidae
Animalia,Chordata,Vertebrata,Teleostei,,Siluriformes,,,Astroblepidae
Animalia,Chordata,Vertebrata,Teleostei,,Percoidei,,,Pentacerotidae
Animalia,Chordata,Vertebrata,Teleostei,,Siluriformes,,,Doradidae
Animalia,Chordata,Vertebrata,Teleostei,,Labroidei,,,Cichlidae
Animalia,Chordata,Vertebrata,Teleostei,,Lampriformes,,,Lophotidae
Animalia,Chordata,Vertebrata,Teleostei,,Anguilloidei,,,Heterenchelyidae
Animalia,Chordata,Vertebrata,Teleostei,,Siluriformes,,,Pseudopimelodidae
Animalia,Chordata,Vertebrata,Teleostei,,Esociformes,,,Umbridae
Animalia,Chordata,Vertebrata,Teleostei,,Percoidei,,,Lethrinidae
Animalia,Chordata,Vertebrata,Teleostei,,Percoidei,,,Pseudochromidae
Animalia,Chordata,Vertebrata,Teleostei,,Atherinoidei,,,Atherionidae
Animalia,Chordata,Vertebrata,Teleostei,,Synodontoidei,,,Aulopidae
Animalia,Chordata,Vertebrata,Teleostei,,Platycephaloidei,,,Bembridae
Animalia,Chordata,Vertebrata,Teleostei,,Trachichthyoidei,,,Anoplogastridae
Animalia,Chordata,Vertebrata,Teleostei,,Normanichthyoidei,,,Normanichthyidae
Animalia,Chordata,Vertebrata,Teleostei,,Acanthuroidei,,,Luvaridae
Animalia,Chordata,Vertebrata,Teleostei,,Xiphioidei,,,Xiphiidae
Animalia,Chordata,Vertebrata,Teleostei,,Anguilloidei,,,Anguillidae
Animalia,Chordata,Vertebrata,Teleostei,,Cyprinodontoidei,,,Profundulidae
Animalia,Chordata,Vertebrata,Teleostei,,Siluriformes,,,Cranoglanididae
Animalia,Chordata,Vertebrata,Teleostei,,Percoidei,,,Scombropidae
Animalia,Chordata,Vertebrata,Teleostei,,Cypriniformes,,,Balitoridae
Animalia,Chordata,Vertebrata,Teleostei,,Gasterosteoidei,,,Gasterosteidae
Animalia,Chordata,Vertebrata,Teleostei,,Percoidei,,,Sparidae
Animalia,Chordata,Vertebrata,Teleostei,,Cypriniformes,,,Psilorhynchidae
Animalia,Chordata,Vertebrata,Teleostei,,Siluriformes,,,Aspredinidae
Animalia,Chordata,Vertebrata,Teleostei,,Percoidei,,,Kuhliidae
Animalia,Chordata,Vertebrata,Teleostei,,Holocentroidei,,,Holocentridae
Animalia,Chordata,Vertebrata,Teleostei,,Scorpaenoidei,,,Pataecidae
Animalia,Chordata,Vertebrata,Teleostei,,Characiformes,,,Alestiidae
Animalia,Chordata,Vertebrata,Teleostei,,Platycephaloidei,,,Hoplichthyidae
Animalia,Chordata,Vertebrata,Teleostei,,Cottoidei,,,Ereuniidae
Animalia,Chordata,Vertebrata,Teleostei,,Osmeroidei,,,Lepidogalaxiidae
Animalia,Chordata,Vertebrata,Teleostei,,Ogcocephalioidei,,,Ceratioidea
Animalia,Chordata,Vertebrata,Teleostei,,Siluriformes,,,Lacantuniidae
Animalia,Chordata,Vertebrata,Teleostei,,Clupeoidei,,,Clupeidae
Animalia,Chordata,Vertebrata,Teleostei,,Cyprinodontoidei,,,Goodeidae
Animalia,Chordata,Vertebrata,Teleostei,,Atherinoidei,,,Notocheiridae
Animalia,Chordata,Vertebrata,Teleostei,,Percoidei,,,Priacanthidae
Animalia,Chordata,Vertebrata,Teleostei,,Channoidei,,,Aenigmachannidae
Animalia,Chordata,Vertebrata,Teleostei,,Percoidei,,,Cepolidae
Animalia,Chordata,Vertebrata,Teleostei,,Siluriformes,,,Olyridae
Animalia,Chordata,Vertebrata,Teleostei,,Osmeroidei,,,Osmeridae
Animalia,Chordata,Vertebrata,Teleostei,,Belonoidei,,,Hemiramphidae
Animalia,Chordata,Vertebrata,Teleostei,,Zoarcoidei,,,Cryptacanthodidae
Animalia,Chordata,Vertebrata,Teleostei,,Siluriformes,,,Diplomystidae
Animalia,Chordata,Vertebrata,Teleostei,,Percoidei,,,Monodactylidae
Animalia,Chordata,Vertebrata,Teleostei,,Ogcocephalioidei,,,Oneirodidae
Animalia,Chordata,Vertebrata,Teleostei,,Ogcocephalioidei,,,Melanocetidae
Animalia,Chordata,Vertebrata,Teleostei,,Gonostomatoidei,,,Gonostomatidae
Animalia,Chordata,Vertebrata,Teleostei,,Siluriformes,,,Cetopsidae
Animalia,Chordata,Vertebrata,Teleostei,,Gobioidei,,,Eleotridae
Animalia,Chordata,Vertebrata,Teleostei,,Stephanoberyciformes,,,Barbourisiidae
Animalia,Chordata,Vertebrata,Teleostei,,Antennarioidei,,,Brachionichthyidae
Animalia,Chordata,Vertebrata,Teleostei,,Stromateoidei,,,Tetragonuridae
Animalia,Chordata,Vertebrata,Teleostei,,Gobiesocoidei,,,Gobiesocidae
Animalia,Chordata,Vertebrata,Teleostei,,Lampriformes,,,Trachipteridae
Animalia,Chordata,Vertebrata,Teleostei,,Characiformes,,,Gasteropelecidae
Animalia,Chordata,Vertebrata,Teleostei,,Zeioidei,,,Zeidae
Animalia,Chordata,Vertebrata,Teleostei,,Psettodoidei,,,Psettodidae
Animalia,Chordata,Vertebrata,Teleostei,,Ogcocephalioidei,,,Gigantactinidae
Animalia,Chordata,Vertebrata,Teleostei,,Siluriformes,,,Mochokidae
Animalia,Chordata,Vertebrata,Teleostei,,Siluriformes,,,Parakysidae
Animalia,Chordata,Urochordata,Ascidiacea,,Aplousobranchia,,,Clavelinidae
Animalia,Chordata,Urochordata,Ascidiacea,,Phlebobranchia,,,Agnesiidae
Animalia,Chordata,Urochordata,Ascidiacea,,Stolidobranchia,,,Molgulidae
Animalia,Chordata,Urochordata,Ascidiacea,,Phlebobranchia,,,Hypobythiidae
Animalia,Chordata,Urochordata,Ascidiacea,,Phlebobranchia,,,Cionidae
Animalia,Chordata,Urochordata,Ascidiacea,,Phlebobranchia,,,Corellidae
Animalia,Chordata,Urochordata,Ascidiacea,,Phlebobranchia,,,Diazonidae
Animalia,Chordata,Urochordata,Ascidiacea,,Aplousobranchia,,,Polycitoridae
Animalia,Chordata,,Ascidiacea,,,,,
Animalia,Chordata,Urochordata,Ascidiacea,,Phlebobranchia,,,Ascidiidae
Animalia,Chordata,Urochordata,Ascidiacea,,Aplousobranchia,,,Didemnidae
Animalia,Chordata,Urochordata,Ascidiacea,,Stolidobranchia,,,Styelidae
Animalia,Chordata,Urochordata,Ascidiacea,,Aplousobranchia,,,Polyclinidae
Animalia,Chordata,Urochordata,Ascidiacea,,Phlebobranchia,,,Perophoridae
Animalia,Chordata,Urochordata,Ascidiacea,,Stolidobranchia,,,Pyuridae
Animalia,Chordata,Vertebrata,Dipnoi,,Ceratodontiformes,,,Ceratodontidae
Animalia,Chordata,Vertebrata,Dipnoi,,Lepidosireniformes,,,Protopteridae
Animalia,Chordata,Vertebrata,Dipnoi,,Lepidosireniformes,,,Lepidosirenidae
Animalia,Chordata,,Dipnoi,,,,,
Animalia,Chordata,Vertebrata,Dipnoi,,Ceratodontiformes,,,Neoceratodontidae
Animalia,Chordata,,,,,,,
Animalia,Chordata,Vertebrata,Eutheria,,Cingulata,,,Chlamyphoridae
Animalia,Chordata,Vertebrata,Eutheria,,Simiiformes,,,Cercopithecoidea
Animalia,Chordata,Vertebrata,Eutheria,,Artiodactyla,,,Tayassuidae
Animalia,Chordata,Vertebrata,Eutheria,,Caniformia,,,Canidae
Animalia,Chordata,Vertebrata,Eutheria,,Eulipotyphla,,,Nesophontidae
Animalia,Chordata,Vertebrata,Eutheria,,Mysticeti,,,Balaenidae
Animalia,Chordata,Vertebrata,Eutheria,,Sirenia,,,Trichechidae
Animalia,Chordata,Vertebrata,Eutheria,,Castorimorpha,,,Castoridae
Animalia,Chordata,Vertebrata,Eutheria,,Hystricognathi,,,Dinomyidae
Animalia,Chordata,Vertebrata,Eutheria,,Yangochiroptera,,,Miniopteridae
Animalia,Chordata,Vertebrata,Eutheria,,Mysticeti,,,Eschrichtiidae
Animalia,Chordata,Vertebrata,Eutheria,,Hystricognathi,,,Dasyproctidae
Animalia,Chordata,Vertebrata,Eutheria,,Eulipotyphla,,,Solenodontidae
Animalia,Chordata,Vertebrata,Eutheria,,Hystricognathi,,,Bathyergidae
Animalia,Chordata,Vertebrata,Eutheria,,Eulipotyphla,,,Erinaceidae
Animalia,Chordata,Vertebrata,Eutheria,,Yangochiroptera,,,Molossidae
Animalia,Chordata,Vertebrata,Eutheria,,Caniformia,,,Ailuridae
Animalia,Chordata,Vertebrata,Eutheria,,Lagomorpha,,,Ochotonidae
Animalia,Chordata,Vertebrata,Eutheria,,Simiiformes,,,Pitheciidae
Animalia,Chordata,Vertebrata,Eutheria,,Folivora,,,Megalonychidae
Animalia,Chordata,Vertebrata,Eutheria,,Artiodactyla,,,Giraffidae
Animalia,Chordata,Vertebrata,Eutheria,,Hystricognathi,,,Thryonomyidae
Animalia,Chordata,Vertebrata,Eutheria,,Yangochiroptera,,,Cistugidae
Animalia,Chordata,Vertebrata,Eutheria,,Yangochiroptera,,,Thyropteridae
Animalia,Chordata,Vertebrata,Eutheria,,Hyracoidea,,,Procaviidae
Animalia,Chordata,Vertebrata,Eutheria,,Artiodactyla,,,Hippopotamidae
Animalia,Chordata,Vertebrata,Eutheria,,Hystricognathi,,,Heptaxodontidae
Animalia,Chordata,Vertebrata,Eutheria,,Hystricognathi,,,Chinchillidae
Animalia,Chordata,Vertebrata,Eutheria,,Yinpterochiroptera,,,Rhinolophidae
Animalia,Chordata,Vertebrata,Eutheria,,Hystricognathi,,,Octodontidae
Animalia,Chordata,Vertebrata,Eutheria,,Eulipotyphla,,,Soricidae
Animalia,Chordata,Vertebrata,Eutheria,,Simiiformes,,,Hylobatidae
Animalia,Chordata,Vertebrata,Eutheria,,Yangochiroptera,,,Furipteridae
Animalia,Chordata,Vertebrata,Eutheria,,Hystricognathi,,,Heterocephalidae
Animalia,Chordata,Vertebrata,Eutheria,,Yangochiroptera,,,Noctilionidae
Animalia,Chordata,Vertebrata,Eutheria,,Lemuriformes,,,Lemuroidea
Animalia,Chordata,Vertebrata,Eutheria,,Caniformia,,,Phocidae
Animalia,Chordata,Vertebrata,Eutheria,,Yangochiroptera,,,Phyllostomidae
Animalia,Chordata,Vertebrata,Eutheria,,Myomorpha,,,Dipodidae
Animalia,Chordata,Vertebrata,Eutheria,,Simiiformes,,,Hominidae
Animalia,Chordata,Vertebrata,Eutheria,,Lemuriformes,,,Cheirogaleidae
Animalia,Chordata,Vertebrata,Eutheria,,Yangochiroptera,,,Emballonuroidea
Animalia,Chordata,Vertebrata,Eutheria,,Scandentia,,,Tupaiidae
Animalia,Chordata,Vertebrata,Eutheria,,Dermoptera,,,Cynocephalidae
Animalia,Chordata,Vertebrata,Eutheria,,Yinpterochiroptera,,,Rhinolophoidea
Animalia,Chordata,Vertebrata,Eutheria,,Ctenodactylomorphi,,,Diatomyidae
Animalia,Chordata,Vertebrata,Eutheria,,Caniformia,,,Procyonidae
Animalia,Chordata,Vertebrata,Eutheria,,Artiodactyla,,,Moschidae
Animalia,Chordata,Vertebrata,Eutheria,,Simiiformes,,,Cercopithecidae
Animalia,Chordata,Vertebrata,Eutheria,,Tenrecomorpha,,,Potamogalidae
Animalia,Chordata,Vertebrata,Eutheria,,Yangochiroptera,,,Vespertilionoidea
Animalia,Chordata,Vertebrata,Eutheria,,Odontoceti,,,Lipotidae
Animalia,Chordata,Vertebrata,Eutheria,,Feliformia,,,Eupleridae
Animalia,Chordata,Vertebrata,Eutheria,,Odontoceti,,,Kogiidae
Animalia,Chordata,Vertebrata,Eutheria,,Hystricognathi,,,Abrocomidae
Animalia,Chordata,Vertebrata,Eutheria,,Lemuriformes,,,Lepilemuridae
Animalia,Chordata,Vertebrata,Eutheria,,Hystricognathi,,,Caviidae
Animalia,Chordata,Vertebrata,Eutheria,,Sciuromorpha,,,Gliridae
Animalia,Chordata,Vertebrata,Eutheria,,Artiodactyla,,,Tragulidae
Animalia,Chordata,Vertebrata,Eutheria,,Myomorpha,,,Platacanthomyidae
Animalia,Chordata,Vertebrata,Eutheria,,Hystricognathi,,,Erethizontidae
Animalia,Chordata,Vertebrata,Eutheria,,Myomorpha,,,Muridae
Animalia,Chordata,Vertebrata,Eutheria,,Hystricognathi,,,Hystricidae
Animalia,Chordata,Vertebrata,Eutheria,,Eulipotyphla,,,Talpidae
Animalia,Chordata,Vertebrata,Eutheria,,Proboscidea,,,Elephantidae
Animalia,Chordata,Vertebrata,Eutheria,,Macroscelidea,,,Macroscelididae
Animalia,Chordata,Vertebrata,Eutheria,,Vermilingua,,,Cyclopedidae
Animalia,Chordata,Vertebrata,Eutheria,,Feliformia,,,Viverridae
Animalia,Chordata,Vertebrata,Eutheria,,Caniformia,,,Mustelidae
Animalia,Chordata,Vertebrata,Eutheria,,Ctenodactylomorphi,,,Ctenodactylidae
Animalia,Chordata,Vertebrata,Eutheria,,Folivora,,,Bradypodidae
Animalia,Chordata,Vertebrata,Eutheria,,Simiiformes,,,Callitrichidae
Animalia,Chordata,Vertebrata,Eutheria,,Feliformia,,,Prionodontidae
Animalia,Chordata,Vertebrata,Eutheria,,Yangochiroptera,,,Mystacinidae
Animalia,Chordata,Vertebrata,Eutheria,,Simiiformes,,,Cebidae
Animalia,Chordata,Vertebrata,Eutheria,,Lemuriformes,,,Cheirogaleoidea
Animalia,Chordata,Vertebrata,Eutheria,,Yangochiroptera,,,Emballonuridae
Animalia,Chordata,Vertebrata,Eutheria,,Caniformia,,,Otariidae
Animalia,Chordata,Vertebrata,Eutheria,,Mysticeti,,,Balaenopteridae
Animalia,Chordata,Vertebrata,Eutheria,,Myomorpha,,,Cricetidae
Animalia,Chordata,Vertebrata,Eutheria,,Sciuromorpha,,,Aplodontiidae
Animalia,Chordata,Vertebrata,Eutheria,,Myomorpha,,,Dipodoidea
Animalia,Chordata,Vertebrata,Eutheria,,Yangochiroptera,,,Myzopodidae
Animalia,Chordata,Vertebrata,Eutheria,,Hystricognathi,,,Echimyidae
Animalia,Chordata,Vertebrata,Eutheria,,Sirenia,,,Dugongidae
Animalia,Chordata,Vertebrata,Eutheria,,Yangochiroptera,,,Natalidae
Animalia,Chordata,Vertebrata,Eutheria,,Odontoceti,,,Physeteridae
Animalia,Chordata,Vertebrata,Eutheria,,Castorimorpha,,,Heteromyidae
Animalia,Chordata,Vertebrata,Eutheria,,Artiodactyla,,,Antilocapridae
Animalia,Chordata,Vertebrata,Eutheria,,Odontoceti,,,Pontoporiidae
Animalia,Chordata,Vertebrata,Eutheria,,Artiodactyla,,,Bovidae
Animalia,Chordata,Vertebrata,Eutheria,,Yinpterochiroptera,,,Rhinopomatidae
Animalia,Chordata,Vertebrata,Eutheria,,Lemuriformes,,,Indriidae
Animalia,Chordata,Vertebrata,Eutheria,,Castorimorpha,,,Geomyidae
Animalia,Chordata,Vertebrata,Eutheria,,Chrysochloridea,,,Chrysochloridae
Animalia,Chordata,Vertebrata,Eutheria,,Sciuromorpha,,,Sciuridae
Animalia,Chordata,Vertebrata,Eutheria,,Yangochiroptera,,,Noctilionoidea
Animalia,Chordata,,Eutheria,,,,,
Animalia,Chordata,Vertebrata,Eutheria,,Odontoceti,,,Monodontidae
Animalia,Chordata,Vertebrata,Eutheria,,Scandentia,,,Ptilocercidae
Animalia,Chordata,Vertebrata,Eutheria,,Yinpterochiroptera,,,Rhinonycteridae
Animalia,Chordata,Vertebrata,Eutheria,,Feliformia,,,Herpestidae
Animalia,Chordata,Vertebrata,Eutheria,,Anomaluromorpha,,,Pedetidae
Animalia,Chordata,Vertebrata,Eutheria,,Mysticeti,,,Neobalaenidae
Animalia,Chordata,Vertebrata,Eutheria,,Pholidota,,,Manidae
Animalia,Chordata,Vertebrata,Eutheria,,Lagomorpha,,,Leporidae
Animalia,Chordata,Vertebrata,Eutheria,,Odontoceti,,,Delphinidae
Animalia,Chordata,Vertebrata,Eutheria,,Artiodactyla,,,Cervidae
Animalia,Chordata,Vertebrata,Eutheria,,Artiodactyla,,,Camelidae
Animalia,Chordata,Vertebrata,Eutheria,,Feliformia,,,Felidae
Animalia,Chordata,Vertebrata,Eutheria,,Perissodactyla,,,Rhinocerotidae
Animalia,Chordata,Vertebrata,Eutheria,,Yangochiroptera,,,Mormoopidae
Animalia,Chordata,Vertebrata,Eutheria,,Lagomorpha,,,Prolagidae
Animalia,Chordata,Vertebrata,Eutheria,,Hystricognathi,,,Petromuridae
Animalia,Chordata,Vertebrata,Eutheria,,Caniformia,,,Ursidae
Animalia,Chordata,Vertebrata,Eutheria,,Lemuriformes,,,Lemuridae
Animalia,Chordata,Vertebrata,Eutheria,,Odontoceti,,,Platanistidae
Animalia,Chordata,Vertebrata,Eutheria,,Myomorpha,,,Nesomyidae
Animalia,Chordata,Vertebrata,Eutheria,,Caniformia,,,Odobenidae
Animalia,Chordata,Vertebrata,Eutheria,,Hystricognathi,,,Ctenomyidae
Animalia,Chordata,Vertebrata,Eutheria,,Yinpterochiroptera,,,Craseonycteridae
Animalia,Chordata,Vertebrata,Eutheria,,Vermilingua,,,Myrmecophagidae
Animalia,Chordata,Vertebrata,Eutheria,,Yangochiroptera,,,Nycteridae
Animalia,Chordata,Vertebrata,Eutheria,,Tenrecomorpha,,,Tenrecidae
Animalia,Chordata,Vertebrata,Eutheria,,Odontoceti,,,Hyperoodontidae
Animalia,Chordata,Vertebrata,Eutheria,,Perissodactyla,,,Tapiridae
Animalia,Chordata,Vertebrata,Eutheria,,Yinpterochiroptera,,,Megadermatidae
Animalia,Chordata,Vertebrata,Eutheria,,Myomorpha,,,Muroidea
Animalia,Chordata,Vertebrata,Eutheria,,Yinpterochiroptera,,,Hipposideridae
Animalia,Chordata,Vertebrata,Eutheria,,Feliformia,,,Nandiniidae
Animalia,Chordata,Vertebrata,Eutheria,,Yangochiroptera,,,Vespertilionidae
Animalia,Chordata,Vertebrata,Eutheria,,Lorisiformes,,,Lorisidae
Animalia,Chordata,Vertebrata,Eutheria,,Cingulata,,,Dasypodidae
Animalia,Chordata,Vertebrata,Eutheria,,Anomaluromorpha,,,Anomaluridae
Animalia,Chordata,Vertebrata,Eutheria,,Tubulidentata,,,Orycteropodidae
Animalia,Chordata,Vertebrata,Eutheria,,Tarsiiformes,,,Tarsiidae
Animalia,Chordata,Vertebrata,Eutheria,,Yinpterochiroptera,,,Pteropodidae
Animalia,Chordata,Vertebrata,Eutheria,,Myomorpha,,,Spalacidae
Animalia,Chordata,Vertebrata,Eutheria,,Lorisiformes,,,Galagidae
Animalia,Chordata,Vertebrata,Eutheria,,Caniformia,,,Mephitidae
Animalia,Chordata,Vertebrata,Eutheria,,Artiodactyla,,,Suidae
Animalia,Chordata,Vertebrata,Eutheria,,Hystricognathi,,,Cuniculidae
Animalia,Chordata,Vertebrata,Eutheria,,Odontoceti,,,Iniidae
Animalia,Chordata,Vertebrata,Eutheria,,Simiiformes,,,Hominoidea
Animalia,Chordata,Vertebrata,Eutheria,,Myomorpha,,,Calomyscidae
Animalia,Chordata,Vertebrata,Eutheria,,Odontoceti,,,Phocoenidae
Animalia,Chordata,Vertebrata,Eutheria,,Perissodactyla,,,Equidae
Animalia,Chordata,Vertebrata,Eutheria,,Chiromyiformes,,,Daubentoniidae
Animalia,Chordata,Vertebrata,Eutheria,,Simiiformes,,,Aotidae
Animalia,Chordata,Vertebrata,Eutheria,,Feliformia,,,Hyaenidae
Animalia,Chordata,Vertebrata,Eutheria,,Simiiformes,,,Atelidae
Animalia,Chordata,Vertebrata,Reptilia,,Gekkota,,,Sphaerodactylidae
Animalia,Chordata,Vertebrata,Reptilia,,Squamata,,,Dibamidae
Animalia,Chordata,Vertebrata,Reptilia,,Cryptodira,,,Cheloniidae
Animalia,Chordata,Vertebrata,Reptilia,,Alethinophidia,,,Anomochilidae
Animalia,Chordata,Vertebrata,Reptilia,,Gekkota,,,Phyllodactylidae
Animalia,Chordata,Vertebrata,Reptilia,,Cryptodira,,,Emydidae
Animalia,Chordata,Vertebrata,Reptilia,,Scolecophidia,,,Xenotyphlopidae
Animalia,Chordata,Vertebrata,Reptilia,,Alethinophidia,,,Candoiidae
Animalia,Chordata,Vertebrata,Reptilia,,Alethinophidia,,,Boidae
Animalia,Chordata,Vertebrata,Reptilia,,Iguania,,,Dactyloidae
Animalia,Chordata,Vertebrata,Reptilia,,Amphisbaenia,,,Bipedidae
Animalia,Chordata,Vertebrata,Reptilia,,Iguania,,,Polychrotidae
Animalia,Chordata,Vertebrata,Reptilia,,Pleurodira,,,Podocnemididae
Animalia,Chordata,Vertebrata,Reptilia,,Amphisbaenia,,,Rhineuridae
Animalia,Chordata,Vertebrata,Reptilia,,Cryptodira,,,Carettochelyidae
Animalia,Chordata,Vertebrata,Reptilia,,Iguania,,,Opluridae
Animalia,Chordata,Vertebrata,Reptilia,,Amphisbaenia,,,Trogonophidae
Animalia,Chordata,Vertebrata,Reptilia,,Alethinophidia,,,Xenopeltidae
Animalia,Chordata,Vertebrata,Reptilia,,Alethinophidia,,,Charinidae
Animalia,Chordata,Vertebrata,Reptilia,,Alethinophidia,,,Tropidophiidae
Animalia,Chordata,Vertebrata,Reptilia,,Pleurodira,,,Pelomedusidae
Animalia,Chordata,Vertebrata,Reptilia,,Scolecophidia,,,Anomalepididae
Animalia,Chordata,Vertebrata,Reptilia,,Iguania,,,Crotaphytidae
Animalia,Chordata,Vertebrata,Reptilia,,Iguania,,,Agamidae
Animalia,Chordata,Vertebrata,Reptilia,,Alethinophidia,,,Loxocemidae
Animalia,Chordata,Vertebrata,Reptilia,,Iguania,,,Iguanidae
Animalia,Chordata,Vertebrata,Reptilia,,Alethinophidia,,,Uropeltidae
Animalia,Chordata,Vertebrata,Reptilia,,Iguania,,,Leiocephalidae
Animalia,Chordata,Vertebrata,Reptilia,,Gekkota,,,Eublepharidae
Animalia,Chordata,Vertebrata,Reptilia,,Iguania,,,Liolaemidae
Animalia,Chordata,Vertebrata,Reptilia,,Autarchoglossa,,,Lanthanotidae
Animalia,Chordata,Vertebrata,Reptilia,,Pleurodira,,,Cheloidea
Animalia,Chordata,Vertebrata,Reptilia,,Autarchoglossa,,,Scincidae
Animalia,Chordata,Vertebrata,Reptilia,,Cryptodira,,,Testudinoidea
Animalia,Chordata,Vertebrata,Reptilia,,Alethinophidia,,,Erycidae
Animalia,Chordata,Vertebrata,Reptilia,,Scolecophidia,,,Gerrhopilidae
Animalia,Chordata,Vertebrata,Reptilia,,Scolecophidia,,,Typhlopidae
Animalia,Chordata,Vertebrata,Reptilia,,Alethinophidia,,,Cylindrophiidae
Animalia,Chordata,Vertebrata,Reptilia,,Iguania,,,Phrynosomatidae
Animalia,Chordata,Vertebrata,Reptilia,,Autarchoglossa,,,Cordylidae
Animalia,Chordata,Vertebrata,Reptilia,,Alethinophidia,,,Aniliidae
Animalia,Chordata,Vertebrata,Reptilia,,Alethinophidia,,,Viperidae
Animalia,Chordata,Vertebrata,Reptilia,,Iguania,,,Hoplocercidae
Animalia,Chordata,Vertebrata,Reptilia,,Cryptodira,,,Kinosternidae
Animalia,Chordata,Vertebrata,Reptilia,,Autarchoglossa,,,Anguidae
Animalia,Chordata,Vertebrata,Reptilia,,Gekkota,,,Diplodactylidae
Animalia,Chordata,Vertebrata,Reptilia,,Alethinophidia,,,Homalopsidae
Animalia,Chordata,Vertebrata,Reptilia,,Alethinophidia,,,Colubridae
Animalia,Chordata,Vertebrata,Reptilia,,Crocodilia,,,Crocodylidae
Animalia,Chordata,Vertebrata,Reptilia,,Autarchoglossa,,,Gymnophthalmidae
Animalia,Chordata,Vertebrata,Reptilia,,Alethinophidia,,,Calabariidae
Animalia,Chordata,Vertebrata,Reptilia,,Autarchoglossa,,,Xenosauridae
Animalia,Chordata,Vertebrata,Reptilia,,Gekkota,,,Pygopodidae
Animalia,Chordata,Vertebrata,Reptilia,,Rhynchocephalia,,,Sphenodontidae
Animalia,Chordata,Vertebrata,Reptilia,,Alethinophidia,,,Xenodermidae
Animalia,Chordata,Vertebrata,Reptilia,,Cryptodira,,,Trionychoidea
Animalia,Chordata,Vertebrata,Reptilia,,Autarchoglossa,,,Varanidae
Animalia,Chordata,Vertebrata,Reptilia,,Alethinophidia,,,Acrochordidae
Animalia,Chordata,Vertebrata,Reptilia,,Alethinophidia,,,Pythonidae
Animalia,Chordata,,Reptilia,,,,,
Animalia,Chordata,Vertebrata,Reptilia,,Cryptodira,,,Chelydridae
Animalia,Chordata,Vertebrata,Reptilia,,Gekkota,,,Gekkonidae
Animalia,Chordata,Vertebrata,Reptilia,,Iguania,,,Chamaeleonidae
Animalia,Chordata,Vertebrata,Reptilia,,Scolecophidia,,,Leptotyphlopidae
Animalia,Chordata,Vertebrata,Reptilia,,Cryptodira,,,Dermatemydidae
Animalia,Chordata,Vertebrata,Reptilia,,Cryptodira,,,Dermochelyidae
Animalia,Chordata,Vertebrata,Reptilia,,Alethinophidia,,,Pareidae
Animalia,Chordata,Vertebrata,Reptilia,,Crocodilia,,,Gavialidae
Animalia,Chordata,Vertebrata,Reptilia,,Crocodilia,,,Alligatoridae
Animalia,Chordata,Vertebrata,Reptilia,,Alethinophidia,,,Bolyeriidae
Animalia,Chordata,Vertebrata,Reptilia,,Autarchoglossa,,,Shinisauridae
Animalia,Chordata,Vertebrata,Reptilia,,Autarchoglossa,,,Xantusiidae
Animalia,Chordata,Vertebrata,Reptilia,,Amphisbaenia,,,Cadeidae
Animalia,Chordata,Vertebrata,Reptilia,,Autarchoglossa,,,Teiidae
Animalia,Chordata,Vertebrata,Reptilia,,Pleurodira,,,Chelidae
Animalia,Chordata,Vertebrata,Reptilia,,Cryptodira,,,Platysternidae
Animalia,Chordata,Vertebrata,Reptilia,,Alethinophidia,,,Sanziniidae
Animalia,Chordata,Vertebrata,Reptilia,,Cryptodira,,,Chelydroidea
Animalia,Chordata,Vertebrata,Reptilia,,Iguania,,,Leiosauridae
Animalia,Chordata,Vertebrata,Reptilia,,Iguania,,,Corytophanidae
Animalia,Chordata,Vertebrata,Reptilia,,Alethinophidia,,,Lamprophiidae
Animalia,Chordata,Vertebrata,Reptilia,,Pleurodira,,,Pelomedusoidea
Animalia,Chordata,Vertebrata,Reptilia,,Cryptodira,,,Trionychidae
Animalia,Chordata,Vertebrata,Reptilia,,Iguania,,,Tropiduridae
Animalia,Chordata,Vertebrata,Reptilia,,Cryptodira,,,Testudinidae
Animalia,Chordata,Vertebrata,Reptilia,,Autarchoglossa,,,Gerrhosauridae
Animalia,Chordata,Vertebrata,Reptilia,,Gekkota,,,Carphodactylidae
Animalia,Chordata,Vertebrata,Reptilia,,Amphisbaenia,,,Blanidae
Animalia,Chordata,Vertebrata,Reptilia,,Autarchoglossa,,,Alopoglossidae
Animalia,Chordata,Vertebrata,Reptilia,,Autarchoglossa,,,Lacertidae
Animalia,Chordata,Vertebrata,Reptilia,,Autarchoglossa,,,Helodermatidae
Animalia,Chordata,Vertebrata,Reptilia,,Autarchoglossa,,,Diploglossidae
Animalia,Chordata,Vertebrata,Reptilia,,Alethinophidia,,,Elapidae
Animalia,Chordata,Vertebrata,Reptilia,,Cryptodira,,,Chelonioidea
Animalia,Chordata,Vertebrata,Reptilia,,Alethinophidia,,,Xenophidiidae
Animalia,Chordata,Vertebrata,Reptilia,,Amphisbaenia,,,Amphisbaenidae
Animalia,Chordata,Vertebrata,Reptilia,,Cryptodira,,,Geoemydidae
Animalia,Chordata,Vertebrata,Holostei,,Amiiformes,,,Amiidae
Animalia,Chordata,,Holostei,,,,,
Animalia,Chordata,Vertebrata,Holostei,,Lepisosteiformes,,,Lepisosteidae
Animalia,Chordata,Vertebrata,Coelacanthi,,Coelacanthiformes,,,Coelacanthidae
Animalia,Chordata,,Coelacanthi,,,,,
Animalia,Chordata,Vertebrata,Coelacanthi,,Coelacanthiformes,,,Latimeriidae
Animalia,Chordata,Vertebrata,Amphibia,,Anura,,,Rhinodermatidae
Animalia,Chordata,Vertebrata,Amphibia,,Anura,,,Rhinophrynidae
Animalia,Chordata,Vertebrata,Amphibia,,Caudata,,,Sirenidae
Animalia,Chordata,Vertebrata,Amphibia,,Anura,,,Dendrobatidae
Animalia,Chordata,Vertebrata,Amphibia,,Anura,,,Brachycephalidae
Animalia,Chordata,Vertebrata,Amphibia,,Anura,,,Ceratophryidae
Animalia,Chordata,Vertebrata,Amphibia,,Caudata,,,Proteidae
Animalia,Chordata,Vertebrata,Amphibia,,Anura,,,Brevicipitidae
Animalia,Chordata,Vertebrata,Amphibia,,Anura,,,Sooglossidae
Animalia,Chordata,Vertebrata,Amphibia,,Gymnophiona,,,Rhinatrematidae
Animalia,Chordata,Vertebrata,Amphibia,,Anura,,,Pipidae
Animalia,Chordata,Vertebrata,Amphibia,,Anura,,,Eleutherodactylidae
Animalia,Chordata,Vertebrata,Amphibia,,Gymnophiona,,,Grandisoniidae
Animalia,Chordata,Vertebrata,Amphibia,,Anura,,,Myobatrachoidea
Animalia,Chordata,Vertebrata,Amphibia,,Anura,,,Mantellidae
Animalia,Chordata,Vertebrata,Amphibia,,Anura,,,Pelodytidae
Animalia,Chordata,Vertebrata,Amphibia,,Anura,,,Allophrynidae
Animalia,Chordata,Vertebrata,Amphibia,,Anura,,,Strabomantidae
Animalia,Chordata,Vertebrata,Amphibia,,Anura,,,Arthroleptidae
Animalia,Chordata,Vertebrata,Amphibia,,Caudata,,,Amphiumidae
Animalia,Chordata,Vertebrata,Amphibia,,Gymnophiona,,,Siphonopidae
Animalia,Chordata,Vertebrata,Amphibia,,Gymnophiona,,,Ichthyophiidae
Animalia,Chordata,Vertebrata,Amphibia,,Anura,,,Dicroglossidae
Animalia,Chordata,Vertebrata,Amphibia,,Anura,,,Centrolenidae
Animalia,Chordata,Vertebrata,Amphibia,,Anura,,,Rhacophoridae
Animalia,Chordata,Vertebrata,Amphibia,,Anura,,,Ranidae
Animalia,Chordata,Vertebrata,Amphibia,,Anura,,,Limnodynastidae
Animalia,Chordata,Vertebrata,Amphibia,,Anura,,,Petropedetidae
Animalia,Chordata,Vertebrata,Amphibia,,Anura,,,Leiopelmatidae
Animalia,Chordata,Vertebrata,Amphibia,,Anura,,,Batrachylidae
Animalia,Chordata,Vertebrata,Amphibia,,Anura,,,Ptychadenidae
Animalia,Chordata,Vertebrata,Amphibia,,Anura,,,Telmatobiidae
Animalia,Chordata,Vertebrata,Amphibia,,Anura,,,Odontophrynidae
Animalia,Chordata,Vertebrata,Amphibia,,Caudata,,,Hynobiidae
Animalia,Chordata,Vertebrata,Amphibia,,Caudata,,,Cryptobranchidae
Animalia,Chordata,Vertebrata,Amphibia,,Anura,,,Cycloramphidae
Animalia,Chordata,Vertebrata,Amphibia,,Caudata,,,Ambystomatidae
Animalia,Chordata,Vertebrata,Amphibia,,Anura,,,Dendrobatoidea
Animalia,Chordata,Vertebrata,Amphibia,,Anura,,,Brachycephaloidea
Animalia,Chordata,Vertebrata,Amphibia,,Anura,,,Hylodidae
Animalia,Chordata,Vertebrata,Amphibia,,Anura,,,Alytidae
Animalia,Chordata,Vertebrata,Amphibia,,Anura,,,Ascaphidae
Animalia,Chordata,Vertebrata,Amphibia,,Anura,,,Heleophrynidae
Animalia,Chordata,Vertebrata,Amphibia,,Anura,,,Ceuthomantidae
Animalia,Chordata,Vertebrata,Amphibia,,Anura,,,Leptodactylidae
Animalia,Chordata,Vertebrata,Amphibia,,Gymnophiona,,,Caeciliidae
Animalia,Chordata,Vertebrata,Amphibia,,Anura,,,Bombinatoridae
Animalia,Chordata,Vertebrata,Amphibia,,Anura,,,Hemisotidae
Animalia,Chordata,Vertebrata,Amphibia,,Anura,,,Pyxicephalidae
Animalia,Chordata,Vertebrata,Amphibia,,Anura,,,Ericabatrachidae
Animalia,Chordata,Vertebrata,Amphibia,,Caudata,,,Rhyacotritonidae
Animalia,Chordata,Vertebrata,Amphibia,,Gymnophiona,,,Dermophiidae
Animalia,Chordata,Vertebrata,Amphibia,,Anura,,,Ranixalidae
Animalia,Chordata,Vertebrata,Amphibia,,Anura,,,Scaphiopodidae
Animalia,Chordata,Vertebrata,Amphibia,,Caudata,,,Plethodontidae
Animalia,Chordata,Vertebrata,Amphibia,,Gymnophiona,,,Chikilidae
Animalia,Chordata,Vertebrata,Amphibia,,Anura,,,Hylidae
Animalia,Chordata,,Amphibia,,,,,
Animalia,Chordata,Vertebrata,Amphibia,,Anura,,,Megophryidae
Animalia,Chordata,Vertebrata,Amphibia,,Anura,,,Myobatrachidae
Animalia,Chordata,Vertebrata,Amphibia,,Gymnophiona,,,Scolecomorphidae
Animalia,Chordata,Vertebrata,Amphibia,,Anura,,,Hyperoliidae
Animalia,Chordata,Vertebrata,Amphibia,,Anura,,,Phyllomedusidae
Animalia,Chordata,Vertebrata,Amphibia,,Anura,,,Odontobatrachidae
Animalia,Chordata,Vertebrata,Amphibia,,Anura,,,Calyptocephalellidae
Animalia,Chordata,Vertebrata,Amphibia,,Anura,,,Pelodryadidae
Animalia,Chordata,Vertebrata,Amphibia,,Gymnophiona,,,Herpelidae
Animalia,Chordata,Vertebrata,Amphibia,,Anura,,,Microhylidae
Animalia,Chordata,Vertebrata,Amphibia,,Caudata,,,Salamandridae
Animalia,Chordata,Vertebrata,Amphibia,,Anura,,,Bufonidae
Animalia,Chordata,Vertebrata,Amphibia,,Anura,,,Pelobatidae
Animalia,Chordata,Vertebrata,Amphibia,,Anura,,,Phrynobatrachidae
Animalia,Chordata,Vertebrata,Amphibia,,Anura,,,Conrauidae
Animalia,Chordata,Vertebrata,Amphibia,,Anura,,,Aromobatidae
Animalia,Chordata,Vertebrata,Amphibia,,Gymnophiona,,,Typhlonectidae
Animalia,Chordata,Vertebrata,Amphibia,,Anura,,,Alsodidae
Animalia,Chordata,Vertebrata,Amphibia,,Anura,,,Neblinaphrynidae
Animalia,Chordata,Vertebrata,Amphibia,,Anura,,,Craugastoridae
Animalia,Chordata,Vertebrata,Amphibia,,Anura,,,Nasikabatrachidae
Animalia,Chordata,Vertebrata,Amphibia,,Anura,,,Caligophrynidae
Animalia,Chordata,Vertebrata,Amphibia,,Anura,,,Hemiphractidae
Animalia,Chordata,Vertebrata,Amphibia,,Anura,,,Ceratobatrachidae
Animalia,Chordata,Vertebrata,Amphibia,,Anura,,,Nyctibatrachidae
Animalia,Chordata,Vertebrata,Amphibia,,Anura,,,Micrixalidae
Animalia,Chordata,Vertebrata,Chondrostei,,Acipenseroidei,,,Polyodontidae
Animalia,Chordata,Vertebrata,Chondrostei,,Acipenseroidei,,,Acipenseridae
Animalia,Chordata,,Chondrostei,,,,,
Animalia,Chordata,Vertebrata,Cephalaspidomorphi,,Petromyzontiformes,,,Geotriidae
Animalia,Chordata,Vertebrata,Cephalaspidomorphi,,Petromyzontiformes,,,Petromyzontidae
Animalia,Chordata,Vertebrata,Cephalaspidomorphi,,Petromyzontiformes,,,Mordaciidae
Animalia,Chordata,,Cephalaspidomorphi,,,,,
Animalia,Nematoda,,Chromadorea,,Strongylida,,,Dictyocaulidae
Animalia,Nematoda,,Chromadorea,,Tylenchida,,,Pratylenchidae
Animalia,Nematoda,,Chromadorea,,Ascaridida,,,Atractidae
Animalia,Nematoda,,Chromadorea,,Rhabditida,,,Carabonematidae
Animalia,Nematoda,,Chromadorea,,Camallanida,,,Anguillicolidae
Animalia,Nematoda,,Chromadorea,,Ascaridida,,,Schneidernematidae
Animalia,Nematoda,,Chromadorea,,Rhabdiasida,,,Oxyuroidea
Animalia,Nematoda,,Chromadorea,,Spirurida,,,Homungellidae
Animalia,Nematoda,,Chromadorea,,Tylenchida,,,Criconematidae
Animalia,Nematoda,,Chromadorea,,Diplogasterida,,,Odontopharyngidae
Animalia,Nematoda,,Chromadorea,,Rhabditida,,,Alloionematidae
Animalia,Nematoda,,Chromadorea,,Rhabditida,,,Rhabdiasidae
Animalia,Nematoda,,Chromadorea,,Ascaridida,,,Rhigonematidae
Animalia,Nematoda,,Chromadorea,,Strongylida,,,Trichostrongylidae
Animalia,Nematoda,,Chromadorea,,Rhabditida,,,Angiostomatidae
Animalia,Nematoda,,Chromadorea,,Spirurida,,,Creagrocercidae
Animalia,Nematoda,,Chromadorea,,Strongylida,,,Uncinariidae
Animalia,Nematoda,,Chromadorea,,Rhabditida,,,Pterygorhabditidae
Animalia,Nematoda,,Chromadorea,,Strongylida,,,Strongylacanthidae
Animalia,Nematoda,,Chromadorea,,Tylenchida,,,Heteroderidae
Animalia,Nematoda,,Chromadorea,,Ascaridida,,,Oxyuridae
Animalia,Nematoda,,Chromadorea,,Rhabditida,,,Syrphonematidae
Animalia,Nematoda,,Chromadorea,,Rhabditida,,,Elaphonematidae
Animalia,Nematoda,,Chromadorea,,Rhabditida,,,Rhabditonematidae
Animalia,Nematoda,,Chromadorea,,Rhabditida,,,Bunonematidae
Animalia,Nematoda,,Chromadorea,,Aphelenchida,,,Myenchildae
Animalia,Nematoda,,Chromadorea,,Tylenchida,,,Neotylenchidae
Animalia,Nematoda,,Chromadorea,,Spirurida,,,Mesidionematidae
Animalia,Nematoda,,Chromadorea,,Rhabditida,,,Rhabditidae
Animalia,Nematoda,,Chromadorea,,Ascaridida,,,Anisakidae
Animalia,Nematoda,,Chromadorea,,Spirurida,,,Physalopteridae
Animalia,Nematoda,,Chromadorea,,Ascaridida,,,Acanthocheilidae
Animalia,Nematoda,,Chromadorea,,Rhabditida,,,Chambersiellidae
Animalia,Nematoda,,Chromadorea,,Ascaridida,,,Thelastomatidae
Animalia,Nematoda,,Chromadorea,,Tylenchida,,,Tylenchulidae
Animalia,Nematoda,,Chromadorea,,Ascaridida,,,Maupasinidae
Animalia,Nematoda,,Chromadorea,,Spirurida,,,Filariidae
Animalia,Nematoda,,Chromadorea,,Rhabditida,,,Agfidae
Animalia,Nematoda,,Chromadorea,,Aphelenchida,,,Paraphelenchidae
Animalia,Nematoda,,Chromadorea,,Spirurida,,,Drilonematidae
Animalia,Nematoda,,Chromadorea,,Aphelenchida,,,Aphelenchoididae
Animalia,Nematoda,,Chromadorea,,Strongylida,,,Amidostomatidae
Animalia,Nematoda,,Chromadorea,,Spirurida,,,Spiruridae
Animalia,Nematoda,,Chromadorea,,Ascaridida,,,Toxocaridae
Animalia,Nematoda,,Chromadorea,,Tylenchida,,,Anguinidae
Animalia,Nematoda,,Chromadorea,,Strongylida,,,Metastrongylidae
Animalia,Nematoda,,Chromadorea,,Tylenchida,,,Psilenchidae
Animalia,Nematoda,,Chromadorea,,Ascaridida,,,Ascaridiidae
Animalia,Nematoda,,Chromadorea,,Diplogasterida,,,Diplogasteroididae
Animalia,Nematoda,,Chromadorea,,Rhabditida,,,Pseudogasteroididae
Animalia,Nematoda,,Chromadorea,,Camallanida,,,Micropleudidae
Animalia,Nematoda,,Chromadorea,,Spirurida,,,Hedruridae
Animalia,Nematoda,,Chromadorea,,Spirurida,,,Filarioidea
Animalia,Nematoda,,Chromadorea,,Strongylida,,,Strongyidae
Animalia,Nematoda,,Chromadorea,,Ascaridida,,,Ascarididae
Animalia,Nematoda,,Chromadorea,,Spirurida,,,Thelaziidae
Animalia,Nematoda,,Chromadorea,,Spirurida,,,Tetrameridae
Animalia,Nematoda,,Chromadorea,,Tylenchida,,,Sphaerulariidae
Animalia,Nematoda,,Chromadorea,,Rhabditida,,,Cephalobidae
Animalia,Nematoda,,Chromadorea,,Ascaridida,,,Crossophoridae
Animalia,Nematoda,,Chromadorea,,Ascaridida,,,Goeziidae
Animalia,Nematoda,,Chromadorea,,Ascaridida,,,Cosmocercidae
Animalia,Nematoda,,Chromadorea,,Aphelenchida,,,Aphelenchidae
Animalia,Nematoda,,Chromadorea,,Spirurida,,,Acuariidae
Animalia,Nematoda,,Chromadorea,,Ascaridida,,,Kathlanidae
Animalia,Nematoda,,Chromadorea,,Camallanida,,,Dracunculidae
Animalia,Nematoda,,Chromadorea,,Ascaridida,,,Heterakidae
Animalia,Nematoda,,Chromadorea,,Rhabditida,,,Panagrolaimidae
Animalia,Nematoda,,Chromadorea,,Ascaridida,,,Seuratidae
Animalia,Nematoda,,Chromadorea,,Rhabditida,,,Heterohabditidae
Animalia,Nematoda,,Chromadorea,,Tylenchida,,,Allantonematidae
Animalia,Nematoda,,Chromadorea,,,,,
Animalia,Nematoda,,Chromadorea,,Rhabditida,,,Pangrolaimidae
Animalia,Nematoda,,Chromadorea,,Rhabditida,,,Robertiidae
Animalia,Nematoda,,Chromadorea,,Spirurida,,,Scolecophilidae
Animalia,Nematoda,,Chromadorea,,Spirurida,,,Setariidae
Animalia,Nematoda,,Chromadorea,,Tylenchida,,,Hoplolaimidae
Animalia,Nematoda,,Chromadorea,,Camallanida,,,Philometridae
Animalia,Nematoda,,Chromadorea,,Camallanida,,,Camallanidae
Animalia,Nematoda,,Chromadorea,,Tylenchida,,,Iotonchiidae
Animalia,Nematoda,,Chromadorea,,Diplogasterida,,,Cylindrocorporidae
Animalia,Nematoda,,Chromadorea,,Rhabditida,,,Brevibuccidae
Animalia,Nematoda,,Chromadorea,,Tylenchida,,,Fergusobiidae
Animalia,Nematoda,,Chromadorea,,Rhabditida,,,Strongyloididae
Animalia,Nematoda,,Chromadorea,,Strongylida,,,Heligosomatidae
Animalia,Nematoda,,Chromadorea,,Ascaridida,,,Heterocheilidae
Animalia,Nematoda,,Chromadorea,,Camallanida,,,Camallanoidea
Animalia,Nematoda,,Chromadorea,,Camallanida,,,Dracunculoidea
Animalia,Nematoda,,Chromadorea,,Strongylida,,,Diaphanocephalidae
Animalia,Nematoda,,Chromadorea,,Ascaridida,,,Soboliphymatidae
Animalia,Nematoda,,Chromadorea,,Strongylida,,,Syngamidae
Animalia,Nematoda,,Chromadorea,,Strongylida,,,Cloacinidae
Animalia,Nematoda,,Chromadorea,,Diplogasterida,,,Diplogasteridae
Animalia,Nematoda,,Chromadorea,,Rhabditida,,,Steinernematidae
Animalia,Nematoda,,Chromadorea,,Rhabditida,,,Odontorhabditidae
Animalia,Nematoda,,Chromadorea,,Rhabditida,,,Alirhabditidae
Animalia,Nematoda,,Chromadorea,,Strongylida,,,Globocephalidae
Animalia,Nematoda,,Chromadorea,,Spirurida,,,Aproctidae
Animalia,Nematoda,,Chromadorea,,Spirurida,,,Ungellidae
Animalia,Nematoda,,Chromadorea,,Ascaridida,,,Quimperiidae
Animalia,Nematoda,,Chromadorea,,Ascaridida,,,Cucullanidae
Animalia,Nematoda,,Chromadorea,,Tylenchida,,,Tylenchorhynchidae
Animalia,Nematoda,,Chromadorea,,Strongylida,,,Ollulanidae
Animalia,Nematoda,,Chromadorea,,Ascaridida,,,Dioctophymatidae
Animalia,Nematoda,,Chromadorea,,Tylenchida,,,Tylenchidae
Animalia,Nematoda,,Chromadorea,,Rhabditida,,,Daubayliidae
Animalia,Nematoda,,Chromadorea,,Ascaridida,,,Subuluridae
Animalia,Nematoda,,Chromadorea,,Strongylida,,,Ancylostomidae
Animalia,Nematoda,,Chromadorea,,Spirurida,,,Gnathostomatidae
Animalia,Nematoda,,Dorylaimea,,Dorylaimida,,,Actinolaimidae
Animalia,Nematoda,,Dorylaimea,,Muspiceida,,,Muspiceidae
Animalia,Nematoda,,Dorylaimea,,Trichocephalida,,,Cystoopsidae
Animalia,Nematoda,,Dorylaimea,,Dorylaimida,,,Carcharolaimidae
Animalia,Nematoda,,Dorylaimea,,Dorylaimida,,,Longidoridae
Animalia,Nematoda,,Dorylaimea,,Muspiceida,,,Robertdollfusidae
Animalia,Nematoda,,Dorylaimea,,Dorylaimida,,,Anatonchidae
Animalia,Nematoda,,Dorylaimea,,Mermithida,,,Tetradonematidae
Animalia,Nematoda,,Dorylaimea,,Dorylaimida,,,Campgdoridae
Animalia,Nematoda,,Dorylaimea,,Dorylaimida,,,Dorylaimidae
Animalia,Nematoda,,Dorylaimea,,Trichocephalida,,,Trichinellidae
Animalia,Nematoda,,Dorylaimea,,Dorylaimida,,,Oxydiridae
Animalia,Nematoda,,Dorylaimea,,Dorylaimida,,,Mononchulidae
Animalia,Nematoda,,Dorylaimea,,Dorylaimida,,,Nygolaimidae
Animalia,Nematoda,,Dorylaimea,,Dorylaimida,,,Nygolaimellidae
Animalia,Nematoda,,Dorylaimea,,Muspiceida,,,Phlyctainophoridae
Animalia,Nematoda,,Dorylaimea,,Dorylaimida,,,Diphterophoridae
Animalia,Nematoda,,Dorylaimea,,Mermithida,,,Mermithidae
Animalia,Nematoda,,Dorylaimea,,Dorylaimida,,,Cobbonchidae
Animalia,Nematoda,,Dorylaimea,,Dorylaimida,,,Leptonchidae
Animalia,Nematoda,,Dorylaimea,,Dorylaimida,,,Tylencholaimellidae
Animalia,Nematoda,,Dorylaimea,,Dorylaimida,,,Trichodoridae
Animalia,Nematoda,,Dorylaimea,,Dorylaimida,,,Bathyodontidae
Animalia,Nematoda,,Dorylaimea,,Dioctophymatina,,,Soboliphymidae
Animalia,Nematoda,,Dorylaimea,,,,,
Animalia,Nematoda,,Dorylaimea,,Dorylaimida,,,Trachypleurosidae
Animalia,Nematoda,,Dorylaimea,,Trichocephalida,,,Trichuridae
Animalia,Nematoda,,Dorylaimea,,Dorylaimida,,,Belondiridae
Animalia,Nematoda,,Dorylaimea,,Dorylaimida,,,Opailaimidae
Animalia,Nematoda,,Dorylaimea,,Dorylaimida,,,Alaimidae
Animalia,Nematoda,,Dorylaimea,,Dorylaimida,,,Iotonchusidae
Animalia,Nematoda,,Dorylaimea,,Dorylaimida,,,Mononchidae
Animalia,Nematoda,,Chromadoria,,Desmodorida,,,Choniolaimidae
Animalia,Nematoda,,Chromadoria,,Desmodorida,,,Desmodoridae
Animalia,Nematoda,,Chromadoria,,Desmodorida,,,Richtersiidae
Animalia,Nematoda,,Chromadoria,,Desmodorida,,,Cyatholaimidae
Animalia,Nematoda,,Chromadoria,,Monhysterida,,,Siphonolaimidae
Animalia,Nematoda,,Chromadoria,,Desmodorida,,,Draconematidae
Animalia,Nematoda,,Chromadoria,,Araeolaimida,,,Diplopeltidae
Animalia,Nematoda,,Chromadoria,,Araeolaimida,,,Araeolaimidae
Animalia,Nematoda,,Chromadoria,,Araeolaimida,,,Camacolaimidae
Animalia,Nematoda,,Chromadoria,,Araeolaimida,,,Leptolaimidae
Animalia,Nematoda,,Chromadoria,,Desmodorida,,,Chromadoridae
Animalia,Nematoda,,Chromadoria,,Desmodorida,,,Comesomatidae
Animalia,Nematoda,,Chromadoria,,Monhysterida,,,Sphaerolaimidae
Animalia,Nematoda,,Chromadoria,,Desmoscolecida,,,Desmoscolecidae
Animalia,Nematoda,,Chromadoria,,Desmodorida,,,Monoposthiidae
Animalia,Nematoda,,Chromadoria,,Araeolaimida,,,Haliplectidae
Animalia,Nematoda,,Chromadoria,,Desmoscolecida,,,Greeffiellidae
Animalia,Nematoda,,Chromadoria,,Monhysterida,,,Linhomoeidae
Animalia,Nematoda,,Chromadoria,,Desmoscolecida,,,Meyliidae
Animalia,Nematoda,,Chromadoria,,Desmodorida,,,Spiriniidae
Animalia,Nematoda,,Chromadoria,,Araeolaimida,,,Bastianiidae
Animalia,Nematoda,,Chromadoria,,Desmodorida,,,Epsilonematidae
Animalia,Nematoda,,Chromadoria,,Monhysterida,,,Scaptrellidae
Animalia,Nematoda,,Chromadoria,,,,,
Animalia,Nematoda,,Chromadoria,,Desmodorida,,,Microlaimidae
Animalia,Nematoda,,Chromadoria,,Araeolaimida,,,Rhabdolaimidae
Animalia,Nematoda,,Chromadoria,,Araeolaimida,,,Isolaimiidae
Animalia,Nematoda,,Chromadoria,,Monhysterida,,,Monhysteridae
Animalia,Nematoda,,Chromadoria,,Araeolaimida,,,Aulolaimidae
Animalia,Nematoda,,Chromadoria,,Araeolaimida,,,Teratocephalidae
Animalia,Nematoda,,Chromadoria,,Araeolaimida,,,Plectidae
Animalia,Nematoda,,Chromadoria,,Desmodorida,,,Ceramonematidae
Animalia,Nematoda,,Chromadoria,,Araeolaimida,,,Axonolaimidae
Animalia,Nematoda,,Chromadoria,,Desmodorida,,,Xennellidae
Animalia,Nematoda,,Chromadoria,,Araeolaimida,,,Tripyloididae
Animalia,Nematoda,,Chromadoria,,Desmodorida,,,Selachinematidae
Animalia,Nematoda,,Chromadoria,,Monhysterida,,,Aponchiidae
Animalia,Nematoda,,Enoplia,,Enoplida,,,Cryptonchidae
Animalia,Nematoda,,Enoplia,,Enoplida,,,Thoracostomopsidae
Animalia,Nematoda,,Enoplia,,Enoplida,,,Onchulidae
Animalia,Nematoda,,Enoplia,,Enoplida,,,Anoplostomatidae
Animalia,Nematoda,,Enoplia,,Enoplida,,,Synochidae
Animalia,Nematoda,,Enoplia,,Enoplida,,,Leptosomatidae
Animalia,Nematoda,,Enoplia,,Enoplida,,,Phanodermatidae
Animalia,Nematoda,,Enoplia,,Enoplida,,,Ironidae
Animalia,Nematoda,,Enoplia,,Enoplida,,,Lauratonematidae
Animalia,Nematoda,,Enoplia,,Enoplida,,,Eurystominidae
Animalia,Nematoda,,Enoplia,,Enoplida,,,Tripylidae
Animalia,Nematoda,,Enoplia,,Enoplida,,,Symplocostomatidae
Animalia,Nematoda,,Enoplia,,Enoplida,,,Anticomidae
Animalia,Nematoda,,Enoplia,,,,,
Animalia,Nematoda,,Enoplia,,Enoplida,,,Rhaptothyreidae
Animalia,Nematoda,,Enoplia,,Enoplida,,,Enoplidae
Animalia,Nematoda,,Enoplia,,Enoplida,,,Oxystominidae
Animalia,Nematoda,,Enoplia,,Enoplida,,,Oncholaimidae
Animalia,Nematoda,,Enoplia,,Enoplida,,,Triodontolaimidae
Animalia,Nematoda,,Enoplia,,Enoplida,,,Rhabdodemaniidae
Animalia,Nematoda,,Enoplia,,Enoplida,,,Trefusiidae
Animalia,Nematoda,,Enoplia,,Enoplida,,,Prismatolaimidae
Animalia,Nematoda,,,,,,,
Animalia,Nemertea,,Palaeonemertea,,,,,Cephalothricidae
Animalia,Nemertea,,Palaeonemertea,,,,,Tubulanidae
Animalia,Nemertea,,Palaeonemertea,,,,,Carinomidae
Animalia,Nemertea,,Palaeonemertea,,,,,
Animalia,Nemertea,,,,,,,
Animalia,Nemertea,,Pilidiophora,,Heteronemertea,,,Lineidae
Animalia,Nemertea,,Pilidiophora,,Heteronemertea,,,Poliopsiidae
Animalia,Nemertea,,Pilidiophora,,Hubrechtida,,,Hubrechtidae
Animalia,Nemertea,,Pilidiophora,,Heteronemertea,,,Baseodiscidae
Animalia,Nemertea,,Pilidiophora,,,,,
Animalia,Nemertea,,Pilidiophora,,Heteronemertea,,,Valenciniidae
Animalia,Nemertea,,Hoplonemertea,,Monostilifera,,,Malacobdellidae
Animalia,Nemertea,,Hoplonemertea,,Monostilifera,,,Cratenemertidae
Animalia,Nemertea,,Hoplonemertea,,Polystilifera,,,Nectonemertidae
Animalia,Nemertea,,Hoplonemertea,,Polystilifera,,,Drepanophoridae
Animalia,Nemertea,,Hoplonemertea,,Monostilifera,,,Tetrastemmatidae
Animalia,Nemertea,,Hoplonemertea,,Monostilifera,,,Emplectonematidae
Animalia,Nemertea,,Hoplonemertea,,,,,
Animalia,Nemertea,,Hoplonemertea,,Monostilifera,,,Carcinonemertidae
Animalia,Nemertea,,Hoplonemertea,,Monostilifera,,,Prosorhochmidae
Animalia,Nemertea,,Hoplonemertea,,Monostilifera,,,Amphiporidae
Animalia,Nemertea,,Hoplonemertea,,Polystilifera,,,Planktonemertidae
Animalia,Nemertea,,Hoplonemertea,,Monostilifera,,,Ototyphlonemertidae
Animalia,Nemertea,,Hoplonemertea,,Polystilifera,,,Paradrepanophoridae
Animalia,Bryozoa,,Eurystomata,,Ascophora,,,Cleidochasmatidae
Animalia,Bryozoa,,Eurystomata,,Ascophora,,,Petraliellidae
Animalia,Bryozoa,,Eurystomata,,Anasca,,,Hiantoporidae
Animalia,Bryozoa,,Eurystomata,,Anasca,,,Aspidostomatidae
Animalia,Bryozoa,,Eurystomata,,Ascophora,,,Phylactelliporidae
Animalia,Bryozoa,,Eurystomata,,Stolonifera,,,Hypophorellidae
Animalia,Bryozoa,,Eurystomata,,Anasca,,,Membraniporidae
Animalia,Bryozoa,,Eurystomata,,Stolonifera,,,Mimosellidae
Animalia,Bryozoa,,Eurystomata,,Anasca,,,Setosellidae
Animalia,Bryozoa,,Eurystomata,,Ascophora,,,Euthyridellidae
Animalia,Bryozoa,,Eurystomata,,Ascophora,,,Tubucellariidae
Animalia,Bryozoa,,Eurystomata,,Ascophora,,,Inversiulidae
Animalia,Bryozoa,,Eurystomata,,Anasca,,,Onychocellidae
Animalia,Bryozoa,,Eurystomata,,Ascophora,,,Umbonulidae
Animalia,Bryozoa,,Eurystomata,,Anasca,,,Electridae
Animalia,Bryozoa,,Eurystomata,,Ascophora,,,Petraliidae
Animalia,Bryozoa,,Eurystomata,,Ascophora,,,Tessaradomidae
Animalia,Bryozoa,,Eurystomata,,Ascophora,,,Lekythoporidae
Animalia,Bryozoa,,Eurystomata,,Ascophora,,,Hippopodinidae
Animalia,Bryozoa,,Eurystomata,,Ascophora,,,Cyclicoporidae
Animalia,Bryozoa,,Eurystomata,,Anasca,,,Aeteidae
Animalia,Bryozoa,,Eurystomata,,Anasca,,,Microporidae
Animalia,Bryozoa,,Eurystomata,,Ascophora,,,Calwelliidae
Animalia,Bryozoa,,Eurystomata,,Ascophora,,,Onchoporidae
Animalia,Bryozoa,,Eurystomata,,Ascophora,,,Cheiloporinidae
Animalia,Bryozoa,,Eurystomata,,Carnosa,,,Nolellidae
Animalia,Bryozoa,,Eurystomata,,Anasca,,,Labiostomellidae
Animalia,Bryozoa,,Eurystomata,,Ascophora,,,Exochellidae
Animalia,Bryozoa,,Eurystomata,,Anasca,,,Cribrilinidae
Animalia,Bryozoa,,Eurystomata,,Ascophora,,,Crepidacanthidae
Animalia,Bryozoa,,Eurystomata,,Anasca,,,Scrupocellariidae
Animalia,Bryozoa,,Eurystomata,,Ascophora,,,Watersiporidae
Animalia,Bryozoa,,Eurystomata,,Ascophora,,,Parmulariidae
Animalia,Bryozoa,,Eurystomata,,Ascophora,,,Hippoponellidae
Animalia,Bryozoa,,Eurystomata,,Anasca,,,Hincksinidae
Animalia,Bryozoa,,Eurystomata,,Ascophora,,,Gigantoporidae
Animalia,Bryozoa,,Eurystomata,,Anasca,,,Petalostegidae
Animalia,Bryozoa,,Eurystomata,,Anasca,,,Alysidiidae
Animalia,Bryozoa,,Eurystomata,,Terebriporina,,,Penetrantiidae
Animalia,Bryozoa,,Eurystomata,,Ascophora,,,Reteporidae
Animalia,Bryozoa,,Eurystomata,,Anasca,,,Flustridae
Animalia,Bryozoa,,Eurystomata,,Ascophora,,,Smittinidae
Animalia,Bryozoa,,Eurystomata,,Anasca,,,Bicellariellidae
Animalia,Bryozoa,,Eurystomata,,Anasca,,,Cothurnicellidae
Animalia,Bryozoa,,Eurystomata,,Carnosa,,,Vesicularioidea
Animalia,Bryozoa,,Eurystomata,,Carnosa,,,Alcyonidiidae
Animalia,Bryozoa,,Eurystomata,,Anasca,,,Cupuladriidae
Animalia,Bryozoa,,Eurystomata,,Anasca,,,Epistomiidae
Animalia,Bryozoa,,Eurystomata,,Stolonifera,,,Buskiidae
Animalia,Bryozoa,,Eurystomata,,Carnosa,,,Paludicellidae
Animalia,Bryozoa,,Eurystomata,,Ascophora,,,Celleporariidae
Animalia,Bryozoa,,Eurystomata,,Ascophora,,,Waterisporidae
Animalia,Bryozoa,,Eurystomata,,Stolonifera,,,Valkeriidae
Animalia,Bryozoa,,Eurystomata,,Ascophora,,,Eurystomellidae
Animalia,Bryozoa,,Eurystomata,,Anasca,,,Quadricellariidae
Animalia,Bryozoa,,Eurystomata,,Ascophora,,,Conescharellinidae
Animalia,Bryozoa,,Eurystomata,,Carnosa,,,Flustrellidridae
Animalia,Bryozoa,,Eurystomata,,Ascophora,,,Hippoporinidae
Animalia,Bryozoa,,Eurystomata,,Anasca,,,Thalamoporellidae
Animalia,Bryozoa,,Eurystomata,,Ascophora,,,Bifaxariidae
Animalia,Bryozoa,,Eurystomata,,Carnosa,,,Pherusellidae
Animalia,Bryozoa,,Eurystomata,,Ascophora,,,Schizoporellidae
Animalia,Bryozoa,,Eurystomata,,Stolonifera,,,Triticellidae
Animalia,Bryozoa,,Eurystomata,,Ascophora,,,Savignyellidae
Animalia,Bryozoa,,Eurystomata,,Ascophora,,,Microporellidae
Animalia,Bryozoa,,Eurystomata,,Anasca,,,Scrupariidae
Animalia,Bryozoa,,Eurystomata,,,,,
Animalia,Bryozoa,,Eurystomata,,Carnosa,,,Victorellidae
Animalia,Bryozoa,,Eurystomata,,Ascophora,,,Cryptosulidae
Animalia,Bryozoa,,Eurystomata,,Carnosa,,,Paludicelloidea
Animalia,Bryozoa,,Eurystomata,,Stolonifera,,,Walkeriidae
Animalia,Bryozoa,,Eurystomata,,Ascophora,,,Sclerodomidae
Animalia,Bryozoa,,Eurystomata,,Anasca,,,Lunulitidae
Animalia,Bryozoa,,Eurystomata,,Ascophora,,,Celleporidae
Animalia,Bryozoa,,Eurystomata,,Anasca,,,Macroporidae
Animalia,Bryozoa,,Eurystomata,,Carnosa,,,Arachnidiidae
Animalia,Bryozoa,,Eurystomata,,Ascophora,,,Exechonellidae
Animalia,Bryozoa,,Eurystomata,,Carnosa,,,Claviporidae
Animalia,Bryozoa,,Eurystomata,,Terebriporina,,,Immergentiidae
Animalia,Bryozoa,,Eurystomata,,Anasca,,,Membranicellariidae
Animalia,Bryozoa,,Eurystomata,,Ascophora,,,Porinidae
Animalia,Bryozoa,,Eurystomata,,Anasca,,,Steginoporellidae
Animalia,Bryozoa,,Eurystomata,,Anasca,,,Cellariidae
Animalia,Bryozoa,,Eurystomata,,Anasca,,,Sadkoidae
Animalia,Bryozoa,,Eurystomata,,Ascophora,,,Euthyroididae
Animalia,Bryozoa,,Eurystomata,,Ascophora,,,Mucronellidae
Animalia,Bryozoa,,Eurystomata,,Terebriporina,,,Terebriporidae
Animalia,Bryozoa,,Eurystomata,,Ascophora,,,Teuchoporidae
Animalia,Bryozoa,,Eurystomata,,Ascophora,,,Catenicellidae
Animalia,Bryozoa,,Eurystomata,,Anasca,,,Arachnopusiidae
Animalia,Bryozoa,,Eurystomata,,Ascophora,,,Orbituliporidae
Animalia,Bryozoa,,Eurystomata,,Anasca,,,Beaniidae
Animalia,Bryozoa,,Eurystomata,,Anasca,,,Farciminariidae
Animalia,Bryozoa,,Eurystomata,,Anasca,,,Pelmatoporidae
Animalia,Bryozoa,,Eurystomata,,Ascophora,,,Vittaticellidae
Animalia,Bryozoa,,Eurystomata,,Anasca,,,Bugulidae
Animalia,Bryozoa,,Eurystomata,,Anasca,,,Calpensiidae
Animalia,Bryozoa,,Eurystomata,,Ascophora,,,Mamilloporidae
Animalia,Bryozoa,,Eurystomata,,Ascophora,,,Escharellidae
Animalia,Bryozoa,,Eurystomata,,Carnosa,,,Spathiporidae
Animalia,Bryozoa,,Eurystomata,,Carnosa,,,Vesiculariidae
Animalia,Bryozoa,,Eurystomata,,Anasca,,,Chaperiidae
Animalia,Bryozoa,,Eurystomata,,Ascophora,,,Pasytheidae
Animalia,Bryozoa,,Eurystomata,,Anasca,,,Calloporidae
Animalia,Bryozoa,,Eurystomata,,Ascophora,,,Myriozoidae
Animalia,Bryozoa,,Eurystomata,,Carnosa,,,Monobryozoontidae
Animalia,Bryozoa,,Eurystomata,,Ascophora,,,Stomachetosellidae
Animalia,Bryozoa,,Eurystomata,,Ascophora,,,Hippothoidae
Animalia,Bryozoa,,Eurystomata,,Ascophora,,,Adeonidae
Animalia,Bryozoa,,Stenolaemata,,Cerioporina,,,Heteroporidae
Animalia,Bryozoa,,Stenolaemata,,Articulata,,,Crisiidae
Animalia,Bryozoa,,Stenolaemata,,Cancellata,,,Petaloporidae
Animalia,Bryozoa,,Stenolaemata,,Cancellata,,,Cytididae
Animalia,Bryozoa,,Stenolaemata,,Cerioporina,,,Tretocycloeciidae
Animalia,Bryozoa,,Stenolaemata,,Tubuliporina,,,Oncousoeciidae
Animalia,Bryozoa,,Stenolaemata,,Tubuliporina,,,Mecynoeciidae
Animalia,Bryozoa,,Stenolaemata,,Tubuliporina,,,Diaperoeciidae
Animalia,Bryozoa,,Stenolaemata,,Tubuliporina,,,Theonoidae
Animalia,Bryozoa,,Stenolaemata,,Cancellata,,,Stigmatoechidae
Animalia,Bryozoa,,Stenolaemata,,Cancellata,,,Horneridae
Animalia,Bryozoa,,Stenolaemata,,Rectangulata,,,Lichenoporidae
Animalia,Bryozoa,,Stenolaemata,,Tubuliporina,,,Tubuliporidae
Animalia,Bryozoa,,Stenolaemata,,Cerioporina,,,Corymboporidae
Animalia,Bryozoa,,Stenolaemata,,,,,
Animalia,Bryozoa,,Stenolaemata,,Tubuliporina,,,Hastingsiidae
Animalia,Bryozoa,,Stenolaemata,,Cancellata,,,Calvetiidae
Animalia,Bryozoa,,Stenolaemata,,Tubuliporina,,,Terviidae
Animalia,Bryozoa,,Stenolaemata,,Tubuliporina,,,Entalophoridae
Animalia,Bryozoa,,Stenolaemata,,Tubuliporina,,,Plagioeciidae
Animalia,Bryozoa,,Stenolaemata,,Tubuliporina,,,Frondiporidae
Animalia,Bryozoa,,Stenolaemata,,Cancellata,,,Pseudidmoneidae
Animalia,Bryozoa,,Stenolaemata,,Tubuliporina,,,Diastoporidae
Animalia,Bryozoa,,Phylactolaemata,,Plumatellida,,,Cristatellidae
Animalia,Bryozoa,,Phylactolaemata,,Plumatellida,,,Pectinatellidae
Animalia,Bryozoa,,Phylactolaemata,,,,,
Animalia,Bryozoa,,Phylactolaemata,,Plumatellida,,,Lophopodidae
Animalia,Bryozoa,,Phylactolaemata,,Plumatellida,,,Fredericellidae
Animalia,Bryozoa,,Phylactolaemata,,Plumatellida,,,Plumatellidae
Animalia,Bryozoa,,,,,,,
Animalia,Placozoa,,,,,,,
Animalia,Placozoa,,Polyplacotomia,,,,,
Animalia,Placozoa,,Polyplacotomia,,Polyplacotomea,,,Polyplacotomidae
Animalia,Placozoa,,Uniplacotomia,,Hoilungea,,,Cladtertiidae
Animalia,Placozoa,,Uniplacotomia,,,,,
Animalia,Placozoa,,Uniplacotomia,,Hoilungea,,,Hoilungidae
Animalia,Placozoa,,Uniplacotomia,,Trichoplacea,,,Trichoplacidae
Animalia,Mollusca,,Nautiloidea,,,,,
Animalia,Mollusca,,Nautiloidea,,Nautilida,,,Nautilidae
Animalia,Mollusca,,Caudofoveata,,Chaetodermatida,,,Chaetodermatidae
Animalia,Mollusca,,Caudofoveata,,,,,
Animalia,Mollusca,,Caudofoveata,,Chaetodermatida,,,Limifossoridae
Animalia,Mollusca,,Caudofoveata,,Chaetodermatida,,,Prochaetodermatidae
Animalia,Mollusca,,Monoplacophora,,Tryblidiida,,,Tryblidiidae
Animalia,Mollusca,,Monoplacophora,,Neopilinida,,,Neopilinoidea
Animalia,Mollusca,,Monoplacophora,,Tryblidiida,,,Tryblidioidea
Animalia,Mollusca,,Monoplacophora,,,,,
Animalia,Mollusca,,Monoplacophora,,Neopilinida,,,Neopilinidae
Animalia,Mollusca,,Heterobranchia,,Thecosomata,,,Cymbuliidae
Animalia,Mollusca,,Heterobranchia,,Lymnaeida,,,Burnupiidae
Animalia,Mollusca,,Heterobranchia,,Cladobranchia,,,Hancockiidae
Animalia,Mollusca,,Heterobranchia,,Limacoidei,,,Parmacellidae
Animalia,Mollusca,,Heterobranchia,,Onchidiida,,,Onchidiidae
Animalia,Mollusca,,Heterobranchia,,Acochlida,,,Hedylopsidae
Animalia,Mollusca,,Heterobranchia,,Helicina,,,Testacellidae
Animalia,Mollusca,,Heterobranchia,,Achatinina,,,Diapheridae
Animalia,Mollusca,,Heterobranchia,,Sacoglossa,,,Limapontiidae
Animalia,Mollusca,,Heterobranchia,,Cladobranchia,,,Proctonotidae
Animalia,Mollusca,,Heterobranchia,,Bulloidei,,,Aglajidae
Animalia,Mollusca,,Heterobranchia,,Bulloidei,,,Colinatydidae
Animalia,Mollusca,,Heterobranchia,,Limacoidei,,,Urocyclidae
Animalia,Mollusca,,Heterobranchia,,Cladobranchia,,,Dendronotidae
Animalia,Mollusca,,Heterobranchia,,Bathydoridoidei,,,Bathydorididae
Animalia,Mollusca,,Heterobranchia,,Allomorpha,,,Murchisonelloidea
Animalia,Mollusca,,Heterobranchia,,Helicoidei,,,Sagdidae
Animalia,Mollusca,,Heterobranchia,,Helicina,,,Coelociontidae
Animalia,Mollusca,,Heterobranchia,,Helicoidei,,,Thysanophoridae
Animalia,Mollusca,,Heterobranchia,,Cladobranchia,,,Madrellidae
Animalia,Mollusca,,Heterobranchia,,Allomorpha,,,Murchisonellidae
Animalia,Mollusca,,Heterobranchia,,Succineoidei,,,Athoracophoroidea
Animalia,Mollusca,,Heterobranchia,,Aeolidiina,,,Pleurolidiidae
Animalia,Mollusca,,Heterobranchia,,Helicina,,,Holospiridae
Animalia,Mollusca,,Heterobranchia,,Aeolidiina,,,Flabellinidae
Animalia,Mollusca,,Heterobranchia,,Glacidorbina,,,Glacidorboidea
Animalia,Mollusca,,Heterobranchia,,Sacoglossa,,,Plakobranchoidea
Animalia,Mollusca,,Heterobranchia,,Umbraculida,,,Umbraculidae
Animalia,Mollusca,,Heterobranchia,,Bulloidei,,,Scaphandridae
Animalia,Mollusca,,Heterobranchia,,Helicina,,,Testacelloidea
Animalia,Mollusca,,Heterobranchia,,Cladobranchia,,,Embletoniidae
Animalia,Mollusca,,Heterobranchia,,Pleurobranchida,,,Pleurobranchoidea
Animalia,Mollusca,,Heterobranchia,,Pupilloidei,,,Azecidae
Animalia,Mollusca,,Heterobranchia,,Aeolidiina,,,Trinchesiidae
Animalia,Mollusca,,Heterobranchia,,Helicoidei,,,Sphincterochilidae
Animalia,Mollusca,,Heterobranchia,,Cladobranchia,,,Bornellidae
Animalia,Mollusca,,Heterobranchia,,Bulloidei,,,Newnesiidae
Animalia,Mollusca,,Heterobranchia,,Pupilloidei,,,Draparnaudiidae
Animalia,Mollusca,,Heterobranchia,,Gymnosomata,,,Cliopsidae
Animalia,Mollusca,,Heterobranchia,,Limacoidei,,,Milacidae
Animalia,Mollusca,,Heterobranchia,,Pupilloidei,,,Cerastidae
Animalia,Mollusca,,Heterobranchia,,Limacoidei,,,Trochomorphidae
Animalia,Mollusca,,Heterobranchia,,Helicina,,,Corillidae
Animalia,Mollusca,,Heterobranchia,,Helicina,,,Punctidae
Animalia,Mollusca,,Heterobranchia,,Sacoglossa,,,Plakobranchidae
Animalia,Mollusca,,Heterobranchia,,Sacoglossa,,,Platyhedyloidea
Animalia,Mollusca,,Heterobranchia,,Pupilloidei,,,Spelaeodiscidae
Animalia,Mollusca,,Heterobranchia,,Limacoidei,,,Agriolimacidae
Animalia,Mollusca,,Heterobranchia,,Pupilloidei,,,Pagodulinidae
Animalia,Mollusca,,Heterobranchia,,Umbraculida,,,Umbraculoidea
Animalia,Mollusca,,Heterobranchia,,Amphibolina,,,Amphibolidae
Animalia,Mollusca,,Heterobranchia,,Achatinina,,,Aillyidae
Animalia,Mollusca,,Heterobranchia,,Cladobranchia,,,Doridoxoidea
Animalia,Mollusca,,Heterobranchia,,Bulloidei,,,Eoscaphandridae
Animalia,Mollusca,,Heterobranchia,,Limacoidei,,,Boettgerillidae
Animalia,Mollusca,,Heterobranchia,,Bulloidei,,,Gastropteridae
Animalia,Mollusca,,Heterobranchia,,Sacoglossa,,,Platyhedylidae
Animalia,Mollusca,,Heterobranchia,,Pupilloidei,,,Argnidae
Animalia,Mollusca,,Heterobranchia,,Sacoglossa,,,Volvatellidae
Animalia,Mollusca,,Heterobranchia,,Thecosomata,,,Cymbulioidea
Animalia,Mollusca,,Heterobranchia,,Pleurobranchida,,,Pleurobranchaeidae
Animalia,Mollusca,,Heterobranchia,,Aeolidiina,,,Glaucidae
Animalia,Mollusca,,Heterobranchia,,Rhytidoidei,,,Strophocheilidae
Animalia,Mollusca,,Heterobranchia,,Helicoidei,,,Canariellidae
Animalia,Mollusca,,Heterobranchia,,Pupilloidei,,,Fauxulidae
Animalia,Mollusca,,Heterobranchia,,Thecosomata,,,Limacinoidea
Animalia,Mollusca,,Heterobranchia,,Sacoglossa,,,Oxynoidae
Animalia,Mollusca,,Heterobranchia,,Cladobranchia,,,Lomanotidae
Animalia,Mollusca,,Heterobranchia,,Allomorpha,,,Rhodopoidea
Animalia,Mollusca,,Heterobranchia,,Ectobranchia,,,Valvatoidea
Animalia,Mollusca,,Heterobranchia,,Helicina,,,Coelociontoidea
Animalia,Mollusca,,Heterobranchia,,Doridoidei,,,Mandeliidae
Animalia,Mollusca,,Heterobranchia,,Helicoidei,,,Pleurodontidae
Animalia,Mollusca,,Heterobranchia,,Bulloidei,,,Haminoeoidea
Animalia,Mollusca,,Heterobranchia,,Helicina,,,Plectopylidae
Animalia,Mollusca,,Heterobranchia,,Thecosomata,,,Cavolinioidea
Animalia,Mollusca,,Heterobranchia,,Pupilloidei,,,Chondrinidae
Animalia,Mollusca,,Heterobranchia,,Amphibolina,,,Maningrididae
Animalia,Mollusca,,Heterobranchia,,Helicina,,,Punctoidea
Animalia,Mollusca,,Heterobranchia,,Glacidorbina,,,Glacidorbidae
Animalia,Mollusca,,Heterobranchia,,Helicina,,,Eucalodiidae
Animalia,Mollusca,,Heterobranchia,,Orthalicoidei,,,Odontostomidae
Animalia,Mollusca,,Heterobranchia,,Aeolidiina,,,Facelinidae
Animalia,Mollusca,,Heterobranchia,,Bulloidei,,,Haminoeidae
Animalia,Mollusca,,Heterobranchia,,Acochlida,,,Acochlidiidae
Animalia,Mollusca,,Heterobranchia,,Acochlida,,,Parhedylidae
Animalia,Mollusca,,Heterobranchia,,Ellobiida,,,Ellobiidae
Animalia,Mollusca,,Heterobranchia,,Helicoidei,,,Helicodontidae
Animalia,Mollusca,,Heterobranchia,,Clausilioidei,,,Clausilioidea
Animalia,Mollusca,,Heterobranchia,,Siphonariida,,,Siphonariidae
Animalia,Mollusca,,Heterobranchia,,Lymnaeida,,,Latiidae
Animalia,Mollusca,,Heterobranchia,,Cladobranchia,,,Goniaeolididae
Animalia,Mollusca,,Heterobranchia,,Ringiculida,,,Ringiculidae
Animalia,Mollusca,,Heterobranchia,,Helicoidei,,,Helicoidea Rafinesque, 1815
Animalia,Mollusca,,Heterobranchia,,Limacoidei,,,Trigonochlamydidae
Animalia,Mollusca,,Heterobranchia,,Doridoidei,,,Akiodorididae
Animalia,Mollusca,,Heterobranchia,,Aeolidiina,,,Eubranchidae
Animalia,Mollusca,,Heterobranchia,,Helicoidei,,,Zachrysiidae
Animalia,Mollusca,,Heterobranchia,,Rissoellida,,,Rissoelloidea
Animalia,Mollusca,,Heterobranchia,,Rhytidoidei,,,Megomphicidae
Animalia,Mollusca,,Heterobranchia,,Clausilioidei,,,Clausiliidae
Animalia,Mollusca,,Heterobranchia,,Sacoglossa,,,Cylindrobullidae
Animalia,Mollusca,,Heterobranchia,,Architectonicina,,,Mathildoidea
Animalia,Mollusca,,Heterobranchia,,Pupilloidei,,,Lauriidae
Animalia,Mollusca,,Heterobranchia,,Thecosomata,,,Peraclidae
Animalia,Mollusca,,Heterobranchia,,Doridoidei,,,Chromodorididae
Animalia,Mollusca,,Heterobranchia,,Doridoidei,,,Aegiridae
Animalia,Mollusca,,Heterobranchia,,Gymnosomata,,,Clionidae
Animalia,Mollusca,,Heterobranchia,,Sacoglossa,,,Jenseneriidae
Animalia,Mollusca,,Heterobranchia,,Pupilloidei,,,Valloniidae
Animalia,Mollusca,,Heterobranchia,,Sacoglossa,,,Juliidae
Animalia,Mollusca,,Heterobranchia,,Bathydoridoidei,,,Bathydoridoidea
Animalia,Mollusca,,Heterobranchia,,Limacoidei,,,Staffordiidae
Animalia,Mollusca,,Heterobranchia,,Aeolidiina,,,Cumanotidae
Animalia,Mollusca,,Heterobranchia,,Bulloidei,,,Philinoglossidae
Animalia,Mollusca,,Heterobranchia,,Helicoidei,,,Camaenidae
Animalia,Mollusca,,Heterobranchia,,Sacoglossa,,,Hermaeidae
Animalia,Mollusca,,Heterobranchia,,Pyramidellida,,,Amathinidae
Animalia,Mollusca,,Heterobranchia,,Thecosomata,,,Cavoliniidae
Animalia,Mollusca,,Heterobranchia,,Gymnosomata,,,Hydromyloidea
Animalia,Mollusca,,Heterobranchia,,Gymnosomata,,,Hydromylidae
Animalia,Mollusca,,Heterobranchia,,Helicina,,,Urocoptoidea
Animalia,Mollusca,,Heterobranchia,,Cladobranchia,,,Tethydidae
Animalia,Mollusca,,Heterobranchia,,Ellobiida,,,Trimusculidae
Animalia,Mollusca,,Heterobranchia,,Rhytidoidei,,,Caryodidae
Animalia,Mollusca,,Heterobranchia,,Limacoidei,,,Zonitoidea
Animalia,Mollusca,,Heterobranchia,,Bulloidei,,,Philinorbidae
Animalia,Mollusca,,Heterobranchia,,Ellobiida,,,Trimusculoidea
Animalia,Mollusca,,Heterobranchia,,Sacoglossa,,,Costasiellidae
Animalia,Mollusca,,Heterobranchia,,Ringiculida,,,Ringiculoidea
Animalia,Mollusca,,Heterobranchia,,Helicoidei,,,Hygromiidae
Animalia,Mollusca,,Heterobranchia,,Achatinina,,,Micractaeonidae
Animalia,Mollusca,,Heterobranchia,,Thecosomata,,,Desmopteridae
Animalia,Mollusca,,Heterobranchia,,Pupilloidei,,,Pleurodiscidae
Animalia,Mollusca,,Heterobranchia,,Orbitestellida,,,Cimoidea
Animalia,Mollusca,,Heterobranchia,,Cladobranchia,,,Pinufiidae
Animalia,Mollusca,,Heterobranchia,,Doridoidei,,,Hexabranchidae
Animalia,Mollusca,,Heterobranchia,,Helicoidei,,,Polygyridae
Animalia,Mollusca,,Heterobranchia,,Bulloidei,,,Diaphanidae
Animalia,Mollusca,,Heterobranchia,,Helicina,,,Cerionidae
Animalia,Mollusca,,Heterobranchia,,Cladobranchia,,,Arminoidea
Animalia,Mollusca,,Heterobranchia,,Helicoidei,,,Elonidae
Animalia,Mollusca,,Heterobranchia,,Orthalicoidei,,,Bulimulidae
Animalia,Mollusca,,Heterobranchia,,Aplysiida,,,Akeroidea
Animalia,Mollusca,,Heterobranchia,,Helicoidei,,,Sagdoidea
Animalia,Mollusca,,Heterobranchia,,Orthalicoidei,,,Megaspiridae
Animalia,Mollusca,,Heterobranchia,,Limacoidei,,,Oxychilidae
Animalia,Mollusca,,Heterobranchia,,Bulloidei,,,Bulloidea
Animalia,Mollusca,,Heterobranchia,,Doridoidei,,,Chromodoridoidea
Animalia,Mollusca,,Heterobranchia,,Bulloidei,,,Retusidae
Animalia,Mollusca,,Heterobranchia,,Helicina,,,Papillodermatidae
Animalia,Mollusca,,Heterobranchia,,Pyramidellida,,,Pyramidelloidea
Animalia,Mollusca,,Heterobranchia,,Cladobranchia,,,Tritonioidea
Animalia,Mollusca,,Heterobranchia,,Gymnosomata,,,Notobranchaeidae
Animalia,Mollusca,,Heterobranchia,,Cladobranchia,,,Doridoxidae
Animalia,Mollusca,,Heterobranchia,,Helicina,,,Sculptariidae
Animalia,Mollusca,,Heterobranchia,,Acteonida,,,Acteonidae
Animalia,Mollusca,,Heterobranchia,,Pupilloidei,,,Strobilopsidae
Animalia,Mollusca,,Heterobranchia,,Doridoidei,,,Phyllidiidae
Animalia,Mollusca,,Heterobranchia,,Achatinina,,,Achatinidae
Animalia,Mollusca,,Heterobranchia,,Aeolidiina,,,Dotidae
Animalia,Mollusca,,Heterobranchia,,Limacoidei,,,Limacoidea
Animalia,Mollusca,,Heterobranchia,,Bulloidei,,,Laonidae
Animalia,Mollusca,,Heterobranchia,,Orbitestellida,,,Orbitestellidae
Animalia,Mollusca,,Heterobranchia,,Bulloidei,,,Philinidae
Animalia,Mollusca,,Heterobranchia,,Acochlida,,,Asperspinidae
Animalia,Mollusca,,Heterobranchia,,Aeolidiina,,,Flabellinopsidae
Animalia,Mollusca,,Heterobranchia,,Runcinina,,,Runcinoidea
Animalia,Mollusca,,Heterobranchia,,Limacoidei,,,Parmacelloidea
Animalia,Mollusca,,Heterobranchia,,Veronicellida,,,Veronicellidae
Animalia,Mollusca,,Heterobranchia,,Allomorpha,,,Rhodopidae
Animalia,Mollusca,,Heterobranchia,,Acochlida,,,Bathyhedylidae
Animalia,Mollusca,,Heterobranchia,,Aeolidiina,,,Aeolidioidea
Animalia,Mollusca,,Heterobranchia,,Cladobranchia,,,Lemindidae
Animalia,Mollusca,,Heterobranchia,,Orthalicoidei,,,Simpulopsidae
Animalia,Mollusca,,Heterobranchia,,Aeolidiina,,,Babakinidae
Animalia,Mollusca,,Heterobranchia,,Succineoidei,,,Athoracophoridae
Animalia,Mollusca,,Heterobranchia,,Limacoidei,,,Helicarionidae
Animalia,Mollusca,,Heterobranchia,,Architectonicina,,,Mathildidae
Animalia,Mollusca,,Heterobranchia,,Arionoidei,,,Ariolimacidae
Animalia,Mollusca,,Heterobranchia,,Acochlida,,,Acochlidioidea
Animalia,Mollusca,,Heterobranchia,,Aeolidiina,,,Paracoryphellidae
Animalia,Mollusca,,Heterobranchia,,Helicoidei,,,Echinichidae
Animalia,Mollusca,,Heterobranchia,,Runcinina,,,Runcinidae
Animalia,Mollusca,,Heterobranchia,,Doridoidei,,,Goniodorididae
Animalia,Mollusca,,Heterobranchia,,Runcinina,,,Ilbiidae
Animalia,Mollusca,,Heterobranchia,,Aeolidiina,,,Notaeolidiidae
Animalia,Mollusca,,Heterobranchia,,Pupilloidei,,,Spelaeoconchidae
Animalia,Mollusca,,Heterobranchia,,Doridoidei,,,Polyceroidea
Animalia,Mollusca,,Heterobranchia,,Pupilloidei,,,Gastrocoptidae
Animalia,Mollusca,,Heterobranchia,,Bulloidei,,,Newnesioidea
Animalia,Mollusca,,Heterobranchia,,Gymnosomata,,,Pneumodermatidae
Animalia,Mollusca,,Heterobranchia,,Limacoidei,,,Gastrodontoidea
Animalia,Mollusca,,Heterobranchia,,Limacoidei,,,Vitrinidae
Animalia,Mollusca,,Heterobranchia,,Doridoidei,,,Polyceridae
Animalia,Mollusca,,Heterobranchia,,Rhytidoidei,,,Clavatoridae
Animalia,Mollusca,,Heterobranchia,,Achatinina,,,Ferussaciidae
Animalia,Mollusca,,Heterobranchia,,Pupilloidei,,,Enidae
Animalia,Mollusca,,Heterobranchia,,Cladobranchia,,,Dendronotoidea
Animalia,Mollusca,,Heterobranchia,,Veronicellida,,,Veronicelloidea
Animalia,Mollusca,,Heterobranchia,,Oleacinoidei,,,Haplotrematoidea
Animalia,Mollusca,,Heterobranchia,,Bulloidei,,,Alacuppidae
Animalia,Mollusca,,Heterobranchia,,Aeolidiina,,,Cuthonellidae
Animalia,Mollusca,,Heterobranchia,,Succineoidei,,,Succineidae
Animalia,Mollusca,,Heterobranchia,,Oleacinoidei,,,Oleacinidae
Animalia,Mollusca,,Heterobranchia,,Aeolidiina,,,Aeolidiidae
Animalia,Mollusca,,Heterobranchia,,Pupilloidei,,,Pyramidulidae
Animalia,Mollusca,,Heterobranchia,,Pupilloidei,,,Vertiginidae
Animalia,Mollusca,,Heterobranchia,,Orthalicoidei,,,Orthalicoidea
Animalia,Mollusca,,Heterobranchia,,Cladobranchia,,,Proctonotoidea
Animalia,Mollusca,,Heterobranchia,,Orbitestellida,,,Orbitestelloidea
Animalia,Mollusca,,Heterobranchia,,Helicina,,,Endodontidae
Animalia,Mollusca,,Heterobranchia,,Lymnaeida,,,Planorboidea
Animalia,Mollusca,,Heterobranchia,,Doridoidei,,,Actinocyclidae
Animalia,Mollusca,,Heterobranchia,,Orthalicoidei,,,Bothriembryontidae
Animalia,Mollusca,,Heterobranchia,,Helicoidei,,,Labyrinthidae
Animalia,Mollusca,,Heterobranchia,,Amphibolina,,,Amphiboloidea
Animalia,Mollusca,,Heterobranchia,,Limacoidei,,,Euconulidae
Animalia,Mollusca,,Heterobranchia,,Doridoidei,,,Dendrodorididae
Animalia,Mollusca,,Heterobranchia,,,,,
Animalia,Mollusca,,Heterobranchia,,Limacoidei,,,Gastrodontidae
Animalia,Mollusca,,Heterobranchia,,Succineoidei,,,Succineoidea
Animalia,Mollusca,,Heterobranchia,,Helicoidei,,,Solaropsidae
Animalia,Mollusca,,Heterobranchia,,Helicina,,,Papillodermatoidea
Animalia,Mollusca,,Heterobranchia,,Achatinina,,,Streptaxidae
Animalia,Mollusca,,Heterobranchia,,Acochlida,,,Aitengidae
Animalia,Mollusca,,Heterobranchia,,Helicina,,,Cystopeltidae
Animalia,Mollusca,,Heterobranchia,,Aeolidiina,,,Pseudovermidae
Animalia,Mollusca,,Heterobranchia,,Bulloidei,,,Cylichnidae
Animalia,Mollusca,,Heterobranchia,,Oleacinoidei,,,Haplotrematidae
Animalia,Mollusca,,Heterobranchia,,Lymnaeida,,,Acroloxoidea
Animalia,Mollusca,,Heterobranchia,,Orbitestellida,,,Xylodisculidae
Animalia,Mollusca,,Heterobranchia,,Doridoidei,,,Onchidorididae
Animalia,Mollusca,,Heterobranchia,,Limacoidei,,,Trochomorphoidea
Animalia,Mollusca,,Heterobranchia,,Pleurobranchida,,,Quijotidae
Animalia,Mollusca,,Heterobranchia,,Pupilloidei,,,Cochlicopidae
Animalia,Mollusca,,Heterobranchia,,Bulloidei,,,Bullidae
Animalia,Mollusca,,Heterobranchia,,Pupilloidei,,,Agardhiellidae
Animalia,Mollusca,,Heterobranchia,,Doridoidei,,,Calycidorididae
Animalia,Mollusca,,Heterobranchia,,Cladobranchia,,,Tritoniidae
Animalia,Mollusca,,Heterobranchia,,Lymnaeida,,,Lymnaeidae
Animalia,Mollusca,,Heterobranchia,,Siphonariida,,,Siphonarioidea
Animalia,Mollusca,,Heterobranchia,,Helicoidei,,,Helicidae
Animalia,Mollusca,,Heterobranchia,,Cladobranchia,,,Doridomorphidae
Animalia,Mollusca,,Heterobranchia,,Aeolidiina,,,Abronicidae
Animalia,Mollusca,,Heterobranchia,,Aeolidiina,,,Apataidae
Animalia,Mollusca,,Heterobranchia,,Oleacinoidei,,,Spiraxidae
Animalia,Mollusca,,Heterobranchia,,Arionoidei,,,Anadenidae
Animalia,Mollusca,,Heterobranchia,,Orthalicoidei,,,Orthalicidae
Animalia,Mollusca,,Heterobranchia,,Arionoidei,,,Arionoidea
Animalia,Mollusca,,Heterobranchia,,Doridoidei,,,Cadlinidae
Animalia,Mollusca,,Heterobranchia,,Umbraculida,,,Tylodinidae
Animalia,Mollusca,,Heterobranchia,,Aeolidiina,,,Fionidae
Animalia,Mollusca,,Heterobranchia,,Doridoidei,,,Phyllidioidea
Animalia,Mollusca,,Heterobranchia,,Aeolidiina,,,Tergipedidae
Animalia,Mollusca,,Heterobranchia,,Pupilloidei,,,Odontocycladidae
Animalia,Mollusca,,Heterobranchia,,Rhytidoidei,,,Rhytidoidea
Animalia,Mollusca,,Heterobranchia,,Sacoglossa,,,Oxynooidea
Animalia,Mollusca,,Heterobranchia,,Ellobiida,,,Otinidae
Animalia,Mollusca,,Heterobranchia,,Gymnosomata,,,Laginiopsidae
Animalia,Mollusca,,Heterobranchia,,Cladobranchia,,,Arminidae
Animalia,Mollusca,,Heterobranchia,,Pleurobranchida,,,Pleurobranchidae
Animalia,Mollusca,,Heterobranchia,,Aplysiida,,,Aplysioidea
Animalia,Mollusca,,Heterobranchia,,Onchidiida,,,Onchidioidea
Animalia,Mollusca,,Heterobranchia,,Rhytidoidei,,,Dorcasiidae
Animalia,Mollusca,,Heterobranchia,,Pupilloidei,,,Truncatellinidae
Animalia,Mollusca,,Heterobranchia,,Limacoidei,,,Pristilomatidae
Animalia,Mollusca,,Heterobranchia,,Achatinina,,,Streptaxoidea
Animalia,Mollusca,,Heterobranchia,,Lymnaeida,,,Chilinoidea
Animalia,Mollusca,,Heterobranchia,,Ellobiida,,,Ellobioidea
Animalia,Mollusca,,Heterobranchia,,Helicina,,,Oopeltidae
Animalia,Mollusca,,Heterobranchia,,Doridoidei,,,Discodorididae
Animalia,Mollusca,,Heterobranchia,,Architectonicina,,,Architectonicoidea
Animalia,Mollusca,,Heterobranchia,,Aeolidiina,,,Murmaniidae
Animalia,Mollusca,,Heterobranchia,,Amphibolina,,,Phallomedusidae
Animalia,Mollusca,,Heterobranchia,,Helicina,,,Oreohelicidae
Animalia,Mollusca,,Heterobranchia,,Ellobiida,,,Smeagolidae
Animalia,Mollusca,,Heterobranchia,,Lymnaeida,,,Physidae
Animalia,Mollusca,,Heterobranchia,,Aeolidiina,,,Piseinotecidae
Animalia,Mollusca,,Heterobranchia,,Cladobranchia,,,Scyllaeidae
Animalia,Mollusca,,Heterobranchia,,Lymnaeida,,,Acroloxidae
Animalia,Mollusca,,Heterobranchia,,Acteonida,,,Acteonoidea
Animalia,Mollusca,,Heterobranchia,,Pupilloidei,,,Orculidae
Animalia,Mollusca,,Heterobranchia,,Acochlida,,,Tantulidae
Animalia,Mollusca,,Heterobranchia,,Helicoidei,,,Trissexodontidae
Animalia,Mollusca,,Heterobranchia,,Pupilloidei,,,Amastridae
Animalia,Mollusca,,Heterobranchia,,Acteonida,,,Aplustridae
Animalia,Mollusca,,Heterobranchia,,Gymnosomata,,,Clionoidea
Animalia,Mollusca,,Heterobranchia,,Orbitestellida,,,Cimidae
Animalia,Mollusca,,Heterobranchia,,Aeolidiina,,,Cuthonidae
Animalia,Mollusca,,Heterobranchia,,Aplysiida,,,Aplysiidae
Animalia,Mollusca,,Heterobranchia,,Aplysiida,,,Akeridae
Animalia,Mollusca,,Heterobranchia,,Doridoidei,,,Corambidae
Animalia,Mollusca,,Heterobranchia,,Pyramidellida,,,Pyramidellidae
Animalia,Mollusca,,Heterobranchia,,Pupilloidei,,,Pupilloidea
Animalia,Mollusca,,Heterobranchia,,Arionoidei,,,Binneyidae
Animalia,Mollusca,,Heterobranchia,,Cladobranchia,,,Dironidae
Animalia,Mollusca,,Heterobranchia,,,,,Tjaernoeiidae
Animalia,Mollusca,,Heterobranchia,,Lymnaeida,,,Lymnaeoidea
Animalia,Mollusca,,Heterobranchia,,Scolodontina,,,Scolodontidae
Animalia,Mollusca,,Heterobranchia,,Lymnaeida,,,Chilinidae
Animalia,Mollusca,,Heterobranchia,,Helicina,,,Plectopyloidea
Animalia,Mollusca,,Heterobranchia,,Orthalicoidei,,,Amphibulimidae
Animalia,Mollusca,,Heterobranchia,,Limacoidei,,,Ariophantidae
Animalia,Mollusca,,Heterobranchia,,Limacoidei,,,Zonitidae
Animalia,Mollusca,,Heterobranchia,,Doridoidei,,,Dorididae
Animalia,Mollusca,,Heterobranchia,,Helicina,,,Discidae
Animalia,Mollusca,,Heterobranchia,,Oleacinoidei,,,Oleacinoidea
Animalia,Mollusca,,Heterobranchia,,Bulloidei,,,Colpodaspididae
Animalia,Mollusca,,Heterobranchia,,Thecosomata,,,Creseidae
Animalia,Mollusca,,Heterobranchia,,Veronicellida,,,Rathouisiidae
Animalia,Mollusca,,Heterobranchia,,Pupilloidei,,,Partulidae
Animalia,Mollusca,,Heterobranchia,,Aeolidiina,,,Calmidae
Animalia,Mollusca,,Heterobranchia,,Helicina,,,Urocoptidae
Animalia,Mollusca,,Heterobranchia,,Limacoidei,,,Chronidae
Animalia,Mollusca,,Heterobranchia,,Cladobranchia,,,Phylliroidae
Animalia,Mollusca,,Heterobranchia,,Omalogyrina,,,Omalogyridae
Animalia,Mollusca,,Heterobranchia,,Bulloidei,,,Mnestiidae
Animalia,Mollusca,,Heterobranchia,,Rhytidoidei,,,Rhytididae
Animalia,Mollusca,,Heterobranchia,,Cladobranchia,,,Heroidae
Animalia,Mollusca,,Heterobranchia,,Aeolidiina,,,Samlidae
Animalia,Mollusca,,Heterobranchia,,Bulloidei,,,Tornatinidae
Animalia,Mollusca,,Heterobranchia,,Architectonicina,,,Architectonicidae
Animalia,Mollusca,,Heterobranchia,,Doridoidei,,,Doridoidea
Animalia,Mollusca,,Heterobranchia,,Omalogyrina,,,Omalogyroidea
Animalia,Mollusca,,Heterobranchia,,Aeolidiina,,,Unidentiidae
Animalia,Mollusca,,Heterobranchia,,Rhytidoidei,,,Acavidae
Animalia,Mollusca,,Heterobranchia,,Thecosomata,,,Limacinidae
Animalia,Mollusca,,Heterobranchia,,Helicoidei,,,Trichodiscinidae
Animalia,Mollusca,,Heterobranchia,,Bulloidei,,,Rhizoridae
Animalia,Mollusca,,Heterobranchia,,Helicina,,,Epirobiidae
Animalia,Mollusca,,Heterobranchia,,Limacoidei,,,Limacidae
Animalia,Mollusca,,Heterobranchia,,Ectobranchia,,,Hyalogyrinidae
Animalia,Mollusca,,Heterobranchia,,Achatinina,,,Achatinoidea
Animalia,Mollusca,,Heterobranchia,,Pupilloidei,,,Achatinellidae
Animalia,Mollusca,,Heterobranchia,,Helicoidei,,,Cepolidae
Animalia,Mollusca,,Heterobranchia,,Pupilloidei,,,Pupillidae
Animalia,Mollusca,,Heterobranchia,,Ectobranchia,,,Valvatidae
Animalia,Mollusca,,Heterobranchia,,Bulloidei,,,Philinoidea
Animalia,Mollusca,,Heterobranchia,,Limacoidei,,,Dyakiidae
Animalia,Mollusca,,Heterobranchia,,Lymnaeida,,,Planorbidae
Animalia,Mollusca,,Heterobranchia,,Helicina,,,Charopidae
Animalia,Mollusca,,Heterobranchia,,Rissoellida,,,Rissoellidae
Animalia,Mollusca,,Heterobranchia,,Cladobranchia,,,Curnonidae
Animalia,Mollusca,,Heterobranchia,,Limacoidei,,,Helicarionoidea
Animalia,Mollusca,,Heterobranchia,,Arionoidei,,,Arionidae
Animalia,Mollusca,,Heterobranchia,,Helicina,,,Helicodiscidae
Animalia,Mollusca,,Heterobranchia,,Ectobranchia,,,Cornirostridae
Animalia,Mollusca,,Heterobranchia,,Helicoidei,,,Xanthonychidae
Animalia,Mollusca,,Heterobranchia,,Acochlida,,,Parhedyloidea
Animalia,Mollusca,,Heterobranchia,,Aeolidiina,,,Fionoidea
Animalia,Mollusca,,Heterobranchia,,Acochlida,,,Pseudunelidae
Animalia,Mollusca,,Heterobranchia,,Arionoidei,,,Philomycidae
Animalia,Mollusca,,Heterobranchia,,Rhytidoidei,,,Macrocyclidae
Animalia,Mollusca,,Heterobranchia,,Doridoidei,,,Onchidoridoidea
Animalia,Mollusca,,Heterobranchia,,Aeolidiina,,,Myrrhinidae
Animalia,Mollusca,,Heterobranchia,,Helicoidei,,,Geomitridae
Animalia,Mollusca,,Heterobranchia,,Bulloidei,,,Cylichnoidea
Animalia,Mollusca,,Heterobranchia,,Scolodontina,,,Scolodontoidea
Animalia,Mollusca,,Heterobranchia,,Aeolidiina,,,Coryphellidae
Animalia,Mollusca,,Heteroconchia,,Venerida,,,Trapezidae
Animalia,Mollusca,,Heteroconchia,,Thraciida,,,Thraciidae
Animalia,Mollusca,,Heteroconchia,,Poromyida,,,Cuspidarioidea
Animalia,Mollusca,,Heteroconchia,,Venerida,,,Cardilidae
Animalia,Mollusca,,Heteroconchia,,Unionida,,,Etherioidea
Animalia,Mollusca,,Heteroconchia,,Venerida,,,Veneroidea
Animalia,Mollusca,,Heteroconchia,,Sphaeriida,,,Psammobiidae
Animalia,Mollusca,,Heteroconchia,,Venerida,,,Arcticoidea
Animalia,Mollusca,,Heteroconchia,,Venerida,,,Basterotiidae
Animalia,Mollusca,,Heteroconchia,,Venerida,,,Petricolidae
Animalia,Mollusca,,Heteroconchia,,Pholadomyida,,,Pholadomyoidea
Animalia,Mollusca,,Heteroconchia,,Lucinida,,,Mactromyidae
Animalia,Mollusca,,Heteroconchia,,Venerida,,,Mesodesmatidae
Animalia,Mollusca,,Heteroconchia,,Poromyida,,,Spheniopsidae
Animalia,Mollusca,,Heteroconchia,,Lucinida,,,Lucinoidea
Animalia,Mollusca,,Heteroconchia,,Solenida,,,Hiatellidae
Animalia,Mollusca,,Heteroconchia,,Unionida,,,Hyrioidea
Animalia,Mollusca,,Heteroconchia,,Venerida,,,Ungulinidae
Animalia,Mollusca,,Heteroconchia,,Unionida,,,Unionoidea
Animalia,Mollusca,,Heteroconchia,,Pandorida,,,Pandoridae
Animalia,Mollusca,,Heteroconchia,,Lucinida,,,Lucinidae
Animalia,Mollusca,,Heteroconchia,,Pandorida,,,Lyonsiidae
Animalia,Mollusca,,Heteroconchia,,Venerida,,,Hemidonacidae
Animalia,Mollusca,,Heteroconchia,,Venerida,,,Ungulinoidea
Animalia,Mollusca,,Heteroconchia,,Poromyida,,,Verticordiidae
Animalia,Mollusca,,Heteroconchia,,Poromyida,,,Protocuspidariidae
Animalia,Mollusca,,Heteroconchia,,Venerida,,,Mactroidea
Animalia,Mollusca,,Heteroconchia,,Myida,,,Pholadoidea
Animalia,Mollusca,,Heteroconchia,,Thraciida,,,Myochamidae
Animalia,Mollusca,,Heteroconchia,,Pandorida,,,Penicillidae
Animalia,Mollusca,,Heteroconchia,,Poromyida,,,Cuspidariidae
Animalia,Mollusca,,Heteroconchia,,Galeommatida,,,Lasaeidae
Animalia,Mollusca,,Heteroconchia,,Venerida,,,Glossidae
Animalia,Mollusca,,Heteroconchia,,Venerida,,,Glossoidea
Animalia,Mollusca,,Heteroconchia,,Pandorida,,,Pandoroidea
Animalia,Mollusca,,Heteroconchia,,Unionida,,,Margaritiferidae
Animalia,Mollusca,,Heteroconchia,,Myida,,,Pholadidae
Animalia,Mollusca,,Heteroconchia,,Unionida,,,Iridinidae
Animalia,Mollusca,,Heteroconchia,,Solenida,,,Solenidae
Animalia,Mollusca,,Heteroconchia,,Venerida,,,Galatheavalvidae
Animalia,Mollusca,,Heteroconchia,,Pandorida,,,Clavagelloidea
Animalia,Mollusca,,Heteroconchia,,Venerida,,,Mactridae
Animalia,Mollusca,,Heteroconchia,,Carditida,,,Crassatelloidea
Animalia,Mollusca,,Heteroconchia,,Sphaeriida,,,Tellinidae
Animalia,Mollusca,,Heteroconchia,,Sphaeriida,,,Tellinoidea
Animalia,Mollusca,,Heteroconchia,,Gastrochaenida,,,Gastrochaenidae
Animalia,Mollusca,,Heteroconchia,,Unionida,,,Etheriidae
Animalia,Mollusca,,Heteroconchia,,Pandorida,,,Clavagellidae
Animalia,Mollusca,,Heteroconchia,,Lucinida,,,Thyasiridae
Animalia,Mollusca,,Heteroconchia,,Myida,,,Dreissenidae
Animalia,Mollusca,,Heteroconchia,,Venerida,,,Gaimardiidae
Animalia,Mollusca,,Heteroconchia,,Venerida,,,Neoleptonidae
Animalia,Mollusca,,Heteroconchia,,Venerida,,,Hemidonacoidea
Animalia,Mollusca,,Heteroconchia,,Galeommatida,,,Galeommatidae
Animalia,Mollusca,,Heteroconchia,,Solenida,,,Saxicavellidae
Animalia,Mollusca,,Heteroconchia,,Sphaeriida,,,Solecurtidae
Animalia,Mollusca,,Heteroconchia,,Poromyida,,,Cetoconchidae
Animalia,Mollusca,,Heteroconchia,,Venerida,,,Cyamioidea
Animalia,Mollusca,,Heteroconchia,,Poromyida,,,Poromyidae
Animalia,Mollusca,,Heteroconchia,,Poromyida,,,Euciroidae
Animalia,Mollusca,,Heteroconchia,,Venerida,,,Cyamiidae
Animalia,Mollusca,,Heteroconchia,,Unionida,,,Hyriidae
Animalia,Mollusca,,Heteroconchia,,Venerida,,,Cyrenoidea
Animalia,Mollusca,,Heteroconchia,,Myida,,,Myoidea
Animalia,Mollusca,,Heteroconchia,,,,,
Animalia,Mollusca,,Heteroconchia,,Poromyida,,,Halonymphidae
Animalia,Mollusca,,Heteroconchia,,Carditida,,,Crassatellidae
Animalia,Mollusca,,Heteroconchia,,Venerida,,,Chamoidea
Animalia,Mollusca,,Heteroconchia,,Unionida,,,Unionidae
Animalia,Mollusca,,Heteroconchia,,Poromyida,,,Poromyoidea
Animalia,Mollusca,,Heteroconchia,,Unionida,,,Mycetopodidae
Animalia,Mollusca,,Heteroconchia,,Myida,,,Dreissenoidea
Animalia,Mollusca,,Heteroconchia,,Thraciida,,,Periplomatidae
Animalia,Mollusca,,Heteroconchia,,Sphaeriida,,,Semelidae
Animalia,Mollusca,,Heteroconchia,,Cardiida,,,Cardiidae
Animalia,Mollusca,,Heteroconchia,,Solenida,,,Solenoidea
Animalia,Mollusca,,Heteroconchia,,Carditida,,,Cardiniidae
Animalia,Mollusca,,Heteroconchia,,Lucinida,,,Thyasiroidea
Animalia,Mollusca,,Heteroconchia,,Venerida,,,Arcticidae
Animalia,Mollusca,,Heteroconchia,,Sphaeriida,,,Donacidae
Animalia,Mollusca,,Heteroconchia,,Myida,,,Corbulidae
Animalia,Mollusca,,Heteroconchia,,Venerida,,,Sportellidae
Animalia,Mollusca,,Heteroconchia,,Venerida,,,Glauconomidae
Animalia,Mollusca,,Heteroconchia,,Pholadomyida,,,Pholadomyidae
Animalia,Mollusca,,Heteroconchia,,Poromyida,,,Lyonsiellidae
Animalia,Mollusca,,Heteroconchia,,Thraciida,,,Cleidothaeridae
Animalia,Mollusca,,Heteroconchia,,Venerida,,,Anatinellidae
Animalia,Mollusca,,Heteroconchia,,Carditida,,,Astartidae
Animalia,Mollusca,,Heteroconchia,,Venerida,,,Chamidae
Animalia,Mollusca,,Heteroconchia,,Venerida,,,Vesicomyidae
Animalia,Mollusca,,Heteroconchia,,Venerida,,,Veneridae
Animalia,Mollusca,,Heteroconchia,,Venerida,,,Kelliellidae
Animalia,Mollusca,,Heteroconchia,,Carditida,,,Condylocardiidae
Animalia,Mollusca,,Heteroconchia,,Venerida,,,Kellielloidea
Animalia,Mollusca,,Heteroconchia,,Poromyida,,,Verticordioidea
Animalia,Mollusca,,Heteroconchia,,Sphaeriida,,,Sphaeriidae
Animalia,Mollusca,,Heteroconchia,,Galeommatida,,,Galeommatoidea
Animalia,Mollusca,,Heteroconchia,,Myida,,,Myidae
Animalia,Mollusca,,Heteroconchia,,Solenida,,,Pharidae
Animalia,Mollusca,,Heteroconchia,,Venerida,,,Cyrenoididae
Animalia,Mollusca,,Heteroconchia,,Solenida,,,Hiatelloidea
Animalia,Mollusca,,Heteroconchia,,Trigoniida,,,Trigoniidae
Animalia,Mollusca,,Heteroconchia,,Thraciida,,,Thracioidea
Animalia,Mollusca,,Heteroconchia,,Myida,,,Teredinidae
Animalia,Mollusca,,Heteroconchia,,Sphaeriida,,,Sphaerioidea
Animalia,Mollusca,,Heteroconchia,,Cardiida,,,Cardioidea
Animalia,Mollusca,,Heteroconchia,,Venerida,,,Cyrenidae
Animalia,Mollusca,,Heteroconchia,,Myida,,,Xylophagaidae
Animalia,Mollusca,,Heteroconchia,,Gastrochaenida,,,Gastrochaenoidea
Animalia,Mollusca,,Heteroconchia,,Pandorida,,,Laternulidae
Animalia,Mollusca,,Heteroconchia,,Carditida,,,Carditidae
Animalia,Mollusca,,Protobranchia,,Nuculanina,,,Sareptidae
Animalia,Mollusca,,Protobranchia,,Nuculanina,,,Lametilidae
Animalia,Mollusca,,Protobranchia,,Nuculanina,,,Siliculidae
Animalia,Mollusca,,Protobranchia,,Nuculanina,,,Nuculanidae
Animalia,Mollusca,,Protobranchia,,Nuculida,,,Praenuculidae
Animalia,Mollusca,,Protobranchia,,Nuculida,,,Nuculidae
Animalia,Mollusca,,Protobranchia,,Nuculanina,,,Phaseolidae
Animalia,Mollusca,,Protobranchia,,Nuculanina,,,Neilonellidae
Animalia,Mollusca,,Protobranchia,,Nuculanina,,,Tindariidae
Animalia,Mollusca,,Protobranchia,,Solemyida,,,Solemyoidea
Animalia,Mollusca,,Protobranchia,,Solemyida,,,Solemyidae
Animalia,Mollusca,,Protobranchia,,Manzanellida,,,Nucinellidae
Animalia,Mollusca,,Protobranchia,,,,,
Animalia,Mollusca,,Protobranchia,,Nuculida,,,Nuculoidea
Animalia,Mollusca,,Protobranchia,,Nuculanina,,,Yoldiidae
Animalia,Mollusca,,Protobranchia,,Manzanellida,,,Manzanellidae
Animalia,Mollusca,,Protobranchia,,Manzanellida,,,Manzanelloidea
Animalia,Mollusca,,Protobranchia,,Nuculanina,,,Malletiidae
Animalia,Mollusca,,Protobranchia,,Nuculanina,,,Nuculanoidea
Animalia,Mollusca,,Protobranchia,,Nuculanina,,,Sareptoidea
Animalia,Mollusca,,Aplotegmentaria,,Pholidoskepia,,,Meiomeniidae
Animalia,Mollusca,,Aplotegmentaria,,Neomeniida,,,Neomeniidae
Animalia,Mollusca,,Aplotegmentaria,,Neomeniida,,,Neomenioidea
Animalia,Mollusca,,Aplotegmentaria,,Pholidoskepia,,,Sandalomeniidae
Animalia,Mollusca,,Aplotegmentaria,,,,,
Animalia,Mollusca,,Aplotegmentaria,,Pholidoskepia,,,Lepidomeniidae
Animalia,Mollusca,,Aplotegmentaria,,Pholidoskepia,,,Macellomeniidae
Animalia,Mollusca,,Aplotegmentaria,,Neomeniida,,,Hemimeniidae
Animalia,Mollusca,,Aplotegmentaria,,Pholidoskepia,,,Gymnomeniidae
Animalia,Mollusca,,Aplotegmentaria,,Pholidoskepia,,,Dondersioidea
Animalia,Mollusca,,Aplotegmentaria,,Pholidoskepia,,,Dondersiidae
Animalia,Mollusca,,Patellogastropoda,,Nacellina,,,Lepetidae
Animalia,Mollusca,,Patellogastropoda,,Lottiina,,,Lottiidae
Animalia,Mollusca,,Patellogastropoda,,Patellida,,,Patelloidea
Animalia,Mollusca,,Patellogastropoda,,Nacellina,,,Nacelloidea
Animalia,Mollusca,,Patellogastropoda,,Lottiina,,,Neolepetopsidae
Animalia,Mollusca,,Patellogastropoda,,Nacellina,,,Lepetoidea
Animalia,Mollusca,,Patellogastropoda,,,,,
Animalia,Mollusca,,Patellogastropoda,,Nacellina,,,Pectinodontidae
Animalia,Mollusca,,Patellogastropoda,,Lottiina,,,Eoacmaeidae
Animalia,Mollusca,,Patellogastropoda,,Lottiina,,,Lottioidea
Animalia,Mollusca,,Patellogastropoda,,Lottiina,,,Acmaeidae
Animalia,Mollusca,,Patellogastropoda,,Nacellina,,,Nacellidae
Animalia,Mollusca,,Patellogastropoda,,Patellida,,,Patellidae
Animalia,Mollusca,,,,,,,
Animalia,Mollusca,,Scaphopoda,,Entalimorpha,,,Entalinoidea
Animalia,Mollusca,,Scaphopoda,,Dentaliida,,,Gadilinidae
Animalia,Mollusca,,Scaphopoda,,Dentaliida,,,Baltodentaliidae
Animalia,Mollusca,,Scaphopoda,,Dentaliida,,,Laevidentaliidae
Animalia,Mollusca,,Scaphopoda,,Gadilimorpha,,,Gadilidae
Animalia,Mollusca,,Scaphopoda,,Entalimorpha,,,Entalinidae
Animalia,Mollusca,,Scaphopoda,,Gadilimorpha,,,Wemersoniellidae
Animalia,Mollusca,,Scaphopoda,,Dentaliida,,,Dentaliidae
Animalia,Mollusca,,Scaphopoda,,Dentaliida,,,Rhabdidae
Animalia,Mollusca,,Scaphopoda,,Dentaliida,,,Dentalioidea
Animalia,Mollusca,,Scaphopoda,,Gadilimorpha,,,Gadiloidea
Animalia,Mollusca,,Scaphopoda,,Dentaliida,,,Omniglyptidae
Animalia,Mollusca,,Scaphopoda,,Dentaliida,,,Calliodentaliidae
Animalia,Mollusca,,Scaphopoda,,Dentaliida,,,Prodentaliidae
Animalia,Mollusca,,Scaphopoda,,Dentaliida,,,Anulidentaliidae
Animalia,Mollusca,,Scaphopoda,,Gadilimorpha,,,Pulsellidae
Animalia,Mollusca,,Scaphopoda,,,,,
Animalia,Mollusca,,Scaphopoda,,Dentaliida,,,Fustiariidae
Animalia,Mollusca,,Vetigastropoda,,Trochida,,,Skeneidae
Animalia,Mollusca,,Vetigastropoda,,Lepetellida,,,Pyropeltidae
Animalia,Mollusca,,Vetigastropoda,,Lepetellida,,,Pseudococculinidae
Animalia,Mollusca,,Vetigastropoda,,Neomphalina,,,Peltospiridae
Animalia,Mollusca,,Vetigastropoda,,Lepetellida,,,Osteopeltidae
Animalia,Mollusca,,Vetigastropoda,,Scissurellina,,,Lepetodriloidea
Animalia,Mollusca,,Vetigastropoda,,Cocculinina,,,Cocculinoidea
Animalia,Mollusca,,Vetigastropoda,,Lepetellida,,,Bathyphytophilidae
Animalia,Mollusca,,Vetigastropoda,,Trochida,,,Colloniidae
Animalia,Mollusca,,Vetigastropoda,,Seguenziida,,,Pendromidae
Animalia,Mollusca,,Vetigastropoda,,Trochida,,,Angariidae
Animalia,Mollusca,,Vetigastropoda,,Trochida,,,Solariellidae
Animalia,Mollusca,,Vetigastropoda,,Seguenziida,,,Chilodontaidae
Animalia,Mollusca,,Vetigastropoda,,Scissurellina,,,Scissurellidae
Animalia,Mollusca,,Vetigastropoda,,Scissurellina,,,Anatomidae
Animalia,Mollusca,,Vetigastropoda,,Trochida,,,Trochidae
Animalia,Mollusca,,Vetigastropoda,,Pleurotomariida,,,Pleurotomariidae
Animalia,Mollusca,,Vetigastropoda,,Lepetellida,,,Addisoniidae
Animalia,Mollusca,,Vetigastropoda,,Trochida,,,Calliostomatidae
Animalia,Mollusca,,Vetigastropoda,,Trochida,,,Areneidae
Animalia,Mollusca,,Vetigastropoda,,Neomphalina,,,Neomphalidae
Animalia,Mollusca,,Vetigastropoda,,Scissurellina,,,Lepetodrilidae
Animalia,Mollusca,,Vetigastropoda,,Cocculinina,,,Bathysciadiidae
Animalia,Mollusca,,Vetigastropoda,,Trochida,,,Phasianellidae
Animalia,Mollusca,,Vetigastropoda,,Seguenziida,,,Eucyclidae
Animalia,Mollusca,,Vetigastropoda,,Scissurellina,,,Sutilizonidae
Animalia,Mollusca,,Vetigastropoda,,Seguenziida,,,Seguenziidae
Animalia,Mollusca,,Vetigastropoda,,Scissurellina,,,Larocheidae
Animalia,Mollusca,,Vetigastropoda,,Fissurellina,,,Fissurellidae
Animalia,Mollusca,,Vetigastropoda,,Haliotida,,,Haliotidae
Animalia,Mollusca,,Vetigastropoda,,Lepetellida,,,Lepetellidae
Animalia,Mollusca,,Vetigastropoda,,Trochida,,,Tegulidae
Animalia,Mollusca,,Vetigastropoda,,,,,
Animalia,Mollusca,,Vetigastropoda,,Seguenziida,,,Eudaroniidae
Animalia,Mollusca,,Vetigastropoda,,Trochida,,,Turbinidae
Animalia,Mollusca,,Vetigastropoda,,Lepetellida,,,Lepetelloidea
Animalia,Mollusca,,Vetigastropoda,,Seguenziida,,,Choristellidae
Animalia,Mollusca,,Vetigastropoda,,Cocculinina,,,Cocculinidae
Animalia,Mollusca,,Vetigastropoda,,Haliotida,,,Haliotoidea
Animalia,Mollusca,,Vetigastropoda,,Trochida,,,Margaritidae
Animalia,Mollusca,,Vetigastropoda,,Lepetellida,,,Cocculinellidae
Animalia,Mollusca,,Vetigastropoda,,Neomphalina,,,Neomphaloidea
Animalia,Mollusca,,Vetigastropoda,,Seguenziida,,,Seguenzioidea
Animalia,Mollusca,,Vetigastropoda,,Scissurellina,,,Scissurelloidea
Animalia,Mollusca,,Vetigastropoda,,Pleurotomariida,,,Pleurotomarioidea
Animalia,Mollusca,,Vetigastropoda,,Lepetellida,,,Caymanabyssiidae
Animalia,Mollusca,,Vetigastropoda,,Trochida,,,Conradiidae
Animalia,Mollusca,,Vetigastropoda,,Trochida,,,Liotiidae
Animalia,Mollusca,,Vetigastropoda,,Seguenziida,,,Trochaclididae
Animalia,Mollusca,,Vetigastropoda,,Trochida,,,Trochoidea
Animalia,Mollusca,,Vetigastropoda,,Fissurellina,,,Fissurelloidea
Animalia,Mollusca,,Vetigastropoda,,Seguenziida,,,Cataegidae
Animalia,Mollusca,,Vetigastropoda,,Neomphalina,,,Melanodrymiidae
Animalia,Mollusca,,Pachytegmentaria,,Cavibelonia,,,Simrothiellidae
Animalia,Mollusca,,Pachytegmentaria,,Cavibelonia,,,Rhipidoherpiidae
Animalia,Mollusca,,Pachytegmentaria,,Cavibelonia,,,Pararrhopaliidae
Animalia,Mollusca,,Pachytegmentaria,,Cavibelonia,,,Acanthomeniidae
Animalia,Mollusca,,Pachytegmentaria,,Cavibelonia,,,Strophomeniidae
Animalia,Mollusca,,Pachytegmentaria,,Sterrofustia,,,Imeroherpiidae
Animalia,Mollusca,,Pachytegmentaria,,Cavibelonia,,,Syngenoherpiidae
Animalia,Mollusca,,Pachytegmentaria,,Cavibelonia,,,Rhopalomeniidae
Animalia,Mollusca,,Pachytegmentaria,,Cavibelonia,,,Drepanomeniidae
Animalia,Mollusca,,Pachytegmentaria,,Sterrofustia,,,Heteroherpioidea
Animalia,Mollusca,,Pachytegmentaria,,,,,
Animalia,Mollusca,,Pachytegmentaria,,Cavibelonia,,,Proneomeniidae
Animalia,Mollusca,,Pachytegmentaria,,Sterrofustia,,,Herteroherpiidae
Animalia,Mollusca,,Pachytegmentaria,,Cavibelonia,,,Amphimeniidae
Animalia,Mollusca,,Pachytegmentaria,,Sterrofustia,,,Phyllomeniidae
Animalia,Mollusca,,Pachytegmentaria,,Cavibelonia,,,Proneomenioidea
Animalia,Mollusca,,Pachytegmentaria,,Cavibelonia,,,Epimeniidae
Animalia,Mollusca,,Pachytegmentaria,,Cavibelonia,,,Notomeniidae
Animalia,Mollusca,,Coleoidea,,Oegopsina,,,Thysanoteuthidae
Animalia,Mollusca,,Coleoidea,,Oegopsina,,,Architeuthidae
Animalia,Mollusca,,Coleoidea,,Oegopsina,,,Mastigoteuthidae
Animalia,Mollusca,,Coleoidea,,Oegopsina,,,Promachoteuthidae
Animalia,Mollusca,,Coleoidea,,Oegopsina,,,Neoteuthidae
Animalia,Mollusca,,Coleoidea,,Oegopsina,,,Walvisteuthidae
Animalia,Mollusca,,Coleoidea,,Oegopsina,,,Ancistrocheiridae
Animalia,Mollusca,,Coleoidea,,Oegopsina,,,Chiroteuthidae
Animalia,Mollusca,,Coleoidea,,Oegopsina,,,Bathyteuthidae
Animalia,Mollusca,,Coleoidea,,Oegopsina,,,Gonatidae
Animalia,Mollusca,,Coleoidea,,Myopsina,,,Loliginidae
Animalia,Mollusca,,Coleoidea,,Oegopsina,,,Batoteuthidae
Animalia,Mollusca,,Coleoidea,,Spirulida,,,Spirulidae
Animalia,Mollusca,,Coleoidea,,Oegopsina,,,Psychroteuthidae
Animalia,Mollusca,,Coleoidea,,Oegopsina,,,Octopoteuthidae
Animalia,Mollusca,,Coleoidea,,Incirrina,,,Ocythoidae
Animalia,Mollusca,,Coleoidea,,Incirrina,,,Alloposidae
Animalia,Mollusca,,Coleoidea,,Oegopsina,,,Enoploteuthidae
Animalia,Mollusca,,Coleoidea,,Oegopsina,,,Lepidoteuthidae
Animalia,Mollusca,,Coleoidea,,Cirrina,,,Cirroteuthidae
Animalia,Mollusca,,Coleoidea,,Oegopsina,,,Pyroteuthidae
Animalia,Mollusca,,Coleoidea,,Oegopsina,,,Cycloteuthidae
Animalia,Mollusca,,Coleoidea,,Incirrina,,,Argonautidae
Animalia,Mollusca,,Coleoidea,,Incirrina,,,Bolitaenidae
Animalia,Mollusca,,Coleoidea,,Cirrina,,,Stauroteuthidae
Animalia,Mollusca,,Coleoidea,,Incirrina,,,Idioctopodidae
Animalia,Mollusca,,Coleoidea,,Sepiida,,,Sepiadariidae
Animalia,Mollusca,,Coleoidea,,Oegopsina,,,Joubiniteuthidae
Animalia,Mollusca,,Coleoidea,,,,,
Animalia,Mollusca,,Coleoidea,,Oegopsina,,,Chtenopterygidae
Animalia,Mollusca,,Coleoidea,,Incirrina,,,Vitreledonellidae
Animalia,Mollusca,,Coleoidea,,Cirrina,,,Opisthoteuthidae
Animalia,Mollusca,,Coleoidea,,Oegopsina,,,Histioteuthidae
Animalia,Mollusca,,Coleoidea,,Sepiolida,,,Sepiolidae
Animalia,Mollusca,,Coleoidea,,Oegopsina,,,Ommastrephidae
Animalia,Mollusca,,Coleoidea,,Oegopsina,,,Lycoteuthidae
Animalia,Mollusca,,Coleoidea,,Sepiida,,,Sepiidae
Animalia,Mollusca,,Coleoidea,,Sepiolida,,,Idiosepiidae
Animalia,Mollusca,,Coleoidea,,Oegopsina,,,Onychoteuthidae
Animalia,Mollusca,,Coleoidea,,Incirrina,,,Amphitretidae
Animalia,Mollusca,,Coleoidea,,Incirrina,,,Octopodidae
Animalia,Mollusca,,Coleoidea,,Oegopsina,,,Brachioteuthidae
Animalia,Mollusca,,Coleoidea,,Oegopsina,,,Cranchiidae
Animalia,Mollusca,,Coleoidea,,Incirrina,,,Tremoctopodidae
Animalia,Mollusca,,Coleoidea,,Vampyromorphida,,,Vampyroteuthidae
Animalia,Mollusca,,Neritimorpha,,Helicinina,,,Proserpinellidae
Animalia,Mollusca,,Neritimorpha,,Hydrocenina,,,Hydrocenoidea
Animalia,Mollusca,,Neritimorpha,,Hydrocenina,,,Hydrocenidae
Animalia,Mollusca,,Neritimorpha,,Helicinina,,,Proserpinidae
Animalia,Mollusca,,Neritimorpha,,Neritina,,,Neritidae
Animalia,Mollusca,,Neritimorpha,,Neritopsina,,,Neritopsoidea
Animalia,Mollusca,,Neritimorpha,,Helicinina,,,Phenacolepadidae
Animalia,Mollusca,,Neritimorpha,,,,,
Animalia,Mollusca,,Neritimorpha,,Neritopsina,,,Titiscaniidae
Animalia,Mollusca,,Neritimorpha,,Helicinina,,,Helicinidae
Animalia,Mollusca,,Neritimorpha,,Helicinina,,,Neritiliidae
Animalia,Mollusca,,Neritimorpha,,Helicinina,,,Helicinoidea
Animalia,Mollusca,,Neritimorpha,,Helicinina,,,Neritilioidea
Animalia,Mollusca,,Neritimorpha,,Neritina,,,Neritoidea
Animalia,Mollusca,,Neritimorpha,,Neritopsina,,,Neritopsidae
Animalia,Mollusca,,Neoloricata,,Acanthochitonina,,,Choriplacidae
Animalia,Mollusca,,Neoloricata,,Acanthochitonina,,,Acanthochitonidae
Animalia,Mollusca,,Neoloricata,,Chitonina,,,Ischnochitonidae
Animalia,Mollusca,,Neoloricata,,Chitonina,,,Schizochitonidae
Animalia,Mollusca,,Neoloricata,,,,,
Animalia,Mollusca,,Neoloricata,,Lepidopleurina,,,Leptochitonidae
Animalia,Mollusca,,Neoloricata,,Acanthochitonina,,,Cryptoplacidae
Animalia,Mollusca,,Neoloricata,,Lepidopleurina,,,Hanleyidae
Animalia,Mollusca,,Neoloricata,,Chitonina,,,Chitonidae
Animalia,Mollusca,,Neoloricata,,Acanthochitonina,,,Mopaliidae
Animalia,Mollusca,,Pteriomorphia,,Arcida,,,Parallelodontidae
Animalia,Mollusca,,Pteriomorphia,,Arcida,,,Anomiidae
Animalia,Mollusca,,Pteriomorphia,,Limida,,,Isolimeidae
Animalia,Mollusca,,Pteriomorphia,,Pteriina,,,Pinnoidea
Animalia,Mollusca,,Pteriomorphia,,Limida,,,Entoliidae
Animalia,Mollusca,,Pteriomorphia,,Arcida,,,Dimyidae
Animalia,Mollusca,,Pteriomorphia,,Arcida,,,Dimyoidea
Animalia,Mollusca,,Pteriomorphia,,Limida,,,Propeamussiidae
Animalia,Mollusca,,Pteriomorphia,,Arcida,,,Cucullaeidae
Animalia,Mollusca,,Pteriomorphia,,Arcida,,,Noetiidae
Animalia,Mollusca,,Pteriomorphia,,Arcida,,,Anomioidea
Animalia,Mollusca,,Pteriomorphia,,Pectinina,,,Pectinidae
Animalia,Mollusca,,Pteriomorphia,,Limida,,,Limoidea
Animalia,Mollusca,,Pteriomorphia,,Mytilida,,,Mytilidae
Animalia,Mollusca,,Pteriomorphia,,Pteriina,,,Pterioidea
Animalia,Mollusca,,Pteriomorphia,,Arcida,,,Plicatulidae
Animalia,Mollusca,,Pteriomorphia,,Limida,,,Limidae
Animalia,Mollusca,,Pteriomorphia,,Ostreida,,,Ostreoidea
Animalia,Mollusca,,Pteriomorphia,,Pectinina,,,Spondylidae
Animalia,Mollusca,,Pteriomorphia,,Arcida,,,Philobryoidea
Animalia,Mollusca,,Pteriomorphia,,Pteriina,,,Pinnidae
Animalia,Mollusca,,Pteriomorphia,,Arcida,,,Arcoidea
Animalia,Mollusca,,Pteriomorphia,,,,,
Animalia,Mollusca,,Pteriomorphia,,Arcida,,,Arcidae
Animalia,Mollusca,,Pteriomorphia,,Mytilida,,,Mytiloidea
Animalia,Mollusca,,Pteriomorphia,,Pteriina,,,Pteriidae
Animalia,Mollusca,,Pteriomorphia,,Pteriina,,,Isognomonidae
Animalia,Mollusca,,Pteriomorphia,,Arcida,,,Philobryidae
Animalia,Mollusca,,Pteriomorphia,,Ostreida,,,Gryphaeidae
Animalia,Mollusca,,Pteriomorphia,,Pectinina,,,Cyclochlamydidae
Animalia,Mollusca,,Pteriomorphia,,Arcida,,,Limopsidae
Animalia,Mollusca,,Pteriomorphia,,Ostreida,,,Ostreidae
Animalia,Mollusca,,Pteriomorphia,,Arcida,,,Glycymerididae
Animalia,Mollusca,,Pteriomorphia,,Arcida,,,Placunidae
Animalia,Mollusca,,Pteriomorphia,,Limida,,,Entolioidea
Animalia,Mollusca,,Pteriomorphia,,Pectinina,,,Pectinoidea
Animalia,Mollusca,,Pteriomorphia,,Pteriina,,,Pulvinitidae
Animalia,Mollusca,,Pteriomorphia,,Pteriina,,,Malleidae
Animalia,Mollusca,,Pteriomorphia,,Arcida,,,Plicatuloidea
Animalia,Mollusca,,Caenogastropoda,,Rissoidina,,,Truncatelloidea
Animalia,Mollusca,,Caenogastropoda,,Strombida,,,Xenophoridae
Animalia,Mollusca,,Caenogastropoda,,Littorinida,,,Cingulopsidae
Animalia,Mollusca,,Caenogastropoda,,Neogastropoda,,,Bellolividae
Animalia,Mollusca,,Caenogastropoda,,Rissoidina,,,Truncatellidae
Animalia,Mollusca,,Caenogastropoda,,Littorinida,,,Hipponicoidea
Animalia,Mollusca,,Caenogastropoda,,Cyclophorida,,,Diplommatinidae
Animalia,Mollusca,,Caenogastropoda,,Neogastropoda,,,Turridae
Animalia,Mollusca,,Caenogastropoda,,Littorinina,,,Pterotracheoidea
Animalia,Mollusca,,Caenogastropoda,,Neogastropoda,,,Pyramimitridae
Animalia,Mollusca,,Caenogastropoda,,Ampullariida,,,Ampullinidae
Animalia,Mollusca,,Caenogastropoda,,Cyclophorida,,,Megalomastomatidae
Animalia,Mollusca,,Caenogastropoda,,Neogastropoda,,,Columbariidae
Animalia,Mollusca,,Caenogastropoda,,Cypraeida,,,Ovulidae
Animalia,Mollusca,,Caenogastropoda,,Neogastropoda,,,Conidae
Animalia,Mollusca,,Caenogastropoda,,Cypraeida,,,Triviidae
Animalia,Mollusca,,Caenogastropoda,,Cypraeida,,,Velutinidae
Animalia,Mollusca,,Caenogastropoda,,Rissoidina,,,Aclididae
Animalia,Mollusca,,Caenogastropoda,,Neogastropoda,,,Borsoniidae
Animalia,Mollusca,,Caenogastropoda,,Rissoidina,,,Anabathridae
Animalia,Mollusca,,Caenogastropoda,,Tonnida,,,Ficoidea
Animalia,Mollusca,,Caenogastropoda,,Calyptraeina,,,Calyptraeidae
Animalia,Mollusca,,Caenogastropoda,,Cyclophorida,,,Cyclophoroidea
Animalia,Mollusca,,Caenogastropoda,,Neogastropoda,,,Nassariidae
Animalia,Mollusca,,Caenogastropoda,,Tonnida,,,Tonnoidea
Animalia,Mollusca,,Caenogastropoda,,Neogastropoda,,,Columbellidae
Animalia,Mollusca,,Caenogastropoda,,Cerithiida,,,Pickworthiidae
Animalia,Mollusca,,Caenogastropoda,,Littorinida,,,Eatoniellidae
Animalia,Mollusca,,Caenogastropoda,,Rissoidina,,,Hydrococcidae
Animalia,Mollusca,,Caenogastropoda,,Neogastropoda,,,Olividae
Animalia,Mollusca,,Caenogastropoda,,Neogastropoda,,,Colubrariidae
Animalia,Mollusca,,Caenogastropoda,,Rissoidina,,,Clenchiellidae
Animalia,Mollusca,,Caenogastropoda,,Rissoidina,,,Moitessieriidae
Animalia,Mollusca,,Caenogastropoda,,Cerithiida,,,Pachychilidae
Animalia,Mollusca,,Caenogastropoda,,Neogastropoda,,,Mitromorphidae
Animalia,Mollusca,,Caenogastropoda,,Rissoidina,,,Tornidae
Animalia,Mollusca,,Caenogastropoda,,Cypraeida,,,Eratoidae
Animalia,Mollusca,,Caenogastropoda,,Cerithiida,,,Semisulcospiridae
Animalia,Mollusca,,Caenogastropoda,,Tonnida,,,Tonnidae
Animalia,Mollusca,,Caenogastropoda,,Rissoidina,,,Falsicingulidae
Animalia,Mollusca,,Caenogastropoda,,Strombida,,,Aporrhaidae
Animalia,Mollusca,,Caenogastropoda,,Littorinida,,,Cingulopsoidea
Animalia,Mollusca,,Caenogastropoda,,Littorinida,,,Abyssochrysoidea
Animalia,Mollusca,,Caenogastropoda,,Neogastropoda,,,Volutoidea
Animalia,Mollusca,,Caenogastropoda,,Tonnida,,,Thalassocyonidae
Animalia,Mollusca,,Caenogastropoda,,Rissoidina,,,Pomatiopsidae
Animalia,Mollusca,,Caenogastropoda,,Neogastropoda,,,Pisaniidae
Animalia,Mollusca,,Caenogastropoda,,Littorinina,,,Zerotulidae
Animalia,Mollusca,,Caenogastropoda,,Epitoniina,,,Epitoniidae
Animalia,Mollusca,,Caenogastropoda,,Rissoidina,,,Stenothyridae
Animalia,Mollusca,,Caenogastropoda,,Rissoidina,,,Calopiidae
Animalia,Mollusca,,Caenogastropoda,,Rissoidina,,,Cochliopidae
Animalia,Mollusca,,Caenogastropoda,,Neogastropoda,,,Muricoidea
Animalia,Mollusca,,Caenogastropoda,,Neogastropoda,,,Cancellarioidea
Animalia,Mollusca,,Caenogastropoda,,Littorinida,,,Vermetoidea
Animalia,Mollusca,,Caenogastropoda,,Ampullariida,,,Ampullariidae
Animalia,Mollusca,,Caenogastropoda,,Tonnida,,,Charoniidae
Animalia,Mollusca,,Caenogastropoda,,Neogastropoda,,,Buccinidae
Animalia,Mollusca,,Caenogastropoda,,Rissoidina,,,Rissoidae
Animalia,Mollusca,,Caenogastropoda,,Strombida,,,Seraphsidae
Animalia,Mollusca,,Caenogastropoda,,Neogastropoda,,,Ancillariidae
Animalia,Mollusca,,Caenogastropoda,,Cerithiida,,,Turritellidae
Animalia,Mollusca,,Caenogastropoda,,Naticina,,,Naticoidea
Animalia,Mollusca,,Caenogastropoda,,Rissoidina,,,Vanikoridae
Animalia,Mollusca,,Caenogastropoda,,Littorinida,,,Abyssochrysidae
Animalia,Mollusca,,Caenogastropoda,,Cyclophorida,,,Cyclophoridae
Animalia,Mollusca,,Caenogastropoda,,Cerithiida,,,Diastomatidae
Animalia,Mollusca,,Caenogastropoda,,Calyptraeina,,,Capulidae
Animalia,Mollusca,,Caenogastropoda,,Neogastropoda,,,Muricidae
Animalia,Mollusca,,Caenogastropoda,,Rissoidina,,,Emmericiidae
Animalia,Mollusca,,Caenogastropoda,,Naticina,,,Naticidae
Animalia,Mollusca,,Caenogastropoda,,Neogastropoda,,,Marshallenidae
Animalia,Mollusca,,Caenogastropoda,,Rissoidina,,,Eulimoidea
Animalia,Mollusca,,Caenogastropoda,,Cerithiida,,,Batillariidae
Animalia,Mollusca,,Caenogastropoda,,Neogastropoda,,,Conoidea
Animalia,Mollusca,,Caenogastropoda,,Rissoidina,,,Hydrobiidae
Animalia,Mollusca,,Caenogastropoda,,Rissoidina,,,Emblandidae
Animalia,Mollusca,,Caenogastropoda,,Tonnida,,,Laubierinidae
Animalia,Mollusca,,Caenogastropoda,,Neogastropoda,,,Turbinelloidea
Animalia,Mollusca,,Caenogastropoda,,Neogastropoda,,,Belomitridae
Animalia,Mollusca,,Caenogastropoda,,Littorinida,,,Vermetidae
Animalia,Mollusca,,Caenogastropoda,,Campanilida,,,Plesiotrochidae
Animalia,Mollusca,,Caenogastropoda,,Ampullariida,,,Ampullinoidea
Animalia,Mollusca,,Caenogastropoda,,Epitoniina,,,Epitonioidea
Animalia,Mollusca,,Caenogastropoda,,Neogastropoda,,,Horaiclavidae
Animalia,Mollusca,,Caenogastropoda,,Littorinina,,,Littorinoidea
Animalia,Mollusca,,Caenogastropoda,,Rissoidina,,,Rissooidea
Animalia,Mollusca,,Caenogastropoda,,Cypraeida,,,Velutinoidea
Animalia,Mollusca,,Caenogastropoda,,Rissoidina,,,Lithoglyphidae
Animalia,Mollusca,,Caenogastropoda,,Rissoidina,,,Caecidae
Animalia,Mollusca,,Caenogastropoda,,Cerithiida,,,Hemisinidae
Animalia,Mollusca,,Caenogastropoda,,Rissoidina,,,Assimineidae
Animalia,Mollusca,,Caenogastropoda,,Littorinina,,,Carinariidae
Animalia,Mollusca,,Caenogastropoda,,Cerithiida,,,Cerithioidea
Animalia,Mollusca,,Caenogastropoda,,Rissoidina,,,Amnicolidae
Animalia,Mollusca,,Caenogastropoda,,Rissoidina,,,Bithyniidae
Animalia,Mollusca,,Caenogastropoda,,Neogastropoda,,,Fusiturridae
Animalia,Mollusca,,Caenogastropoda,,Littorinina,,,Atlantidae
Animalia,Mollusca,,Caenogastropoda,,Neogastropoda,,,Pseudomelatomidae
Animalia,Mollusca,,Caenogastropoda,,Cypraeida,,,Pediculariidae
Animalia,Mollusca,,Caenogastropoda,,Neogastropoda,,,Cystiscidae
Animalia,Mollusca,,Caenogastropoda,,,,,Globocornidae
Animalia,Mollusca,,Caenogastropoda,,Rissoidina,,,Eulimidae
Animalia,Mollusca,,Caenogastropoda,,Tonnida,,,Ranellidae
Animalia,Mollusca,,Caenogastropoda,,Neogastropoda,,,Benthobiidae
Animalia,Mollusca,,Caenogastropoda,,Neogastropoda,,,Conorbidae
Animalia,Mollusca,,Caenogastropoda,,Triphorina,,,Cerithiopsidae
Animalia,Mollusca,,Caenogastropoda,,Rissoidina,,,Zebinidae
Animalia,Mollusca,,Caenogastropoda,,Neogastropoda,,,Harpidae
Animalia,Mollusca,,Caenogastropoda,,Neogastropoda,,,Clavatulidae
Animalia,Mollusca,,Caenogastropoda,,Rissoidina,,,Lironobidae
Animalia,Mollusca,,Caenogastropoda,,Cerithiida,,,Litiopidae
Animalia,Mollusca,,Caenogastropoda,,Cerithiida,,,Pleuroceridae
Animalia,Mollusca,,Caenogastropoda,,Cyclophorida,,,Pupinidae
Animalia,Mollusca,,Caenogastropoda,,Rissoidina,,,Helicostoidae
Animalia,Mollusca,,Caenogastropoda,,Tonnida,,,Ficidae
Animalia,Mollusca,,Caenogastropoda,,Littorinina,,,Pterotracheidae
Animalia,Mollusca,,Caenogastropoda,,Tonnida,,,Bursidae
Animalia,Mollusca,,Caenogastropoda,,Rissoidina,,,Vanikoroidea
Animalia,Mollusca,,Caenogastropoda,,Strombida,,,Rostellariidae
Animalia,Mollusca,,Caenogastropoda,,,,,
Animalia,Mollusca,,Caenogastropoda,,Triphorina,,,Newtoniellidae
Animalia,Mollusca,,Caenogastropoda,,Neogastropoda,,,Clathurellidae
Animalia,Mollusca,,Caenogastropoda,,Calyptraeina,,,Haloceratidae
Animalia,Mollusca,,Caenogastropoda,,Neogastropoda,,,Terebridae
Animalia,Mollusca,,Caenogastropoda,,Cerithiida,,,Siliquariidae
Animalia,Mollusca,,Caenogastropoda,,Littorinida,,,Hipponicidae
Animalia,Mollusca,,Caenogastropoda,,Cypraeida,,,Cypraeoidea
Animalia,Mollusca,,Caenogastropoda,,Cerithiida,,,Thiaridae
Animalia,Mollusca,,Caenogastropoda,,Calyptraeina,,,Calyptraeoidea
Animalia,Mollusca,,Caenogastropoda,,Neogastropoda,,,Marginellidae
Animalia,Mollusca,,Caenogastropoda,,Tonnida,,,Cymatiidae
Animalia,Mollusca,,Caenogastropoda,,Cypraeida,,,Cypraeidae
Animalia,Mollusca,,Caenogastropoda,,Cyclophorida,,,Aciculidae
Animalia,Mollusca,,Caenogastropoda,,Calyptraeina,,,Capuloidea
Animalia,Mollusca,,Caenogastropoda,,Viviparida,,,Viviparoidea
Animalia,Mollusca,,Caenogastropoda,,Cerithiida,,,Potamididae
Animalia,Mollusca,,Caenogastropoda,,Rissoidina,,,Iravadiidae
Animalia,Mollusca,,Caenogastropoda,,Tonnida,,,Personidae
Animalia,Mollusca,,Caenogastropoda,,Cyclophorida,,,Neocyclotidae
Animalia,Mollusca,,Caenogastropoda,,Cerithiida,,,Dialidae
Animalia,Mollusca,,Caenogastropoda,,Strombida,,,Struthiolariidae
Animalia,Mollusca,,Caenogastropoda,,Rissoidina,,,Elachisinidae
Animalia,Mollusca,,Caenogastropoda,,Cerithiida,,,Pelycidiidae
Animalia,Mollusca,,Caenogastropoda,,Neogastropoda,,,Ptychatractidae
Animalia,Mollusca,,Caenogastropoda,,Campanilida,,,Campaniloidea
Animalia,Mollusca,,Caenogastropoda,,Littorinina,,,Pomatiidae
Animalia,Mollusca,,Caenogastropoda,,Neogastropoda,,,Raphitomidae
Animalia,Mollusca,,Caenogastropoda,,Cerithiida,,,Melanopsidae
Animalia,Mollusca,,Caenogastropoda,,Rissoidina,,,Rissoinidae
Animalia,Mollusca,,Caenogastropoda,,Strombida,,,Xenophoroidea
Animalia,Mollusca,,Caenogastropoda,,Triphorina,,,Triphoridae
Animalia,Mollusca,,Caenogastropoda,,Rissoidina,,,Bythinellidae
Animalia,Mollusca,,Caenogastropoda,,Cerithiida,,,Modulidae
Animalia,Mollusca,,Caenogastropoda,,Neogastropoda,,,Drilliidae
Animalia,Mollusca,,Caenogastropoda,,Viviparida,,,Pliopholygidae
Animalia,Mollusca,,Caenogastropoda,,Cerithiida,,,Scaliolidae
Animalia,Mollusca,,Caenogastropoda,,Neogastropoda,,,Pseudolividae
Animalia,Mollusca,,Caenogastropoda,,Neogastropoda,,,Mitroidea
Animalia,Mollusca,,Caenogastropoda,,Neogastropoda,,,Bouchetispiridae
Animalia,Mollusca,,Caenogastropoda,,Cyclophorida,,,Craspedopomatidae
Animalia,Mollusca,,Caenogastropoda,,Campanilida,,,Campanilidae
Animalia,Mollusca,,Caenogastropoda,,Neogastropoda,,,Mangeliidae
Animalia,Mollusca,,Caenogastropoda,,Cerithiida,,,Cerithiidae
Animalia,Mollusca,,Caenogastropoda,,Neogastropoda,,,Volutidae
Animalia,Mollusca,,Caenogastropoda,,Neogastropoda,,,Buccinoidea
Animalia,Mollusca,,Caenogastropoda,,Neogastropoda,,,Fasciolariidae
Animalia,Mollusca,,Caenogastropoda,,Rissoidina,,,Barleeiidae
Animalia,Mollusca,,Caenogastropoda,,Strombida,,,Strombidae
Animalia,Mollusca,,Caenogastropoda,,Cerithiida,,,Paludomidae
Animalia,Mollusca,,Caenogastropoda,,Littorinida,,,Provannidae
Animalia,Mollusca,,Caenogastropoda,,Rissoidina,,,Tateidae
Animalia,Mollusca,,Caenogastropoda,,Viviparida,,,Viviparidae
Animalia,Mollusca,,Caenogastropoda,,Neogastropoda,,,Cochlespiridae
Animalia,Mollusca,,Caenogastropoda,,Neogastropoda,,,Cancellariidae
Animalia,Mollusca,,Caenogastropoda,,Neogastropoda,,,Costellariidae
Animalia,Mollusca,,Caenogastropoda,,Cyclophorida,,,Maizaniidae
Animalia,Mollusca,,Caenogastropoda,,Neogastropoda,,,Melongenidae
Animalia,Mollusca,,Caenogastropoda,,Strombida,,,Stromboidea
Animalia,Mollusca,,Caenogastropoda,,Rissoidina,,,Epigridae
Animalia,Mollusca,,Caenogastropoda,,Neogastropoda,,,Mitridae
Animalia,Mollusca,,Caenogastropoda,,Littorinina,,,Annulariidae
Animalia,Mollusca,,Caenogastropoda,,Ampullariida,,,Ampullarioidea
Animalia,Mollusca,,Caenogastropoda,,Cerithiida,,,Planaxidae
Animalia,Mollusca,,Caenogastropoda,,Tonnida,,,Cassidae
Animalia,Mollusca,,Caenogastropoda,,Triphorina,,,Triphoroidea
Animalia,Mollusca,,Caenogastropoda,,Neogastropoda,,,Strictispiridae
Animalia,Mollusca,,Caenogastropoda,,Littorinina,,,Skeneopsidae
Animalia,Mollusca,,Caenogastropoda,,Neogastropoda,,,Olivoidea
Animalia,Mollusca,,Caenogastropoda,,Littorinina,,,Littorinidae
Animalia,Mollusca,,Caenogastropoda,,Neogastropoda,,,Charitodoronidae
Animalia,Mollusca,,Caenogastropoda,,Neogastropoda,,,Volutomitridae
Animalia,Mollusca,,Caenogastropoda,,Neogastropoda,,,Turbinellidae
Animalia,Mollusca,,Caenogastropoda,,Littorinida,,,Rastodentidae
Animalia,Myxozoa,,Microsporea,,Microsporida,,,Nosematidae
Animalia,Myxozoa,,Microsporea,,Microsporida,,,Glugeidae
Animalia,Myxozoa,,Microsporea,,,,,
Animalia,Myxozoa,,Microsporea,,Microsporida,,,Pleistophoridae
Animalia,Myxozoa,,Microsporea,,Microsporida,,,Thelohaniidae
Animalia,Myxozoa,,,,,,,
Animalia,Cnidaria,Medusozoa,Scyphozoa,,Coronatae,,,Periphyllidae
Animalia,Cnidaria,Medusozoa,Scyphozoa,,Coronatae,,,Paraphyllinidae
Animalia,Cnidaria,,Scyphozoa,,,,,
Animalia,Cnidaria,Medusozoa,Scyphozoa,,Coronatae,,,Collaspididae
Animalia,Cnidaria,Medusozoa,Scyphozoa,,Coronatae,,,Atollidae
Animalia,Cnidaria,Medusozoa,Scyphozoa,,Coronatae,,,Nausithoidae
Animalia,Cnidaria,Medusozoa,Scyphozoa,,Coronatae,,,Atorellidae
Animalia,Cnidaria,Medusozoa,Scyphozoa,,Coronatae,,,Linuchidae
Animalia,Cnidaria,Myxozoa,Myxosporea,,Bivalvulida,,,Myxobolidae
Animalia,Cnidaria,Myxozoa,Myxosporea,,Bivalvulida,,,Myxidiidae
Animalia,Cnidaria,Myxozoa,Myxosporea,,Bivalvulida,,,Chloromyxidae
Animalia,Cnidaria,,Myxosporea,,,,,
Animalia,Cnidaria,Myxozoa,Myxosporea,,Bivalvulida,,,Myxosomatidae
Animalia,Cnidaria,Myxozoa,Myxosporea,,Bivalvulida,,,Sphaerosporidae
Animalia,Cnidaria,Medusozoa,Trachylina,,Trachymedusae,,,Halicreatidae
Animalia,Cnidaria,Medusozoa,Trachylina,,Trachymedusae,,,Rhopalonematidae
Animalia,Cnidaria,Medusozoa,Trachylina,,Trachymedusae,,,Ptychogastriidae
Animalia,Cnidaria,Medusozoa,Trachylina,,Limnomedusae,,,Hydrolariidae
Animalia,Cnidaria,Medusozoa,Trachylina,,Limnomedusae,,,Microhydridae
Animalia,Cnidaria,Medusozoa,Trachylina,,Narcomedusida,,,Aeginidae
Animalia,Cnidaria,Medusozoa,Trachylina,,Actinulida,,,Otohydridae
Animalia,Cnidaria,Medusozoa,Trachylina,,Narcomedusida,,,Cuninidae
Animalia,Cnidaria,,Trachylina,,,,,
Animalia,Cnidaria,Medusozoa,Trachylina,,Limnomedusae,,,Armorhydridae
Animalia,Cnidaria,Medusozoa,Trachylina,,Narcomedusida,,,Solmarisidae
Animalia,Cnidaria,Medusozoa,Trachylina,,Trachymedusae,,,Geryoniidae
Animalia,Cnidaria,Medusozoa,Trachylina,,Trachymedusae,,,Petasidae
Animalia,Cnidaria,Medusozoa,Trachylina,,Limnomedusae,,,Olindiidae
Animalia,Cnidaria,Medusozoa,Trachylina,,Actinulida,,,Halammohydridae
Animalia,Cnidaria,Medusozoa,Trachylina,,Narcomedusae,,,Tetraplatidae
Animalia,Cnidaria,Medusozoa,Staurozoa,,Eleutherocarpida,,,Kishinouyeidae
Animalia,Cnidaria,Medusozoa,Staurozoa,,Eleutherocarpida,,,Kyopodiidae
Animalia,Cnidaria,Medusozoa,Staurozoa,,Eleutherocarpida,,,Lucernariidae
Animalia,Cnidaria,,Staurozoa,,,,,
Animalia,Cnidaria,Medusozoa,Staurozoa,,Eleutherocarpida,,,Lipkeidae
Animalia,Cnidaria,Medusozoa,Staurozoa,,Stauromedusae,,,Tesseranthidae
Animalia,Cnidaria,Medusozoa,Staurozoa,,Cleistocarpida,,,Depastridae
Animalia,Cnidaria,Medusozoa,Hydroidolina,,Leptothecatae,,,Octocannoidae
Animalia,Cnidaria,Medusozoa,Hydroidolina,,Capitata,,,Cladonematidae
Animalia,Cnidaria,Medusozoa,Hydroidolina,,Capitata,,,Eleutheriidae
Animalia,Cnidaria,Medusozoa,Hydroidolina,,Filifera,,,Balellidae
Animalia,Cnidaria,Medusozoa,Hydroidolina,,Leptothecatae,,,Tiaropsidae
Animalia,Cnidaria,Medusozoa,Hydroidolina,,Calycophorae,,,Prayidae
Animalia,Cnidaria,Medusozoa,Hydroidolina,,Filifera,,,Bythotiaridae
Animalia,Cnidaria,Medusozoa,Hydroidolina,,Capitata,,,Protohydridae
Animalia,Cnidaria,Medusozoa,Hydroidolina,,Leptothecatae,,,Phialuciidae
Animalia,Cnidaria,Medusozoa,Hydroidolina,,Leptothecatae,,,Haleciidae
Animalia,Cnidaria,Medusozoa,Hydroidolina,,Capitata,,,Milleporidae
Animalia,Cnidaria,Medusozoa,Hydroidolina,,Physonectae,,,Agalmatidae
Animalia,Cnidaria,Medusozoa,Hydroidolina,,Leptothecatae,,,Thyroscyphidae
Animalia,Cnidaria,Medusozoa,Hydroidolina,,Anthoathecatae,,,Stylasteridae
Animalia,Cnidaria,Medusozoa,Hydroidolina,,Filifera,,,Bougainvilliidae
Animalia,Cnidaria,Medusozoa,Hydroidolina,,Leptothecatae,,,Phialellidae
Animalia,Cnidaria,Medusozoa,Hydroidolina,,Leptothecatae,,,Aequoreidae
Animalia,Cnidaria,Medusozoa,Hydroidolina,,Capitata,,,Zancleidae
Animalia,Cnidaria,Medusozoa,Hydroidolina,,Calycophorae,,,Clausophyidae
Animalia,Cnidaria,Medusozoa,Hydroidolina,,Leptothecatae,,,Dipleurosomatidae
Animalia,Cnidaria,Medusozoa,Hydroidolina,,Calycophorae,,,Abylidae
Animalia,Cnidaria,Medusozoa,Hydroidolina,,Leptothecatae,,,Syntheciidae
Animalia,Cnidaria,Medusozoa,Hydroidolina,,Leptothecatae,,,Kirchenpaueriidae
Animalia,Cnidaria,Medusozoa,Hydroidolina,,Capitata,,,Hydridae
Animalia,Cnidaria,Medusozoa,Hydroidolina,,Capitata,,,Halimedusidae
Animalia,Cnidaria,Medusozoa,Hydroidolina,,Filifera,,,Cytaeididae
Animalia,Cnidaria,Medusozoa,Hydroidolina,,Filifera,,,Eudendriidae
Animalia,Cnidaria,Medusozoa,Hydroidolina,,Leptothecatae,,,Eucheilotidae
Animalia,Cnidaria,Medusozoa,Hydroidolina,,Capitata,,,Sphaerocorynidae
Animalia,Cnidaria,Medusozoa,Hydroidolina,,Filifera,,,Rathkeidae
Animalia,Cnidaria,Medusozoa,Hydroidolina,,Physonectae,,,Athorybiidae
Animalia,Cnidaria,Medusozoa,Hydroidolina,,Leptothecatae,,,Malagazziidae
Animalia,Cnidaria,Medusozoa,Hydroidolina,,Leptothecatae,,,Tiarannidae
Animalia,Cnidaria,Medusozoa,Hydroidolina,,Cystonectae,,,Physaliidae
Animalia,Cnidaria,Medusozoa,Hydroidolina,,Capitata,,,Tubulariidae
Animalia,Cnidaria,Medusozoa,Hydroidolina,,Capitata,,,Polyorchidae
Animalia,Cnidaria,Medusozoa,Hydroidolina,,Filifera,,,Trichydridae
Animalia,Cnidaria,Medusozoa,Hydroidolina,,Calycophorae,,,Sphaeronectidae
Animalia,Cnidaria,Medusozoa,Hydroidolina,,Leptothecatae,,,Campanulariidae
Animalia,Cnidaria,Medusozoa,Hydroidolina,,Leptothecatae,,,Calycellidae
Animalia,Cnidaria,,Hydroidolina,,,,,
Animalia,Cnidaria,Medusozoa,Hydroidolina,,Physonectae,,,Physophoridae
Animalia,Cnidaria,Medusozoa,Hydroidolina,,Leptothecatae,,,Melicertidae
Animalia,Cnidaria,Medusozoa,Hydroidolina,,Anthoathecatae,,,Rhysiidae
Animalia,Cnidaria,Medusozoa,Hydroidolina,,Anthoathecatae,,,Paragotoeidae
Animalia,Cnidaria,Medusozoa,Hydroidolina,,Leptothecatae,,,Laodiceidae
Animalia,Cnidaria,Medusozoa,Hydroidolina,,Capitata,,,Candelabridae
Animalia,Cnidaria,Medusozoa,Hydroidolina,,Leptothecatae,,,Sertulariidae
Animalia,Cnidaria,Medusozoa,Hydroidolina,,Cystonectae,,,Rhizophysidae
Animalia,Cnidaria,Medusozoa,Hydroidolina,,Physonectae,,,Rhodaliidae
Animalia,Cnidaria,Medusozoa,Hydroidolina,,Filifera,,,Russelliidae
Animalia,Cnidaria,Medusozoa,Hydroidolina,,Capitata,,,Pennariidae
Animalia,Cnidaria,Medusozoa,Hydroidolina,,Leptothecatae,,,Eirenidae
Animalia,Cnidaria,Medusozoa,Hydroidolina,,Calycophorae,,,Hippopodiidae
Animalia,Cnidaria,Medusozoa,Hydroidolina,,Anthoathecatae,,,Monobrachiidae
Animalia,Cnidaria,Medusozoa,Hydroidolina,,Calycophorae,,,Diphyidae
Animalia,Cnidaria,Medusozoa,Hydroidolina,,Leptothecatae,,,Mitrocomidae
Animalia,Cnidaria,Medusozoa,Hydroidolina,,Capitata,,,Corynidae
Animalia,Cnidaria,Medusozoa,Hydroidolina,,Filifera,,,Oceanidae
Animalia,Cnidaria,Medusozoa,Hydroidolina,,Capitata,,,Margelopsidae
Animalia,Cnidaria,Medusozoa,Hydroidolina,,Capitata,,,Acaulidae
Animalia,Cnidaria,Medusozoa,Hydroidolina,,Leptothecatae,,,Aglaopheniidae
Animalia,Cnidaria,Medusozoa,Hydroidolina,,Filifera,,,Hydractiniidae
Animalia,Cnidaria,Medusozoa,Hydroidolina,,Leptothecatae,,,Cirrholoveniidae
Animalia,Cnidaria,Medusozoa,Hydroidolina,,Leptothecatae,,,Bonneviellidae
Animalia,Cnidaria,Medusozoa,Hydroidolina,,Physonectae,,,Forskaliidae
Animalia,Cnidaria,Medusozoa,Hydroidolina,,Leptothecatae,,,Lovenellidae
Animalia,Cnidaria,Medusozoa,Hydroidolina,,Physonectae,,,Apolemiidae
Animalia,Cnidaria,Medusozoa,Hydroidolina,,Capitata,,,Solanderiidae
Animalia,Cnidaria,Medusozoa,Hydroidolina,,Filifera,,,Proboscidactylidae
Animalia,Cnidaria,Medusozoa,Hydroidolina,,Capitata,,,Zancleopsidae
Animalia,Cnidaria,Medusozoa,Hydroidolina,,Leptothecatae,,,Lafoeidae
Animalia,Cnidaria,Medusozoa,Hydroidolina,,Leptothecatae,,,Halopterididae
Animalia,Cnidaria,Medusozoa,Hydroidolina,,Capitata,,,Hydrocorynidae
Animalia,Cnidaria,Medusozoa,Hydroidolina,,Capitata,,,Moerisiidae
Animalia,Cnidaria,Medusozoa,Hydroidolina,,Capitata,,,Corymorphidae
Animalia,Cnidaria,Medusozoa,Hydroidolina,,Physonectae,,,Pyrostephidae
Animalia,Cnidaria,Medusozoa,Hydroidolina,,Leptothecatae,,,Orchistomatidae
Animalia,Cnidaria,Medusozoa,Hydroidolina,,Leptothecatae,,,Blackfordiidae
Animalia,Cnidaria,Medusozoa,Hydroidolina,,Leptothecatae,,,Campanulinidae
Animalia,Cnidaria,Medusozoa,Hydroidolina,,Filifera,,,Pandeidae
Animalia,Cnidaria,Medusozoa,Hydroidolina,,Capitata,,,Porpitidae
Animalia,Cnidaria,Medusozoa,Hydroidolina,,Capitata,,,Cladocorynidae
Animalia,Cnidaria,Medusozoa,Hydroidolina,,Leptothecatae,,,Plumulariidae
Animalia,Cnidaria,Medusozoa,Cubozoa,,Carybdeida,,,Carybdeidae
Animalia,Cnidaria,,Cubozoa,,,,,
Animalia,Cnidaria,Medusozoa,Cubozoa,,Chirodropida,,,Chirodropidae
Animalia,Cnidaria,Medusozoa,Cubozoa,,Chirodropida,,,Chiropsalmidae
Animalia,Cnidaria,,,,,,,
Animalia,Cnidaria,Medusozoa,Polypodiozoa,,,,,Polypodiidae
Animalia,Cnidaria,,Polypodiozoa,,,,,
Animalia,Cnidaria,Medusozoa,Discomedusae,,Kolpophorae,,,Thysanostomatidae
Animalia,Cnidaria,Medusozoa,Discomedusae,,Daktyliophorae,,,Stomolophidae
Animalia,Cnidaria,Medusozoa,Discomedusae,,Rhizostomeae,,,Mastigiidae
Animalia,Cnidaria,Medusozoa,Discomedusae,,Kolpophorae,,,Cepheidae
Animalia,Cnidaria,Medusozoa,Discomedusae,,Rhizostomeae,,,Rhizostomatidae
Animalia,Cnidaria,Medusozoa,Discomedusae,,Daktyliophorae,,,Catostylidae
Animalia,Cnidaria,Medusozoa,Discomedusae,,Semaeostomeae,,,Ulmaridae
Animalia,Cnidaria,Medusozoa,Discomedusae,,Rhizostomeae,,,Archirhizidae
Animalia,Cnidaria,Medusozoa,Discomedusae,,Rhizostomeae,,,Cassiopeidae
Animalia,Cnidaria,,Discomedusae,,,,,
Animalia,Cnidaria,Medusozoa,Discomedusae,,Daktyliophorae,,,Lobonematidae
Animalia,Cnidaria,Medusozoa,Discomedusae,,Semaeostomeae,,,Halicyathidae
Animalia,Cnidaria,Medusozoa,Discomedusae,,Daktyliophorae,,,Lychnorhizidae
Animalia,Cnidaria,Medusozoa,Discomedusae,,Semaeostomeae,,,Cyaneidae
Animalia,Cnidaria,Medusozoa,Discomedusae,,Semaeostomeae,,,Pelagiidae
Animalia,Cnidaria,Medusozoa,Discomedusae,,Kolpophorae,,,Versurigidae
Animalia,Cnidaria,Anthozoa,Octocorallia,,Alcyonacea,,,Tubiporidae
Animalia,Cnidaria,Anthozoa,Octocorallia,,Alcyonacea,,,Xeniidae
Animalia,Cnidaria,Anthozoa,Octocorallia,,Alcyoniina,,,Alcyoniidae
Animalia,Cnidaria,Anthozoa,Octocorallia,,Sessiliflorae,,,Umbellulidae
Animalia,Cnidaria,Anthozoa,Octocorallia,,Helioporacea,,,Helioporidae
Animalia,Cnidaria,Anthozoa,Octocorallia,,Alcyoniina,,,Nidaliidae
Animalia,Cnidaria,Anthozoa,Octocorallia,,Holaxonia,,,Plexauridae
Animalia,Cnidaria,Anthozoa,Octocorallia,,Holaxonia,,,Chrysogorgiidae
Animalia,Cnidaria,Anthozoa,Octocorallia,,Sessiliflorae,,,Chunellidae
Animalia,Cnidaria,Anthozoa,Octocorallia,,Scleraxonia,,,Briaridae
Animalia,Cnidaria,Anthozoa,Octocorallia,,Sessiliflorae,,,Echinoptilidae
Animalia,Cnidaria,Anthozoa,Octocorallia,,Subselliflorae,,,Pennatulidae
Animalia,Cnidaria,Anthozoa,Octocorallia,,Alcyonacea,,,Clavulariidae
Animalia,Cnidaria,Anthozoa,Octocorallia,,Scleraxonia,,,Subergorgiidae
Animalia,Cnidaria,Anthozoa,Octocorallia,,Sessiliflorae,,,Stachyptilidae
Animalia,Cnidaria,Anthozoa,Octocorallia,,Alcyonacea,,,Astrospiculariidae
Animalia,Cnidaria,Anthozoa,Octocorallia,,Helioporacea,,,Ceratoporellidae
Animalia,Cnidaria,Anthozoa,Octocorallia,,Sessiliflorae,,,Funiculinidae
Animalia,Cnidaria,Anthozoa,Octocorallia,,Sessiliflorae,,,Anthoptilidae
Animalia,Cnidaria,Anthozoa,Octocorallia,,Holaxonia,,,Paramuriceidae
Animalia,Cnidaria,Anthozoa,Octocorallia,,Sessiliflorae,,,Veretillidae
Animalia,Cnidaria,Anthozoa,Octocorallia,,Scleraxonia,,,Briareidae
Animalia,Cnidaria,Anthozoa,Octocorallia,,Scleraxonia,,,Keroeididae
Animalia,Cnidaria,Anthozoa,Octocorallia,,Sessiliflorae,,,Renillidae
Animalia,Cnidaria,Anthozoa,Octocorallia,,Scleraxonia,,,Melithaeidae
Animalia,Cnidaria,Anthozoa,Octocorallia,,Scleraxonia,,,Paragorgiidae
Animalia,Cnidaria,Anthozoa,Octocorallia,,Alcyonacea,,,Cornulariidae
Animalia,Cnidaria,Anthozoa,Octocorallia,,Scleraxonia,,,Anthothelidae
Animalia,Cnidaria,,Octocorallia,,,,,
Animalia,Cnidaria,Anthozoa,Octocorallia,,Holaxonia,,,Ifalukellidae
Animalia,Cnidaria,Anthozoa,Octocorallia,,Holaxonia,,,Acanthogorgiidae
Animalia,Cnidaria,Anthozoa,Octocorallia,,Scleraxonia,,,Parisididae
Animalia,Cnidaria,Anthozoa,Octocorallia,,Holaxonia,,,Ainigmaptilidae
Animalia,Cnidaria,Anthozoa,Octocorallia,,Scleraxonia,,,Coralliidae
Animalia,Cnidaria,Anthozoa,Octocorallia,,Sessiliflorae,,,Kophobelemnidae
Animalia,Cnidaria,Anthozoa,Octocorallia,,Alcyonacea,,,Nephtheidae
Animalia,Cnidaria,Anthozoa,Octocorallia,,Sessiliflorae,,,Scleroptilidae
Animalia,Cnidaria,Anthozoa,Octocorallia,,Holaxonia,,,Gorgoniidae
Animalia,Cnidaria,Anthozoa,Octocorallia,,Sessiliflorae,,,Protoptilidae
Animalia,Cnidaria,Anthozoa,Octocorallia,,Subselliflorae,,,Virgulariidae
Animalia,Cnidaria,Anthozoa,Octocorallia,,Calcaxonia,,,Primnoidae
Animalia,Cnidaria,Anthozoa,Octocorallia,,Calcaxonia,,,Ellisellidae
Animalia,Cnidaria,Anthozoa,Octocorallia,,Alcyonacea,,,Siphonogorgiidae
Animalia,Cnidaria,Anthozoa,Octocorallia,,Subselliflorae,,,Halipteridae
Animalia,Cnidaria,Anthozoa,Octocorallia,,Calcaxonia,,,Isididae
Animalia,Cnidaria,Anthozoa,Octocorallia,,Subselliflorae,,,Pteroeididae
Animalia,Cnidaria,Anthozoa,Hexacorallia,,Athenaria,,,Haliactiidae
Animalia,Cnidaria,Anthozoa,Hexacorallia,,Thenaria,,,Nemanthidae
Animalia,Cnidaria,Anthozoa,Hexacorallia,,Antipatharia,,,Cladopathidae
Animalia,Cnidaria,Anthozoa,Hexacorallia,,Fungiina,,,Poritidae
Animalia,Cnidaria,Anthozoa,Hexacorallia,,Thenaria,,,Minyadidae
Animalia,Cnidaria,Anthozoa,Hexacorallia,,Zoantharia,,,Parazoanthidae
Animalia,Cnidaria,Anthozoa,Hexacorallia,,Endocoelantheae,,,Halcuriidae
Animalia,Cnidaria,Anthozoa,Hexacorallia,,Thenaria,,,Diadumenidae
Animalia,Cnidaria,Anthozoa,Hexacorallia,,Ptychodacteae,,,Ptychodactiidae
Animalia,Cnidaria,Anthozoa,Hexacorallia,,Thenaria,,,Stichodactylidae
Animalia,Cnidaria,Anthozoa,Hexacorallia,,Thenaria,,,Liponematidae
Animalia,Cnidaria,Anthozoa,Hexacorallia,,Antipatharia,,,Aphanipathidae
Animalia,Cnidaria,Anthozoa,Hexacorallia,,Faviina,,,Faviidae
Animalia,Cnidaria,Anthozoa,Hexacorallia,,Antipatharia,,,Leiopathidae
Animalia,Cnidaria,Anthozoa,Hexacorallia,,Thenaria,,,Isanthidae
Animalia,Cnidaria,Anthozoa,Hexacorallia,,Thenaria,,,Sagartiidae
Animalia,Cnidaria,Anthozoa,Hexacorallia,,Zoantharia,,,Epizoanthidae
Animalia,Cnidaria,Anthozoa,Hexacorallia,,Thenaria,,,Actinodendronidae
Animalia,Cnidaria,Anthozoa,Hexacorallia,,Athenaria,,,Andresiidae
Animalia,Cnidaria,Anthozoa,Hexacorallia,,Athenaria,,,Limnactiniidae
Animalia,Cnidaria,Anthozoa,Hexacorallia,,Thenaria,,,Isophelliidae
Animalia,Cnidaria,Anthozoa,Hexacorallia,,Thenaria,,,Exocoelactiidae
Animalia,Cnidaria,Anthozoa,Hexacorallia,,Thenaria,,,Actinoscyphiidae
Animalia,Cnidaria,Anthozoa,Hexacorallia,,Fungiina,,,Fungiidae
Animalia,Cnidaria,Anthozoa,Hexacorallia,,Thenaria,,,Actinostolidae
Animalia,Cnidaria,Anthozoa,Hexacorallia,,Astrocoeniina,,,Pocilloporidae
Animalia,Cnidaria,Anthozoa,Hexacorallia,,Ptychodacteae,,,Preactiidae
Animalia,Cnidaria,Anthozoa,Hexacorallia,,Caryophylliina,,,Caryophylliidae
Animalia,Cnidaria,Anthozoa,Hexacorallia,,Thenaria,,,Phymanthidae
Animalia,Cnidaria,Anthozoa,Hexacorallia,,Faviina,,,Meandrinidae
Animalia,Cnidaria,Anthozoa,Hexacorallia,,Thenaria,,,Bathyphelliidae
Animalia,Cnidaria,Anthozoa,Hexacorallia,,Boloceroidaria,,,Boloceroididae
Animalia,Cnidaria,Anthozoa,Hexacorallia,,Zoantharia,,,Zoanthidae
Animalia,Cnidaria,Anthozoa,Hexacorallia,,Fungiina,,,Fungiacyathidae
Animalia,Cnidaria,Anthozoa,Hexacorallia,,Faviina,,,Trachyphylliidae
Animalia,Cnidaria,Anthozoa,Hexacorallia,,Faviina,,,Pectiniidae
Animalia,Cnidaria,Anthozoa,Hexacorallia,,Fungiina,,,Thamnasteriidae
Animalia,Cnidaria,Anthozoa,Hexacorallia,,Endocoelantheae,,,Actinernidae
Animalia,Cnidaria,Anthozoa,Hexacorallia,,Athenaria,,,Halcampoididae
Animalia,Cnidaria,Anthozoa,Hexacorallia,,Thenaria,,,Aliciidae
Animalia,Cnidaria,Anthozoa,Hexacorallia,,Fungiina,,,Siderastreidae
Animalia,Cnidaria,Anthozoa,Hexacorallia,,Caryophylliina,,,Gardineriidae
Animalia,Cnidaria,Anthozoa,Hexacorallia,,Ceriantharia,,,Botrucnidiferidae
Animalia,Cnidaria,Anthozoa,Hexacorallia,,Athenaria,,,Haloclavidae
Animalia,Cnidaria,Anthozoa,Hexacorallia,,Thenaria,,,Hormathiidae
Animalia,Cnidaria,Anthozoa,Hexacorallia,,Fungiina,,,Micrabaciidae
Animalia,Cnidaria,Anthozoa,Hexacorallia,,Fungiina,,,Agariciidae
Animalia,Cnidaria,Anthozoa,Hexacorallia,,Athenaria,,,Halcampidae
Animalia,Cnidaria,Anthozoa,Hexacorallia,,Thenaria,,,Sagartiomorphidae
Animalia,Cnidaria,,Hexacorallia,,,,,
Animalia,Cnidaria,Anthozoa,Hexacorallia,,Antipatharia,,,Antipathidae
Animalia,Cnidaria,Anthozoa,Hexacorallia,,Athenaria,,,Galatheanthemidae
Animalia,Cnidaria,Anthozoa,Hexacorallia,,Boloceroidaria,,,Nevadneidae
Animalia,Cnidaria,Anthozoa,Hexacorallia,,Astrocoeniina,,,Astrocoeniidae
Animalia,Cnidaria,Anthozoa,Hexacorallia,,Astrocoeniina,,,Acroporidae
Animalia,Cnidaria,Anthozoa,Hexacorallia,,Thenaria,,,Haliplanellidae
Animalia,Cnidaria,Anthozoa,Hexacorallia,,Corallimorpharia,,,Actinodiscidae
Animalia,Cnidaria,Anthozoa,Hexacorallia,,Zoantharia,,,Gerardiidae
Animalia,Cnidaria,Anthozoa,Hexacorallia,,Thenaria,,,Discosomidae
Animalia,Cnidaria,Anthozoa,Hexacorallia,,Faviina,,,Oculinidae
Animalia,Cnidaria,Anthozoa,Hexacorallia,,Thenaria,,,Actiniidae
Animalia,Cnidaria,Anthozoa,Hexacorallia,,Athenaria,,,Ilyanthidae
Animalia,Cnidaria,Anthozoa,Hexacorallia,,Thenaria,,,Aiptasiomorphidae
Animalia,Cnidaria,Anthozoa,Hexacorallia,,Faviina,,,Mussidae
Animalia,Cnidaria,Anthozoa,Hexacorallia,,Thenaria,,,Condylanthidae
Animalia,Cnidaria,Anthozoa,Hexacorallia,,Thenaria,,,Metridiidae
Animalia,Cnidaria,Anthozoa,Hexacorallia,,Dendrophylliina,,,Dendrophylliidae
Animalia,Cnidaria,Anthozoa,Hexacorallia,,Protantheae,,,Gonactiniidae
Animalia,Cnidaria,Anthozoa,Hexacorallia,,Antipatharia,,,Myriopathidae
Animalia,Cnidaria,Anthozoa,Hexacorallia,,Thenaria,,,Aurelianidae
Animalia,Cnidaria,Anthozoa,Hexacorallia,,Antipatharia,,,Schizopathidae
Animalia,Cnidaria,Anthozoa,Hexacorallia,,Thenaria,,,Thalassianthidae
Animalia,Cnidaria,Anthozoa,Hexacorallia,,Corallimorpharia,,,Corallimorphidae
Animalia,Cnidaria,Anthozoa,Hexacorallia,,Thenaria,,,Iosactiidae
Animalia,Cnidaria,Anthozoa,Hexacorallia,,Athenaria,,,Andwakiidae
Animalia,Cnidaria,Anthozoa,Hexacorallia,,Caryophylliina,,,Guyniidae
Animalia,Cnidaria,Anthozoa,Hexacorallia,,Caryophylliina,,,Flabellidae
Animalia,Cnidaria,Anthozoa,Hexacorallia,,Faviina,,,Rhizangiidae
Animalia,Cnidaria,Anthozoa,Hexacorallia,,Athenaria,,,Octineonidae
Animalia,Cnidaria,Anthozoa,Hexacorallia,,Thenaria,,,Aiptasiidae
Animalia,Cnidaria,Anthozoa,Hexacorallia,,Thenaria,,,Paractidae
Animalia,Cnidaria,Anthozoa,Hexacorallia,,Ceriantharia,,,Cerianthidae
Animalia,Cnidaria,Anthozoa,Hexacorallia,,Faviina,,,Merulinidae
Animalia,Cnidaria,Anthozoa,Hexacorallia,,Athenaria,,,Edwardsiidae
Animalia,Cnidaria,Anthozoa,Hexacorallia,,Thenaria,,,Acontiophoridae
Animalia,Cnidaria,Anthozoa,Hexacorallia,,Caryophylliina,,,Turbinoliidae
Animalia,Cnidaria,Anthozoa,Hexacorallia,,Faviina,,,Anthemiphylliidae
Animalia,Annelida,,Tubificata,,Tubificida,,,Narapidae
Animalia,Annelida,,Tubificata,,Tubificida,,,Haplotaxidae
Animalia,Annelida,,Tubificata,,Tubificida,,,Phreodrilidae
Animalia,Annelida,,Tubificata,,,,,
Animalia,Annelida,,Tubificata,,Tubificida,,,Propappidae
Animalia,Annelida,,Tubificata,,Tubificida,,,Opistocystidae
Animalia,Annelida,,Tubificata,,Tubificida,,,Dorydrilidae
Animalia,Annelida,,Tubificata,,Tubificida,,,Parvidrilidae
Animalia,Annelida,,Tubificata,,Tubificida,,,Naididae
Animalia,Annelida,,Errantia,,Phyllodocida,,,Pholoidae
Animalia,Annelida,,Errantia,,Phyllodocida,,,Sphaerodoridae
Animalia,Annelida,,Errantia,,Phyllodocida,,,Acoetidae
Animalia,Annelida,,Errantia,,Phyllodocida,,,Typhloscolecidae
Animalia,Annelida,,Errantia,,Phyllodocida,,,Pontodoridae
Animalia,Annelida,,Errantia,,Phyllodocida,,,Iospilidae
Animalia,Annelida,,Errantia,,Eunicida,,,Ichthyotomidae
Animalia,Annelida,,Errantia,,Phyllodocida,,,Aphroditidae
Animalia,Annelida,,Errantia,,Phyllodocida,,,Tomopteridae
Animalia,Annelida,,Errantia,,Phyllodocida,,,Sigalionidae
Animalia,Annelida,,Errantia,,Phyllodocida,,,Lopadorrhynchidae
Animalia,Annelida,,Errantia,,Phyllodocida,,,Syllidae
Animalia,Annelida,,Errantia,,Phyllodocida,,,Goniadidae
Animalia,Annelida,,Errantia,,Phyllodocida,,,Pilargidae
Animalia,Annelida,,Errantia,,Phyllodocida,,,Paralacydoniidae
Animalia,Annelida,,Errantia,,Phyllodocida,,,Alciopidae
Animalia,Annelida,,Errantia,,Phyllodocida,,,Chrysopetalidae
Animalia,Annelida,,Errantia,,Phyllodocida,,,Lacydoniidae
Animalia,Annelida,,Errantia,,Eunicida,,,Onuphidae
Animalia,Annelida,,Errantia,,Phyllodocida,,,Antonbruunidae
Animalia,Annelida,,Errantia,,Eunicida,,,Hartmaniellidae
Animalia,Annelida,,Errantia,,Eunicida,,,Eunicidae
Animalia,Annelida,,Errantia,,,,,
Animalia,Annelida,,Errantia,,Phyllodocida,,,Glyceridae
Animalia,Annelida,,Errantia,,Phyllodocida,,,Polynoidae
Animalia,Annelida,,Errantia,,Eunicida,,,Lumbrineridae
Animalia,Annelida,,Errantia,,Phyllodocida,,,Iphionidae
Animalia,Annelida,,Errantia,,Phyllodocida,,,Nephtyidae
Animalia,Annelida,,Errantia,,Phyllodocida,,,Nereididae
Animalia,Annelida,,Errantia,,Eunicida,,,Dorvilleidae
Animalia,Annelida,,Errantia,,Amphinomida,,,Amphinomidae
Animalia,Annelida,,Errantia,,Eunicida,,,Oenonidae
Animalia,Annelida,,Errantia,,Phyllodocida,,,Eulepethidae
Animalia,Annelida,,Errantia,,Phyllodocida,,,Phyllodocidae
Animalia,Annelida,,Errantia,,Amphinomida,,,Euphrosinidae
Animalia,Annelida,,Errantia,,Phyllodocida,,,Hesionidae
Animalia,Annelida,,Clitellata,,Crassiclitellata,,,Almidae
Animalia,Annelida,,Clitellata,,Crassiclitellata,,,Rhinodrilidae
Animalia,Annelida,,Clitellata,,Crassiclitellata,,,Sparganophilidae
Animalia,Annelida,,Clitellata,,Crassiclitellata,,,Lumbricoidea
Animalia,Annelida,,Clitellata,,Crassiclitellata,,,Lutodrilidae
Animalia,Annelida,,Clitellata,,Apodadrilida,,,Parergodrilidae
Animalia,Annelida,,Clitellata,,Crassiclitellata,,,Tritogeniidae
Animalia,Annelida,,Clitellata,,Alluroidina,,,Alluroidoidea
Animalia,Annelida,,Clitellata,,Crassiclitellata,,,Tumakidae
Animalia,Annelida,,Clitellata,,Crassiclitellata,,,Megascolecidae
Animalia,Annelida,,Clitellata,,Crassiclitellata,,,Kynotidae
Animalia,Annelida,,Clitellata,,Crassiclitellata,,,Ailoscolecidae
Animalia,Annelida,,Clitellata,,,,,Enchytraeidae
Animalia,Annelida,,Clitellata,,Crassiclitellata,,,Biwadrilidae
Animalia,Annelida,,Clitellata,,,,,Capilloventridae
Animalia,Annelida,,Clitellata,,Crassiclitellata,,,Glossoscolecidae
Animalia,Annelida,,Clitellata,,,,,Questidae
Animalia,Annelida,,Clitellata,,Crassiclitellata,,,Lumbricidae
Animalia,Annelida,,Clitellata,,Alluroidina,,,Syngenodrilidae
Animalia,Annelida,,Clitellata,,,,,
Animalia,Annelida,,Clitellata,,Crassiclitellata,,,Hormogastridae
Animalia,Annelida,,Clitellata,,Crassiclitellata,,,Megascolecoidea
Animalia,Annelida,,Clitellata,,Crassiclitellata,,,Acanthodrilidae
Animalia,Annelida,,Clitellata,,Crassiclitellata,,,Criodrilidae
Animalia,Annelida,,Clitellata,,Alluroidina,,,Alluroididae
Animalia,Annelida,,Clitellata,,Crassiclitellata,,,Eudrilidae
Animalia,Annelida,,Clitellata,,Crassiclitellata,,,Ocnerodrilidae
Animalia,Annelida,,Clitellata,,Moniligastrida,,,Moniligastridae
Animalia,Annelida,,Clitellata,,Crassiclitellata,,,Microchaetidae
Animalia,Annelida,,Clitellata,,Crassiclitellata,,,Komarekionidae
Animalia,Annelida,,Echiura,,Bonelliida,,,Bonelliidae
Animalia,Annelida,,Echiura,,Echiurida,,,Urechidae
Animalia,Annelida,,Echiura,,Bonelliida,,,Thalassematidae
Animalia,Annelida,,Echiura,,Echiurida,,,Echiuridae
Animalia,Annelida,,Echiura,,,,,
Animalia,Annelida,,Echiura,,Echiurida,,,Ikedidae
Animalia,Annelida,,Randiellata,,,,,Randiellidae
Animalia,Annelida,,Randiellata,,,,,
Animalia,Annelida,,Lumbriculata,,Hirudiniformes,,,Haemopidae
Animalia,Annelida,,Lumbriculata,,Branchiobdellida,,,Branchiobdellidae
Animalia,Annelida,,Lumbriculata,,Hirudiniformes,,,Haemadipsidae
Animalia,Annelida,,Lumbriculata,,Erpobdelliformes,,,Erpobdellidae
Animalia,Annelida,,Lumbriculata,,Erpobdelliformes,,,Salifidae
Animalia,Annelida,,Lumbriculata,,,,,Tiguassuidae
Animalia,Annelida,,Lumbriculata,,Lumbriculida,,,Lumbriculidae
Animalia,Annelida,,Lumbriculata,,Hirudiniformes,,,Xerobdellidae
Animalia,Annelida,,Lumbriculata,,,,,
Animalia,Annelida,,Lumbriculata,,Rhynchobdellida,,,Glossiphoniidae
Animalia,Annelida,,Lumbriculata,,Rhynchobdellida,,,Piscicolidae
Animalia,Annelida,,Lumbriculata,,Hirudiniformes,,,Cylicobdellidae
Animalia,Annelida,,Lumbriculata,,Hirudiniformes,,,Macrobdellidae
Animalia,Annelida,,Lumbriculata,,Erpobdelliformes,,,Americobdellidae
Animalia,Annelida,,Lumbriculata,,Hirudiniformes,,,Hirudinidae
Animalia,Annelida,,Lumbriculata,,Rhynchobdellida,,,Ozobranchidae
Animalia,Annelida,,Lumbriculata,,Hirudiniformes,,,Semiscolecidae
Animalia,Annelida,,Lumbriculata,,Erpobdelliformes,,,Orobdellidae
Animalia,Annelida,,Lumbriculata,,Acanthobdellida,,,Acanthobdellidae
Animalia,Annelida,,,,,,,
Animalia,Annelida,,Canalipalpata,,Terebellida,,,Ctenodrilidae
Animalia,Annelida,,Canalipalpata,,Terebellida,,,Ampharetidae
Animalia,Annelida,,Canalipalpata,,Sabellida,,,Sabellidae
Animalia,Annelida,,Canalipalpata,,Spionida,,,Trochochaetidae
Animalia,Annelida,,Canalipalpata,,Terebellida,,,Terebellidae
Animalia,Annelida,,Canalipalpata,,Terebellida,,,Cirratulidae
Animalia,Annelida,,Canalipalpata,,Sabellida,,,Oweniidae
Animalia,Annelida,,Canalipalpata,,Terebellida,,,Sternaspidae
Animalia,Annelida,,Canalipalpata,,Spionida,,,Apistobranchidae
Animalia,Annelida,,Canalipalpata,,Spionida,,,Aberrantidae
Animalia,Annelida,,Canalipalpata,,Sabellida,,,Sabellariidae
Animalia,Annelida,,Canalipalpata,,Terebellida,,,Polycirridae
Animalia,Annelida,,Canalipalpata,,Spionida,,,Longosomatidae
Animalia,Annelida,,Canalipalpata,,Spionida,,,Magelonidae
Animalia,Annelida,,Canalipalpata,,Spionida,,,Uncispionidae
Animalia,Annelida,,Canalipalpata,,Spionida,,,Spionidae
Animalia,Annelida,,Canalipalpata,,Sabellida,,,Serpulidae
Animalia,Annelida,,Canalipalpata,,Terebellida,,,Alvinellidae
Animalia,Annelida,,Canalipalpata,,Terebellida,,,Thelepodidae
Animalia,Annelida,,Canalipalpata,,,,,
Animalia,Annelida,,Canalipalpata,,Terebellida,,,Acrocirridae
Animalia,Annelida,,Canalipalpata,,Terebellida,,,Flabelligeridae
Animalia,Annelida,,Canalipalpata,,Terebellida,,,Trichobranchidae
Animalia,Annelida,,Canalipalpata,,Terebellida,,,Pectinariidae
Animalia,Annelida,,Canalipalpata,,Terebellida,,,Telothelepodidae
Animalia,Annelida,,Canalipalpata,,Terebellida,,,Poeobiidae
Animalia,Annelida,,Canalipalpata,,Sabellida,,,Siboglinidae
Animalia,Annelida,,Canalipalpata,,Spionida,,,Poecilochaetidae
Animalia,Annelida,,Canalipalpata,,,,,Chaetopteridae
Animalia,Annelida,,Canalipalpata,,Sabellida,,,Fabriciidae
Animalia,Annelida,,Canalipalpata,,Terebellida,,,Fauveliopsidae
Animalia,Annelida,,Polychaeta,,,,,Spintheridae
Animalia,Annelida,,Polychaeta,,,,,Protodriloididae
Animalia,Annelida,,Polychaeta,,Myzostomida,,,Asteromyzostomidae
Animalia,Annelida,,Polychaeta,,Myzostomida,,,Endomyzostomatidae
Animalia,Annelida,,Polychaeta,,,,,Histriobdellidae
Animalia,Annelida,,Polychaeta,,Myzostomida,,,Protomyzostomidae
Animalia,Annelida,,Polychaeta,,,,,Saccocirridae
Animalia,Annelida,,Polychaeta,,Myzostomida,,,Pulvinomyzostomidae
Animalia,Annelida,,Polychaeta,,,,,Diurodrilidae
Animalia,Annelida,,Polychaeta,,Myzostomida,,,Asteriomyzostomidae
Animalia,Annelida,,Polychaeta,,,,,
Animalia,Annelida,,Polychaeta,,Myzostomida,,,Eenymeenymyzostomatidae
Animalia,Annelida,,Polychaeta,,,,,Nerillidae
Animalia,Annelida,,Polychaeta,,,,,Dinophilidae
Animalia,Annelida,,Polychaeta,,,,,Polygordiidae
Animalia,Annelida,,Polychaeta,,,,,Laetmonectidae
Animalia,Annelida,,Polychaeta,,Myzostomida,,,Myzostomidae
Animalia,Annelida,,Polychaeta,,,,,Protodrilidae
Animalia,Annelida,,Scolecida,,,,,Opheliidae
Animalia,Annelida,,Scolecida,,,,,Capitellidae
Animalia,Annelida,,Scolecida,,,,,Orbiniidae
Animalia,Annelida,,Scolecida,,,,,Cossuridae
Animalia,Annelida,,Scolecida,,,,,Arenicolidae
Animalia,Annelida,,Scolecida,,,,,
Animalia,Annelida,,Scolecida,,,,,Scalibregmatidae
Animalia,Annelida,,Scolecida,,,,,Paraonidae
Animalia,Annelida,,Scolecida,,,,,Maldanidae
Animalia,Porifera,,Demospongiae,,Lithistida,,,Pleromidae
Animalia,Porifera,,Demospongiae,,Astrophorida,,,Ancorinidae
Animalia,Porifera,,Demospongiae,,Halichondrida,,,Bubaridae
Animalia,Porifera,,Demospongiae,,Haplosclerina,,,Niphatidae
Animalia,Porifera,,Demospongiae,,Halichondrida,,,Desmoxyidae
Animalia,Porifera,,Demospongiae,,Chondrosida,,,Chondrillidae
Animalia,Porifera,,Demospongiae,,Poecilosclerida,,,Anchinoidae
Animalia,Porifera,,Demospongiae,,Lithistida,,,Azoricidae
Animalia,Porifera,,Demospongiae,,Hadromerida,,,Suberitidae
Animalia,Porifera,,Demospongiae,,Mycalina,,,Cladorhizidae
Animalia,Porifera,,Demospongiae,,Lithistida,,,Vetulinidae
Animalia,Porifera,,Demospongiae,,Myxillina,,,Iotrochotidae
Animalia,Porifera,,Demospongiae,,Microcionina,,,Microcionidae
Animalia,Porifera,,Demospongiae,,Dictyoceratida,,,Thorectidae
Animalia,Porifera,,Demospongiae,,Lithistida,,,Neopeltidae
Animalia,Porifera,,Demospongiae,,Verongida,,,Aplysinidae
Animalia,Porifera,,Demospongiae,,Agelasida,,,Agelasidae
Animalia,Porifera,,Demospongiae,,Poecilosclerida,,,Plocamiidae
Animalia,Porifera,,Demospongiae,,Spirophorida,,,Samidae
Animalia,Porifera,,Demospongiae,,Hadromerida,,,Alectonidae
Animalia,Porifera,,Demospongiae,,Hadromerida,,,Tethyidae
Animalia,Porifera,,Demospongiae,,Dictyoceratida,,,Irciniidae
Animalia,Porifera,,Demospongiae,,Halichondrida,,,Axinellidae
Animalia,Porifera,,Demospongiae,,Lithistida,,,Corallistidae
Animalia,Porifera,,Demospongiae,,Dictyoceratida,,,Dysideidae
Animalia,Porifera,,Demospongiae,,Mycalina,,,Mycalidae
Animalia,Porifera,,Demospongiae,,Mycalina,,,Merliidae
Animalia,Porifera,,Demospongiae,,Lithistida,,,Phymatellidae
Animalia,Porifera,,Demospongiae,,Myxillina,,,Desmacididae
Animalia,Porifera,,Demospongiae,,Myxillina,,,Crellidae
Animalia,Porifera,,Demospongiae,,Lithistida,,,Desmanthidae
Animalia,Porifera,,Demospongiae,,Mycalina,,,Desmacellidae
Animalia,Porifera,,Demospongiae,,Microcionina,,,Acarnidae
Animalia,Porifera,,Demospongiae,,Microcionina,,,Raspailiidae
Animalia,Porifera,,Demospongiae,,Spongillina,,,Potamolepidae
Animalia,Porifera,,Demospongiae,,,,,
Animalia,Porifera,,Demospongiae,,Myxillina,,,Tedaniidae
Animalia,Porifera,,Demospongiae,,Poecilosclerida,,,Amphilectidae
Animalia,Porifera,,Demospongiae,,Haplosclerina,,,Chalinidae
Animalia,Porifera,,Demospongiae,,Hadromerida,,,Clionaidae
Animalia,Porifera,,Demospongiae,,Lithistida,,,Siphonidiidae
Animalia,Porifera,,Demospongiae,,Dendroceratida,,,Psamminidae
Animalia,Porifera,,Demospongiae,,Dictyoceratida,,,Spongiidae
Animalia,Porifera,,Demospongiae,,Dendroceratida,,,Darwinellidae
Animalia,Porifera,,Demospongiae,,Hadromerida,,,Sollasellidae
Animalia,Porifera,,Demospongiae,,Astrophorida,,,Geodiidae
Animalia,Porifera,,Demospongiae,,Spongillina,,,Spongillidae
Animalia,Porifera,,Demospongiae,,Halisarcida,,,Halisarcidae
Animalia,Porifera,,Demospongiae,,Lithistida,,,Theonellidae
Animalia,Porifera,,Demospongiae,,Hadromerida,,,Polymastiidae
Animalia,Porifera,,Demospongiae,,Myxillina,,,Chondropsidae
Animalia,Porifera,,Demospongiae,,Spirophorida,,,Tetillidae
Animalia,Porifera,,Demospongiae,,Mycalina,,,Hamacanthidae
Animalia,Porifera,,Demospongiae,,Astrophorida,,,Thrombidae
Animalia,Porifera,,Demospongiae,,Hadromerida,,,Timeidae
Animalia,Porifera,,Demospongiae,,Myxillina,,,Myxillidae
Animalia,Porifera,,Demospongiae,,Mycalina,,,Esperiopsidae
Animalia,Porifera,,Demospongiae,,Poecilosclerida,,,Phorbasidae
Animalia,Porifera,,Demospongiae,,Myxillina,,,Hymedesmiidae
Animalia,Porifera,,Demospongiae,,Mycalina,,,Guitarridae
Animalia,Porifera,,Demospongiae,,Myxillina,,,Crambeidae
Animalia,Porifera,,Demospongiae,,Petrosina,,,Petrosiidae
Animalia,Porifera,,Demospongiae,,Mycalina,,,Isodictyidae
Animalia,Porifera,,Demospongiae,,Spongillina,,,Metaniidae
Animalia,Porifera,,Demospongiae,,Verongida,,,Ianthellidae
Animalia,Porifera,,Demospongiae,,Hadromerida,,,Choanitidae
Animalia,Porifera,,Calcaronea,,Baerida,,,Baeriidae
Animalia,Porifera,,Calcaronea,,Baerida,,,Trichogypsiidae
Animalia,Porifera,,Calcaronea,,Leucosolenida,,,Grantiidae
Animalia,Porifera,,Calcaronea,,Leucosolenida,,,Sycanthidae
Animalia,Porifera,,Calcaronea,,Leucosolenida,,,Heteropiidae
Animalia,Porifera,,Calcaronea,,,,,
Animalia,Porifera,,Calcaronea,,Leucosolenida,,,Amphoriscidae
Animalia,Porifera,,Calcaronea,,Lithonida,,,Minchinellidae
Animalia,Porifera,,Calcaronea,,Leucosolenida,,,Leucosoleniidae
Animalia,Porifera,,Calcaronea,,Lithonida,,,Petrobionidae
Animalia,Porifera,,Calcaronea,,Leucosolenida,,,Sycettidae
Animalia,Porifera,,Calcaronea,,Leucosolenida,,,Achramorphidae
Animalia,Porifera,,Calcaronea,,Leucosolenida,,,Lelapiidae
Animalia,Porifera,,Calcaronea,,Baerida,,,Lepidoleuconidae
Animalia,Porifera,,Calcaronea,,Leucosolenida,,,Jenkinidae
Animalia,Porifera,,,,,,,
Animalia,Porifera,,Calcinea,,Clathrinida,,,Clathrinidae
Animalia,Porifera,,Calcinea,,Murrayonida,,,Murrayonidae
Animalia,Porifera,,Calcinea,,Clathrinida,,,Leucascidae
Animalia,Porifera,,Calcinea,,Clathrinida,,,Leucaltidae
Animalia,Porifera,,Calcinea,,Murrayonida,,,Lelapiellidae
Animalia,Porifera,,Calcinea,,Clathrinida,,,Soleneiscidae
Animalia,Porifera,,Calcinea,,,,,
Animalia,Porifera,,Calcinea,,Clathrinida,,,Leucettidae
Animalia,Porifera,,Calcinea,,Murrayonida,,,Paramurrayonidae
Animalia,Porifera,,Calcinea,,Clathrinida,,,Levinellidae
