office_code,office_name,address,city,state,zip_code,phone,office_type
565,NASHVILLE  TN,"SOCIAL SECURITY 120 ATHENS WAY",NASHVILLE,TN,37228,(877) 808-5461,SSA
570,DYERSBURG TN,"SOCIAL SECURITY 1070 VENDALL RD",DYERSBURG,TN,38024,(877) 480-5002,SSA
579,KINGSPORT TN,"SOCIAL SECURITY 2401 SOUTH WILCOX DR",KINGSPORT,TN,37660,(888) 487-0161,SSA
580,JACKSBORO TN,"SOCIAL SECURITY 140 SHARP AND PERKINS RD",JACKSBORO,TN,37757,(866) 964-7324,SSA
B08,LAWRENCEBURG TN,"SOCIAL SECURITY 109 E TAYLOR STREET",LAWRENCEBURG,TN,38464,(877) 405-5866,SSA
575,GREENEVILLE TN,"SOCIAL SECURITY 1618 OLD TUSCULUM ROAD",GREENEVILLE,TN,37745,(877) 405-0416,SSA
582,PARIS TN,"SOCIAL SECURITY 186 COMMERCE ST",PARIS,TN,38242,(866) 698-2507,SSA
572,JOHNSON CITY TN,"SOCIAL SECURITY SUITE 203 818 SUNSET DRIVE",JOHNSON CITY,TN,37604,(866) 964-5059,SSA
578,MURFREESBORO TN,"SOCIAL SECURITY 2836 SAINT PATRICK CT",MURFREESBORO,TN,37128,(866) 593-3112,SSA
B03,UNION CITY TN,"SOCIAL SECURITY 1800 OLD TROY RD",UNION CITY,TN,38261,(877) 401-5904,SSA
576,MORRISTOWN TN,"SOCIAL SECURITY 3112 MILLERS POINT DR",MORRISTOWN,TN,37813,(866) 875-6156,SSA
558,GALLATIN TN,"SOCIAL SECURITY 637 COMMONS DRIVE",GALLATIN,TN,37066,(866) 964-7392,SSA
D00,SELMER TN,"SOCIAL SECURITY 661 MULBERRY AVE",SELMER,TN,38375,(888) 397-4814,SSA
577,TULLAHOMA TN,"SOCIAL SECURITY 717 KINGS LANE",TULLAHOMA,TN,37388,(866) 635-0647,SSA
581,CLEVELAND TN,"SOCIAL SECURITY 529 INMAN ST W",CLEVELAND,TN,37311,(855) 207-4867,SSA
573,COOKEVILLE TN,"SOCIAL SECURITY 1145 PERIMETER PARK DR",COOKEVILLE,TN,38501,(888) 717-1528,SSA
C37,MADISON TN,"SOCIAL SECURITY 140 CUDE LANE",MADISON,TN,37115,(866) 964-6302,SSA
574,CLARKSVILLE TN,"SOCIAL SECURITY 119 CENTER POINTE DR",CLARKSVILLE,TN,37040,(877) 531-4695,SSA
569,COLUMBIA TN,"SOCIAL SECURITY 1885 SHADY BROOK ST",COLUMBIA,TN,38401,(877) 876-3174,SSA
571,JACKSON TN,"SOCIAL SECURITY 415 CHEYENNE DR",JACKSON,TN,38305,(888) 383-1593,SSA
B19,MCMINNVILLE TN,"SOCIAL SECURITY 900 SPARTA ST",MCMINNVILLE,TN,37110,(877) 616-2515,SSA
C94,ATHENS TN,"SOCIAL SECURITY 921 CONGRESS PKWY N",ATHENS,TN,37303,(866) 964-7431,SSA
568,CHATTANOOGA TN,"SOCIAL SECURITY SUITE 140 1290 PREMIER DR",CHATTANOOGA,TN,37421,(866) 964-0029,SSA
556,MEMPHIS SOUTH TN,"SOCIAL SECURITY 3461 SOUTH THIRD ST",MEMPHIS,TN,38109,(855) 782-9155,SSA
C90,MEMPHIS NORTH TN,"SOCIAL SECURITY 3602 AUSTIN PEAY HWY",MEMPHIS,TN,38128,(855) 420-8557,SSA
A51,OAK RIDGE TN,"SOCIAL SECURITY 565 OAK RIDGE TPKE",OAK RIDGE,TN,37830,(888) 676-2954,SSA
567,KNOXVILLE TN,"SOCIAL SECURITY 9031 CROSS PARK DR",KNOXVILLE,TN,37923,(866) 331-9091,SSA
A48,WHITEVILLE NC,"SOCIAL SECURITY 204 S LEE ST",WHITEVILLE,NC,28472,(877) 779-7257,SSA
339,WILKESBORO NC,"SOCIAL SECURITY 1517 RIVER ST",WILKESBORO,NC,28697,(866) 331-2298,SSA
331,HICKORY NC,"SOCIAL SECURITY 1501 US HWY 321 NW",HICKORY,NC,28601,(888) 877-1615,SSA
334,NEW BERN NC,"SOCIAL SECURITY 1420 MCCARTHY BLVD",NEW BERN,NC,28562,(888) 491-1885,SSA
B17,WASHINGTON NC,"SOCIAL SECURITY 1633 JOHN SMALL AVE",WASHINGTON,NC,27889,(866) 574-2589,SSA
342,ROCKINGHAM NC,"SOCIAL SECURITY 220 E GREENE ST",ROCKINGHAM,NC,28379,(877) 405-7673,SSA
B05,SANFORD NC,"SOCIAL SECURITY 401 TIFFANY DR",SANFORD,NC,27330,(877) 319-5774,SSA
329,GOLDSBORO NC,"SOCIAL SECURITY 915 W NEW HOPE ROAD",GOLDSBORO,NC,27534,(866) 964-7372,SSA
326,ROCKY MOUNT NC,"SOCIAL SECURITY 1071 HUNTER HILL RD",ROCKY MOUNT,NC,27804,(866) 964-0784,SSA
320,CHARLOTTE NC,"SOCIAL SECURITY SUITE 100 2201 CORONATION BLVD.",CHARLOTTE,NC,28227,(888) 383-1598,SSA
322,RALEIGH NC,"SOCIAL SECURITY SUITE 100 3315 POOLE RD",RALEIGH,NC,27610,(877) 803-6311,SSA
483,HENDERSONVILLE NC,"SOCIAL SECURITY 205 S GROVE STREET",HENDERSONVILLE,NC,28792,(866) 964-5053,SSA
330,FAYETTEVILLE NC,"SOCIAL SECURITY 145 ROWAN ST",FAYETTEVILLE,NC,28301,(866) 964-6485,SSA
323,ASHEVILLE NC,"SOCIAL SECURITY 800 CENTRE PARK DRIVE",ASHEVILLE,NC,28805,(866) 572-8361,SSA
482,FRANKLIN NC,"SOCIAL SECURITY 2123 LAKESIDE DR",FRANKLIN,NC,28734,(866) 562-0738,SSA
481,ALBEMARLE NC,"SOCIAL SECURITY BROOKWOOD EXECUTIVE PK 202 CHARTER ST",ALBEMARLE,NC,28001,(866) 319-8268,SSA
327,WILMINGTON NC,"SOCIAL SECURITY 1528 S 16TH ST",WILMINGTON,NC,28401,(866) 964-6227,SSA
B11,REIDSVILLE NC,"SOCIAL SECURITY 2402 FREEWAY DR",REIDSVILLE,NC,27320,(866) 748-2091,SSA
344,CONCORD NC,"SOCIAL SECURITY 830 FLORENCE ST NW",CONCORD,NC,28027,(888) 366-6149,SSA
321,SALISBURY NC,"SOCIAL SECURITY 1840 JAKE ALEXANDER BLVD W",SALISBURY,NC,28147,(877) 405-3157,SSA
325,GREENSBORO NC,"SOCIAL SECURITY 6005 LANDMARK CTR BLVD",GREENSBORO,NC,27407,(877) 319-3075,SSA
341,STATESVILLE NC,"SOCIAL SECURITY 2038 DAVIE AVE",STATESVILLE,NC,28625,(855) 722-3497,SSA
328,DURHAM NC,"SOCIAL SECURITY SUITE 200 3511 SHANNON RD",DURHAM,NC,27707,(888) 759-3908,SSA
B16,MT AIRY NC,"SOCIAL SECURITY 1187 N ANDY GRIFFITH PKWY",MOUNT AIRY,NC,27030,(866) 587-4418,SSA
343,KINSTON NC,"SOCIAL SECURITY 2559 N QUEEN ST",KINSTON,NC,28501,(866) 593-5671,SSA
A49,WILSON NC,"SOCIAL SECURITY 1911 WESTWOOD AVE W",WILSON,NC,27893,(866) 366-5804,SSA
336,ELIZABETH CITY NC,"SOCIAL SECURITY 1865 W CITY DR",ELIZABETH CITY,NC,27909,(866) 572-2819,SSA
D01,ASHEBORO NC,"SOCIAL SECURITY 157 DUBLIN SQUARE RD STE K",ASHEBORO,NC,27203,(888) 472-6119,SSA
324,WINSTON SALEM NC,"SOCIAL SECURITY 1370 LOCKLAND AVE",WINSTON SALEM,NC,27103,(877) 402-0828,SSA
340,ROANOKE RAPIDS NC,"SOCIAL SECURITY 833 GREGORY DRIVE",ROANOKE RAPIDS,NC,27870,(866) 269-2010,SSA
B10,HENDERSON NC,"SOCIAL SECURITY 858 S BECKFORD DR",HENDERSON,NC,27536,(877) 628-6584,SSA
335,GREENVILLE NC,"SOCIAL SECURITY 2805 S CHARLES BLVD",GREENVILLE,NC,27858,(866) 494-4001,SSA
484,SMITHFIELD NC,"SOCIAL SECURITY 633 VENTURE DR",SMITHFIELD,NC,27577,(888) 527-9331,SSA
338,LUMBERTON NC,"SOCIAL SECURITY 4430 KAHN DR",LUMBERTON,NC,28358,(866) 931-7099,SSA
B01,SHELBY NC,"SOCIAL SECURITY 707 SCHENCK ST",SHELBY,NC,28150,(877) 405-3576,SSA
332,GASTONIA NC,"SOCIAL SECURITY 609 COTTON BLOSSOM CIR",GASTONIA,NC,28054,(866) 331-2193,SSA
E02,SAIPAN MP,"SOCIAL SECURITY ADMINISTRATION MH II BLDG SUITE 201 MARINA HEIGHTS BUSINESS PARK",SAIPAN,MP,96950,(855) 616-6449,SSA
899,CALDWELL ID,"SOCIAL SECURITY 1118 S KIMBALL AVE",CALDWELL,ID,83605,(877) 836-1560,SSA
898,COEUR D ALENE I,"SOCIAL SECURITY SUITE 100 7400 N MINERAL DR",COEUR D ALENE,ID,83815,(866) 931-2523,SSA
895,LEWISTON ID,"SOCIAL SECURITY 1617 19TH AVE",LEWISTON,ID,83501,(877) 405-9796,SSA
897,IDAHO FALLS ID,"SOCIAL SECURITY 2196 CHANNING WAY",IDAHO FALLS,ID,83404,(866) 253-0489,SSA
894,POCATELLO ID,"SOCIAL SECURITY SUITE B 861 JEFFERSON AVE",POCATELLO,ID,83201,(866) 643-3407,SSA
893,BOISE ID,"SOCIAL SECURITY SUITE 101 1249 S VINNELL WAY",BOISE,ID,83709,(855) 377-9316,SSA
896,TWIN FALLS ID,"SOCIAL SECURITY 1437 FILLMORE ST",TWIN FALLS,ID,83301,(866) 748-2087,SSA
289,LYNCHBURG VA,"SOCIAL SECURITY 7618 TIMBERLAKE RD",LYNCHBURG,VA,24502,(866) 964-6142,SSA
318,RESTON VA,"SOCIAL SECURITY SUITE 100 10800 PARKRIDGE BLVD",RESTON,VA,20191,(866) 829-3158,SSA
303,SUFFOLK VA,"SOCIAL SECURITY 502 HILLPOINT BLVD",SUFFOLK,VA,23434,(866) 835-7769,SSA
291,PETERSBURG VA,"SOCIAL SECURITY 100 POPLAR DRIVE",PETERSBURG,VA,23805,(877) 803-6322,SSA
300,RICHMOND EAST VA,"SOCIAL SECURITY ADMINISTRATION 245 E. WILLIAMSBURG RD",SANDSTON,VA,23150,(866) 218-2307,SSA
290,STAUNTON VA,"SOCIAL SECURITY GRNBRIER OFF PK BLDG 2 1600 N COALTER ST",STAUNTON,VA,24401,(888) 632-6896,SSA
A92,CULPEPER VA,"SOCIAL SECURITY 1014 S MAIN ST",CULPEPER,VA,22701,(877) 531-4694,SSA
299,WISE VA,"SOCIAL SECURITY 253 RIDGEVIEW ROAD SW",WISE,VA,24293,(877) 405-7843,SSA
A39,MANASSAS VA,"SOCIAL SECURITY 9500 CENTER STREET",MANASSAS,VA,20110,(855) 210-0123,SSA
292,DANVILLE VA,"SOCIAL SECURITY 3295 US HWY 29",DANVILLE,VA,24540,(866) 331-5398,SSA
C81,HAMPTON VA,"SOCIAL SECURITY GROUND FLOOR 1521 HARDY CASH DR",HAMPTON,VA,23666,(866) 592-2669,SSA
287,NORFOLK VA,"SOCIAL SECURITY FIRST FLOOR 5850 LAKE HERBERT DR",NORFOLK,VA,23502,(866) 858-6089,SSA
295,WINCHESTER VA,"SOCIAL SECURITY 323 HOPE DRIVE",WINCHESTER,VA,22601,(866) 331-2320,SSA
C83,HARRISONBURG VA,"SOCIAL SECURITY STE 115 351 NORTH MASON STREET",HARRISONBURG,VA,22802,(866) 964-1718,SSA
B56,VIRGINIA BEACH,"SOCIAL SECURITY ADMINISTRATION SUITE 100 2875 SABRE ST",VIRGINIA BEACH,VA,23452,(888) 377-5237,SSA
294,ALEXANDRIA VA,"SOCIAL SECURITY SUITE 200 5510 CHEROKEE AVE",ALEXANDRIA,VA,22312,(888) 472-2402,SSA
293,NEWPORT NEWS VA,"SOCIAL SECURITY 600 GASTON CT",NEWPORT NEWS,VA,23606,(866) 331-9169,SSA
B68,ACCOMAC VA,"SOCIAL SECURITY ACCAWMACKE OFFICE PK 22581 CENTER PKWY",ACCOMAC,VA,23301,(866) 964-1019,SSA
304,SOUTH BOSTON VA,"SOCIAL SECURITY 2049 HAMILTON BLVD",SOUTH BOSTON,VA,24592,(888) 327-1407,SSA
296,COVINGTON VA,"SOCIAL SECURITY 1010 S CRAIG AVENUE",COVINGTON,VA,24426,(888) 527-9334,SSA
A38,FREDERICKSBURG,"SOCIAL SECURITY 9915 PATRIOT HIGHWAY",FREDERICKSBURG,VA,22407,(888) 759-3919,SSA
297,CHARLOTTESVILLE,"SOCIAL SECURITY DISTRICT OFFICE 1ST FLOOR 1470 PANTOPS MOUNTAIN PL",CHARLOTTESVILLE,VA,22911,(866) 613-3959,SSA
A41,CHESTERFIELD,"SOCIAL SECURITY SUITE 100 600 SOUTHLAKE BLVD",NORTH CHESTERFIELD,VA,23236,(877) 773-7231,SSA
285,RICHMOND DTN VA,"SOCIAL SECURITY 1834 W CARY STREET",RICHMOND,VA,23220,(866) 679-6684,SSA
298,WYTHEVILLE VA,"SOCIAL SECURITY 130 WITHERS LANE",WYTHEVILLE,VA,24382,(888) 632-6893,SSA
288,BRISTOL VA,"SOCIAL SECURITY 3280 LEE HIGHWAY",BRISTOL,VA,24202,(866) 504-5013,SSA
286,ROANOKE VA,"SOCIAL SECURITY SUITE 100 612 S JEFFERSON STREET",ROANOKE,VA,24011,(866) 701-8179,SSA
302,PORTSMOUTH VA,"SOCIAL SECURITY 3305 AIRLINE BLVD",PORTSMOUTH,VA,23701,(866) 593-8851,SSA
301,FARMVILLE VA,"SOCIAL SECURITY 324 COMMERCE ROAD",FARMVILLE,VA,23901,(866) 269-4346,SSA
A40,MARTINSVILLE VA,"SOCIAL SECURITY 320 COMMONWEALTH BLVD W",MARTINSVILLE,VA,24112,(877) 405-9780,SSA
256,PORT ST LUCIE FL,"SOCIAL SECURITY 6810 S US HWY 1",PORT ST LUCIE,FL,34952,(866) 366-1627,SSA
665,FT LAUDERDALE EAST FL,"SOCIAL SECURITY STE 100 3201 W COMMERCIAL BLVD",FT LAUDERDALE,FL,33309,(877) 253-4720,SSA
259,DELAND FL,"SOCIAL SECURITY 1629 S ADELLE AVE",DELAND,FL,32720,(866) 964-7396,SSA
A20,FT WALTON BEACH FL,"SOCIAL SECURITY 111-B RACETRACK RD NW",FORT WALTON BEACH,FL,32547,(866) 331-2194,SSA
657,ORLANDO FL,"SOCIAL SECURITY SUITE 4101 500 N ORANGE AVE",ORLANDO,FL,32801,(866) 964-6146,SSA
B21,VERO BEACH FL,"SOCIAL SECURITY 724 20TH ST",VERO BEACH,FL,32960,(866) 964-7414,SSA
655,JACKSONVILLE SOUTH FL,"SOCIAL SECURITY SUITE 1 7185 BENTLEY ROAD",JACKSONVILLE,FL,32256,(877) 409-8424,SSA
A57,BELLE GLADE FL,"SOCIAL SECURITY 925 SE 1ST STREET",BELLE GLADE,FL,33430,(855) 257-0983,SSA
A98,DADE CITY FL,"SOCIAL SECURITY 36630 ADAIR ROAD",DADE CITY,FL,33525,(866) 562-1325,SSA
870,ST AUGUSTINE FL,"SOCIAL SECURITY 2428 OLD MOULTRIE ROAD",ST AUGUSTINE,FL,32086,(877) 405-5867,SSA
668,PANAMA CITY FL,"SOCIAL SECURITY 3215 HWY 77",PANAMA CITY,FL,32405,(866) 348-5833,SSA
C22,MARIANNA FL,"SOCIAL SECURITY 4227 LAFAYETTE ST",MARIANNA,FL,32446,(888) 397-4815,SSA
A16,KISSIMMEE FL,"SOCIAL SECURITY 4030 WEST VINE ST.",KISSIMMEE,FL,34741,(866) 614-4754,SSA
E98,COCOA FL,"SOCIAL SECURITY 310 CANAVERAL GROVES",COCOA,FL,32926,(866) 964-0798,SSA
659,TALLAHASSEE FL,"SOCIAL SECURITY STE B-12 2002 OLD ST AUGUSTINE",TALLAHASSEE,FL,32301,(866) 248-2088,SSA
C29,LITTLE HAVANA FL,"SOCIAL SECURITY 1ST FLOOR 3663 SW 8TH ST",MIAMI,FL,33135,(877) 714-0373,SSA
661,WEST PALM BEACH FL,"SOCIAL SECURITY SUITE 2 801 CLEMATIS STREET",WEST PALM BEACH,FL,33401,(866) 783-7339,SSA
949,CARROLLWOOD FL,"SOCIAL SECURITY 10050 N FLORIDA AVE",TAMPA,FL,33612,(855) 433-5873,SSA
709,NEW PORT RICHEY FL,"SOCIAL SECURITY SUITE 102 7601 LITTLE ROAD",NEW PORT RICHEY,FL,34654,(866) 593-5679,SSA
662,ST PETERSBURG FL,"SOCIAL SECURITY 30 DR MLK ST S",ST PETERSBURG,FL,33701,(866) 613-3965,SSA
656,TAMPA FL,"SOCIAL SECURITY 7012 W HILLSBOROUGH AVE",TAMPA,FL,33634,(866) 331-2317,SSA
B13,SEBRING FL,"SOCIAL SECURITY 3700 COMMERCIAL DRIVE",SEBRING,FL,33870,(877) 405-0415,SSA
A06,PT CHARLOTTE FL,"SOCIAL SECURITY 4054 BEAVER LN",PORT CHARLOTTE,FL,33952,(877) 405-0490,SSA
673,MELBOURNE FL,"SOCIAL SECURITY 1715 W NASA BLVD",MELBOURNE,FL,32901,(866) 716-7667,SSA
263,JACKSONVILLE NORTH FL,"SOCIAL SECURITY 1685 DUNN AVE",JACKSONVILLE,FL,32218,(866) 635-0789,SSA
658,LAKELAND FL,"SOCIAL SECURITY 550 COMMERCE DR",LAKELAND,FL,33813,(877) 604-9387,SSA
A43,WINTER HAVEN FL,"SOCIAL SECURITY 1395 NW HAVENDALE BLVD",WINTER HAVEN,FL,33881,(877) 457-1739,SSA
266,EAST HILLSBOROUGH FL,"SOCIAL SECURITY 2027 S PARSONS AVE",SEFFNER,FL,33584,(866) 593-8721,SSA
255,LAKE CITY FL,"SOCIAL SECURITY 1348 SW BASCOM NORRIS",LAKE CITY,FL,32025,(877) 600-2859,SSA
258,LEESBURG FL,"SOCIAL SECURITY SUITE 100 900 N 14TH STREET",LEESBURG,FL,34748,(866) 836-3623,SSA
670,FORT MYERS FL,"SOCIAL SECURITY SUITE 25 4220 EXECUTIVE CIRCLE",FORT MYERS,FL,33916,(888) 318-9114,SSA
674,OCALA FL,"SOCIAL SECURITY 933 E SILVER SPGS BLVD",OCALA,FL,34470,(877) 626-9911,SSA
671,MIAMI BEACH FL,"SOCIAL SECURITY SUITE 200 1801 ALTON RD",MIAMI BEACH,FL,33139,(877) 714-0374,SSA
269,LAKE MARY FL,"SOCIAL SECURITY 101 COMMERCE ST SUITE 2001",LAKE MARY,FL,32746,(866) 964-7379,SSA
664,PORT ORANGE FL,"SOCIAL SECURITY 4990 S CLYDE MORRIS BLVD",PORT ORANGE,FL,32127,(866) 210-8089,SSA
257,CLEARWATER FL,"SOCIAL SECURITY 2340 DREW STREET",CLEARWATER,FL,33765,(888) 397-5325,SSA
663,GAINESVILLE FL,"SOCIAL SECURITY 4562 NW 13 STREET",GAINESVILLE,FL,32609,(877) 219-8323,SSA
C19,FT LAUDERDALE W,"SOCIAL SECURITY SUITE 100 8501 W SUNRISE BLVD",PLANTATION,FL,33322,(866) 331-9093,SSA
261,PERRINE FL,"SOCIAL SECURITY 11100 SW 211TH ST",MIAMI,FL,33189,(866) 964-6593,SSA
660,PENSACOLA FL,"SOCIAL SECURITY 411 W GARDEN STREET",PENSACOLA,FL,32502,(877) 505-4550,SSA
C65,WATERVILLE ME,"SOCIAL SECURITY 14 COLBY STREET",WATERVILLE,ME,4901,(866) 931-9169,SSA
2,BANGOR ME,"SOCIAL SECURITY ROOM 10307 202 HARLOW ST",BANGOR,ME,4401,(877) 405-1448,SSA
6,ROCKLAND ME,"SOCIAL SECURITY 169 CAMDEN ST",ROCKLAND,ME,4841,(855) 269-9179,SSA
5,PRESQUE ISLE ME,"SOCIAL SECURITY 365 MAIN ST",PRESQUE ISLE,ME,4769,(866) 837-2719,SSA
1,PORTLAND ME,"SOCIAL SECURITY ADMINISTRATION STE 250 400 CONGRESS ST",PORTLAND,ME,4101,(877) 319-3076,SSA
4,AUBURN ME,"SOCIAL SECURITY SUITE 5 600 TURNER STREET",AUBURN,ME,4210,(833) 388-6432,SSA
A24,SACO ME,"SOCIAL SECURITY SUITE 1450 110 MAIN ST",SACO,ME,4072,(877) 253-4715,SSA
3,AUGUSTA ME,"SOCIAL SECURITY STE 209 68 SEWALL ST",AUGUSTA,ME,4330,(866) 882-5422,SSA
644,COLUMBUS MS,"SOCIAL SECURITY 3577 BLUECUTT RD",COLUMBUS,MS,39705,(877) 626-9914,SSA
B02,CORINTH MS,"SOCIAL SECURITY 1050 S. HARPER RD",CORINTH,MS,38834,(866) 366-4921,SSA
653,MOSS POINT MS,"SOCIAL SECURITY 6000 HWY 63",MOSS POINT,MS,39563,(866) 253-5675,SSA
C21,HERNANDO MS,"SOCIAL SECURITY STE 115 2631 MCINGVALE RD",HERNANDO,MS,38632,(866) 739-4771,SSA
B14,GRENADA MS,"SOCIAL SECURITY 2383 SUNSET DRIVE",GRENADA,MS,38901,(866) 593-8523,SSA
649,CLARKSDALE MS,"SOCIAL SECURITY 160 ANDERSON BLVD",CLARKSDALE,MS,38614,(866) 931-7670,SSA
D02,STARKVILLE MS,"SOCIAL SECURITY 1089C STARK RD",STARKVILLE,MS,39759,(800) 305-6919,SSA
640,VICKSBURG MS,"SOCIAL SECURITY SUITE 132 4155 CLAY ST",VICKSBURG,MS,39183,(866) 964-0996,SSA
B15,KOSCIUSKO MS,"SOCIAL SECURITY 80 VETERANS MEMORIAL DR",KOSCIUSKO,MS,39090,(866) 875-5995,SSA
C97,FOREST MS,"SOCIAL SECURITY 558 DEER FIELD DRIVE",FOREST,MS,39074,(866) 829-2497,SSA
643,MERIDIAN MS,"SOCIAL SECURITY 4717 26TH AVENUE",MERIDIAN,MS,39305,(866) 403-8014,SSA
645,GREENWOOD MS,"SOCIAL SECURITY 604 YALOBUSHA STREET",GREENWOOD,MS,38930,(866) 331-2209,SSA
648,TUPELO MS,"SOCIAL SECURITY 199 SADDLE CREEK DRIVE",TUPELO,MS,38801,(866) 504-4267,SSA
A99,CLEVELAND MS,"SOCIAL SECURITY 407 INDUSTRIAL PARKWAY",CLEVELAND,MS,38732,(877) 405-4638,SSA
B09,BROOKHAVEN MS,"SOCIAL SECURITY 1392 JOHNNY JOHNSON DR",BROOKHAVEN,MS,39601,(877) 405-3568,SSA
650,MCCOMB MS,"SOCIAL SECURITY 116 BUSINESS CENTER DR",MCCOMB,MS,39648,(866) 253-5609,SSA
641,JACKSON MS FO,"SOCIAL SECURITY STE 225 MCCOY FED BLDG 100 W CAPITOL STREET",JACKSON,MS,39269,(866) 331-8135,SSA
651,NATCHEZ MS,"SOCIAL SECURITY GROUND FLOOR 110 LOWER WOODVILLE RD",NATCHEZ,MS,39120,(877) 405-4565,SSA
647,GREENVILLE MS,"SOCIAL SECURITY ROOM 201 305 MAIN STREET",GREENVILLE,MS,38701,(866) 602-8776,SSA
652,LAUREL MS,"SOCIAL SECURITY 3210 HWY 15 N",LAUREL,MS,39440,(866) 964-4927,SSA
A47,PHILADELPHIA MS,"SOCIAL SECURITY 100 PILOT ST",PHILADELPHIA,MS,39350,(877) 531-4681,SSA
646,GULFPORT MS,"SOCIAL SECURITY 9394 THREE RIVERS ROAD",GULFPORT,MS,39503,(877) 897-0609,SSA
642,HATTIESBURG MS,"SOCIAL SECURITY 1911 BROADWAY DR",HATTIESBURG,MS,39402,(866) 331-2186,SSA
708,BISMARCK ND,"SOCIAL SECURITY SUITE 100 4207 BOULDER RIDGE RD",BISMARCK,ND,58503,(877) 319-6044,SSA
705,FARGO ND,"SOCIAL SECURITY RM 320 FED BLDG 657 2ND AVE N",FARGO,ND,58102,(877) 335-4114,SSA
707,GRAND FORKS ND,"SOCIAL SECURITY STE 300 402 DEMERS AVE",GRAND FORKS,ND,58201,(888) 617-0456,SSA
706,MINOT ND,"SOCIAL SECURITY MINOT METRO CENTER 1414 20TH AVE SW",MINOT,ND,58701,(866) 415-3193,SSA
D79,ST CROIX VI,"SOCIAL SECURITY SUITE 4 4094 DIAMOND RUBY",CHRISTIANSTED,VI,820,(866) 209-0446,SSA
284,ST THOMAS VI,"SOCIAL SECURITY 1ST FL SUITE 14 8000 NISKY SHOPPING CT",ST THOMAS,VI,802,(866) 876-1799,SSA
168,GUAM,"SOCIAL SECURITY SUITE 155 770 EAST SUNSET BLVD",BARRIGADA,GU,96913,(855) 616-6393,SSA
940,PORTLAND-EAST O,"SOCIAL SECURITY 17925 SE DIVISION ST",PORTLAND,OR,97236,(866) 331-6402,SSA
687,BEAVERTON OR,"SOCIAL SECURITY SUITE 100 11975 SW 2ND ST",BEAVERTON,OR,97005,(866) 964-2036,SSA
D53,BEND OR,"SOCIAL SECURITY SUITE 201 250 NW FRANKLIN AVE",BEND,OR,97703,(877) 405-0302,SSA
941,West Linn,"SOCIAL SECURITY SUITE 150 1830 BLANKENSHIP RD",WEST LINN,OR,97068,(866) 964-4264,SSA
939,ROSEBURG OR,"SOCIAL SECURITY 1730 NW HUGHWOOD AVE",ROSEBURG,OR,97471,(866) 614-0031,SSA
B76,ALBANY OR,"SOCIAL SECURITY SUITE 110 1390 WAVERLY DRIVE SE",ALBANY,OR,97322,(877) 405-9196,SSA
937,MEDFORD OR,"SOCIAL SECURITY SUITE 101 3501 EXCEL DR",MEDFORD,OR,97504,(866) 931-7943,SSA
689,THE DALLES OR,"SOCIAL SECURITY SUITE 110 401 E 3RD ST",THE DALLES,OR,97058,(877) 405-3526,SSA
933,EUGENE OR,"SOCIAL SECURITY 2504 OAKMONT WAY",EUGENE,OR,97401,(866) 563-3450,SSA
936,LA GRANDE OR,"SOCIAL SECURITY 2205 COVE AVE",LA GRANDE,OR,97850,(888) 810-7611,SSA
932,PORTLAND METRO OR,"SOCIAL SECURITY 1538 SW YAMHILL ST",PORTLAND,OR,97205,(888) 632-6990,SSA
B78,PENDLETON OR,"SOCIAL SECURITY SUITE 100 1229 SE 3RD STREET",PENDLETON,OR,97801,(877) 405-0480,SSA
D52,WARRENTON OR,"SOCIAL SECURITY STE 104 1479 SE DISCOVERY LN",WARRENTON,OR,97146,(877) 840-5743,SSA
B77,ONTARIO OR,"SOCIAL SECURITY 908 SE 5TH AVENUE",ONTARIO,OR,97914,(866) 403-8016,SSA
935,SALEM OR,"SOCIAL SECURITY STE 110 1750 MCGILCHRIST ST SE",SALEM,OR,97302,(866) 593-1559,SSA
938,NORTH BEND OR,"SOCIAL SECURITY 3661 BROADWAY AVE",NORTH BEND,OR,97459,(866) 275-9901,SSA
945,RENO NV,"SOCIAL SECURITY 1170 HARVARD WAY",RENO,NV,89502,(888) 808-5481,SSA
946,LAS VEGAS NV,"SOCIAL SECURITY SUITE 150 1250 S BUFFALO DR",LAS VEGAS,NV,89117,(866) 704-4859,SSA
A00,HENDERSON NV,"SOCIAL SECURITY 10416 S EASTERN AVENUE",HENDERSON,NV,89052,(855) 207-7084,SSA
D49,NORTH LAS VEGAS NV,"SOCIAL SECURITY 4340 SIMMONS STREET",NORTH LAS VEGAS,NV,89032,(866) 614-9667,SSA
902,PROVO UT,"SOCIAL SECURITY J. WILL ROBINSON FOB 88 WEST 100 NORTH",PROVO,UT,84601,(866) 366-9549,SSA
A07,ST GEORGE UT,"SOCIAL SECURITY SUITE 1100 1091 NORTH BLUFF ST",SAINT GEORGE,UT,84770,(866) 446-7085,SSA
900,SALT LAKE CITY UTAH,"SOCIAL SECURITY SUITE 100 2511 S WEST TEMPLE",SOUTH SALT LAKE,UT,84115,(866) 851-5275,SSA
901,OGDEN UT,"SOCIAL SECURITY STE 2403 324 25TH STREET",OGDEN,UT,84401,(877) 378-9081,SSA
D28,SOUTH JORDAN,"SOCIAL SECURITY 10138 S JORDAN GTWY",SOUTH JORDAN,UT,84095,(866) 690-1947,SSA
14,NASHUA NH,"SOCIAL SECURITY SUITE 2 175 AMHERST ST",NASHUA,NH,3064,(877) 444-0134,SSA
12,MANCHESTER NH,"SOCIAL SECURITY SUITE 201 1100 ELM ST",MANCHESTER,NH,3101,(866) 814-5408,SSA
15,KEENE NH,"SOCIAL SECURITY 9 ELM STREET",KEENE,NH,3431,(877) 405-3651,SSA
10,CONCORD NH,"SOCIAL SECURITY STE 100 70 COMMERCIAL ST",CONCORD,NH,3301,(888) 397-9798,SSA
11,PORTSMOUTH NH,"SOCIAL SECURITY STE 200 215 COMMERCE WAY",PORTSMOUTH,NH,3801,(888) 397-9796,SSA
13,LITTLETON NH,"SOCIAL SECURITY 177 MAIN ST",LITTLETON,NH,3561,(877) 405-7658,SSA
694,OTTUMWA IA,"SOCIAL SECURITY SUITE A 2429 NORTHGATE ST",OTTUMWA,IA,52501,(866) 964-7394,SSA
693,WATERLOO IA,"SOCIAL SECURITY 3121 GREYHOUND DR",WATERLOO,IA,50701,(888) 456-9554,SSA
697,FORT DODGE IA,"SOCIAL SECURITY 2315 2ND AVE N",FORT DODGE,IA,50501,(866) 839-6193,SSA
701,CARROLL IA,"SOCIAL SECURITY 818 BELLA VISTA DR",CARROLL,IA,51401,(866) 572-8381,SSA
691,DAVENPORT IA,"SOCIAL SECURITY 4319 N BRADY ST",DAVENPORT,IA,52806,(855) 420-8556,SSA
780,SPENCER IA,"SOCIAL SECURITY 1610 12TH AVE SW",SPENCER,IA,51301,(866) 273-6050,SSA
C49,COUNCIL BLUFFS,"SOCIAL SECURITY SUITE 1 20 ARENA WAY",COUNCIL BLUFFS,IA,51501,(866) 331-9094,SSA
696,CEDAR RAPIDS IA,"SOCIAL SECURITY STE 100 3165 WILLIAMS BLVD SW",CEDAR RAPIDS,IA,52404,(866) 495-0088,SSA
700,CRESTON IA,"SOCIAL SECURITY 906 E TAYLOR ST",CRESTON,IA,50801,(866) 613-2827,SSA
698,MASON CITY IA,"SOCIAL SECURITY 625 VILLAGE GREEN DR SW",MASON CITY,IA,50401,(866) 365-6708,SSA
690,DES MOINES IA,"SOCIAL SECURITY STE F 455 SW 5TH ST",DES MOINES,IA,50309,(866) 964-7583,SSA
695,DUBUQUE IA,"SOCIAL SECURITY SUITE 101 1635 ASSOCIATES DR",DUBUQUE,IA,52002,(877) 405-3650,SSA
B37,AMES IA,"SOCIAL SECURITY 2615 UNIVERSITY BLVD",AMES,IA,50010,(866) 899-1928,SSA
B36,MARSHALLTOWN IA,"SOCIAL SECURITY 2502 S 2ND ST",MARSHALLTOWN,IA,50158,(877) 819-2595,SSA
692,SIOUX CITY IA,"SOCIAL SECURITY 3555 SOUTHERN HILLS DR",SIOUX CITY,IA,51106,(866) 338-2859,SSA
B34,CORALVILLE IA,"SOCIAL SECURITY SUITE 100 1100 6TH ST",CORALVILLE,IA,52241,(866) 964-2039,SSA
699,BURLINGTON IA,"SOCIAL SECURITY 3920 DIVISION ST",BURLINGTON,IA,52601,(866) 338-4183,SSA
759,PINE BLUFF AR,"SOCIAL SECURITY 3511 MARKET STREET",PINE BLUFF,AR,71601,(866) 563-9693,SSA
766,RUSSELLVILLE AR,"SOCIAL SECURITY 2708 E PARKWAY DRIVE",RUSSELLVILLE,AR,72802,(877) 445-0827,SSA
763,FAYETTEVILLE AR,"SOCIAL SECURITY SUITE 101 2153 E. JOYCE BLVD.",FAYETTEVILLE,AR,72703,(877) 694-5493,SSA
758,JONESBORO AR,"SOCIAL SECURITY 1809 LATOURETTE DRIVE",JONESBORO,AR,72404,(866) 842-7369,SSA
E37,SHERWOOD AR,"SOCIAL SECURITY 3608 EAST KIEHL AVE",SHERWOOD,AR,72120,(877) 512-3854,SSA
755,LITTLE ROCK AR,"SOCIAL SECURITY RM 1201 FEDERAL BLDG 700 W CAPITOL STREET",LITTLE ROCK,AR,72201,(866) 593-0933,SSA
761,EL DORADO AR,"SOCIAL SECURITY 2600 W HILLSBORO",EL DORADO,AR,71730,(866) 526-9254,SSA
704,WEST MEMPHIS AR,"SOCIAL SECURITY SUITE B 202 SHOPPINGWAY BLVD",WEST MEMPHIS,AR,72301,(866) 627-6994,SSA
762,BLYTHEVILLE AR,"SOCIAL SECURITY 1403 S DIVISION ST",BLYTHEVILLE,AR,72315,(866) 842-6638,SSA
756,FORT SMITH AR,"SOCIAL SECURITY 6801 DALLAS STREET",FT SMITH,AR,72903,(866) 931-8374,SSA
765,FORREST CITY AR,"SOCIAL SECURITY SUITE A 965 HOLIDAY DR",FORREST CITY,AR,72335,(866) 964-2043,SSA
760,HOT SPRINGS AR,"SOCIAL SECURITY 112 CORPORATE TERRACE",HOT SPRINGS,AR,71913,(855) 531-1685,SSA
A67,HARRISON AR,"SOCIAL SECURITY 131 W INDUSTRIAL PK RD",HARRISON,AR,72601,(877) 512-3851,SSA
A68,SEARCY AR,"SOCIAL SECURITY 701 AIRPORT LOOP",SEARCY,AR,72143,(855) 686-1467,SSA
767,BATESVILLE AR,"SOCIAL SECURITY 151 DRY KILN RD",BATESVILLE,AR,72501,(866) 816-5651,SSA
B49,CONWAY AR,"SOCIAL SECURITY 2475 CHRISTINA LN",CONWAY,AR,72034,(855) 727-3599,SSA
B53,HOBBS NM,"SOCIAL SECURITY 501 E BENDER BLVD",HOBBS,NM,88240,(866) 254-2611,SSA
859,ROSWELL NM,"SOCIAL SECURITY ROOM 122 500 N RICHARDSON AVENUE",ROSWELL,NM,88201,(866) 563-9470,SSA
00K,RIO RANCHO NM,"SOCIAL SECURITY 4433 JAGER DR NE",RIO RANCHO,NM,87144,(866) 530-7783,SSA
860,SANTA FE NM,"SOCIAL SECURITY 1922 5TH STREET",SANTA FE,NM,87505,(866) 571-8130,SSA
863,LAS CRUCES NM,"SOCIAL SECURITY 2141 SUMMIT COURT",LAS CRUCES,NM,88011,(866) 563-9294,SSA
B55,LAS VEGAS NM,"SOCIAL SECURITY 2520 RIDGE RUNNER RD",LAS VEGAS,NM,87701,(866) 635-0856,SSA
862,CLOVIS NM,"SOCIAL SECURITY 1208 ARCINEIGA DR",CLOVIS,NM,88101,(866) 931-9945,SSA
864,FARMINGTON NM,"SOCIAL SECURITY 4650 N BUTLER",FARMINGTON,NM,87401,(866) 931-7656,SSA
861,GALLUP NM,"SOCIAL SECURITY 2070 EAST AZTEC AVENUE",GALLUP,NM,87301,(888) 810-3744,SSA
858,ALBUQUERQUE NM,"SOCIAL SECURITY SUITE 100 500 LEAD AVE SW",ALBUQUERQUE,NM,87102,(866) 613-9961,SSA
20,BALTO WEST MD,"SOCIAL SECURITY SUITE S 1531 S EDGEWOOD STREET",BALTIMORE,MD,21227,(877) 870-6381,SSA
196,BALTO ROSSVILLE MD,"SOCIAL SECURITY SUITE 312 5235 KING AVENUE",BALTIMORE,MD,21237,(866) 348-5818,SSA
199,BALTIMORE WABASH MD,"SOCIAL SECURITY BALTIMORE WABASH 6100A WABASH AVENUE",BALTIMORE,MD,21215,(866) 708-3210,SSA
282,SILVER SPRING MD,"SOCIAL SECURITY SUITE 304 10230 NEW HAMPSHIRE AVE",SILVER SPRING,MD,20903,(877) 512-3848,SSA
C07,GREENBELT MD,"SOCIAL SECURITY SUITE C 7401 FORBES BLVD",SEABROOK,MD,20706,(866) 338-4115,SSA
A33,ROCKVILLE MD,"SOCIAL SECURITY 315 N WASHINGTON ST",ROCKVILLE,MD,20850,(866) 838-5341,SSA
278,TOWSON MD,"SOCIAL SECURITY BUILDING B; SUITE 320 1220 E JOPPA RD",TOWSON,MD,21286,(866) 614-4758,SSA
197,OWINGS MILLS MD,"SOCIAL SECURITY SUITE 100 5 PARK CENTER COURT",OWINGS MILLS,MD,21117,(866) 681-1412,SSA
19,BALTO NE MD,"SOCIAL SECURITY STE 106 2401 BELAIR RD",BALTIMORE,MD,21213,(866) 336-9653,SSA
277,ANNAPOLIS MD,"SOCIAL SECURITY SUITE 114 185 HARRY S TRUMAN PARKWAY",ANNAPOLIS,MD,21401,(888) 840-0684,SSA
96,ELKTON MD,"SOCIAL SECURITY 300 BIG ELK MALL",ELKTON,MD,21921,(866) 331-2218,SSA
530,CHARLOTTE HALL MD,"SOCIAL SECURITY 30071 BUSINESS CTR DR",CHARLOTTE HALL,MD,20622,(888) 866-5181,SSA
274,SALISBURY MD,"SOCIAL SECURITY SUITE 1 2414 NORTHGATE DR",SALISBURY,MD,21801,(866) 273-5083,SSA
275,CUMBERLAND MD,"SOCIAL SECURITY SUITE 100 217 GLENN ST",CUMBERLAND,MD,21502,(866) 964-7409,SSA
195,COLUMBIA MD,"SOCIAL SECURITY LAKESIDE BLDG; STE 110 8865 STANFORD BLVD",COLUMBIA,MD,21045,(877) 445-0504,SSA
95,CAMBRIDGE MD,"SOCIAL SECURITY STE 9 309 SUNBURST HWY",CAMBRIDGE,MD,21613,(888) 347-9277,SSA
273,BALTIMORE DTN MD,"SOCIAL SECURITY SUITE 200 1010 PARK AVE",BALTIMORE,MD,21201,(866) 931-9942,SSA
276,HAGERSTOWN MD,"SOCIAL SECURITY SUITE 100 1710 UNDERPASS WAY",HAGERSTOWN,MD,21740,(866) 331-7125,SSA
A96,WESTMINSTER MD,"SOCIAL SECURITY UNIT 10 125 AIRPORT DR",WESTMINSTER,MD,21157,(877) 694-5496,SSA
94,ABINGDON MD,"SOCIAL SECURITY 3435A BOX HILL CORPORATE CENTER DR",ABINGDON,MD,21009,(877) 701-2142,SSA
529,FREDERICK MD,"SOCIAL SECURITY SUITE N 5340 SPECTRUM DRIVE",FREDERICK,MD,21703,(866) 331-7089,SSA
283,GLEN BURNIE MD,"SOCIAL SECURITY SUITE 1A 337 HOSPITAL DR",GLEN BURNIE,MD,21061,(866) 528-9873,SSA
527,CAMP SPRINGS MD,"SOCIAL SECURITY 6110 ALLENTOWN ROAD",SUITLAND,MD,20746,(877) 512-3849,SSA
984,SALINAS CA,"SOCIAL SECURITY STE 155 928 E BLANCO RD",SALINAS,CA,93901,(877) 600-2857,SSA
954,SAN DIEGO CA,"SOCIAL SECURITY 1333 FRONT STREET",SAN DIEGO,CA,92101,(855) 820-0097,SSA
E41,SAN JOSE SOUTH,"SOCIAL SECURITY 6140 COTTLE RD",SAN JOSE,CA,95123,(888) 383-1180,SSA
978,MODESTO CA,"SOCIAL SECURITY SUITE E1 1521 N CARPENTER RD",MODESTO,CA,95351,(888) 748-7698,SSA
249,ANAHEIM CA,"SOCIAL SECURITY 900 S HARBOR BLVD",ANAHEIM,CA,92805,(866) 657-3133,SSA
60,MERCED CA,"SOCIAL SECURITY 3185 M ST",MERCED,CA,95348,(888) 632-7069,SSA
B59,LAKEWOOD CA,"SOCIAL SECURITY 4957 PARAMOUNT BLVD",LAKEWOOD,CA,90712,(866) 964-6484,SSA
E08,SOUTHEAST FRESNO CA,"SOCIAL SECURITY 5140 E OLIVE AVE",FRESNO,CA,93727,(866) 366-4918,SSA
A32,LAKEPORT CA,"SOCIAL SECURITY STE A 991 PARALLEL DR",LAKEPORT,CA,95453,(888) 676-2666,SSA
253,UNIVERSITY VILLAGE CA,"SOCIAL SECURITY STE 200 1122 W WASHINGTON BLVD",LOS ANGELES,CA,90015,(866) 964-7401,SSA
964,SANTA ROSA CA,"SOCIAL SECURITY BLDG A 2099 RANGE AVE",SANTA ROSA,CA,95401,(877) 870-6384,SSA
E29,WEST SACRAMENTO CA,"SOCIAL SECURITY STE 1000 825 RIVERSIDE PARKWAY",WEST SACRAMENTO,CA,95605,(866) 726-8136,SSA
26,CRENSHAW CA,"SOCIAL SECURITY 3840 CRENSHAW BLVD",LOS ANGELES,CA,90008,(877) 531-4693,SSA
957,PASADENA CA,"SOCIAL SECURITY 104 N MENTOR AVENUE",PASADENA,CA,91106,(877) 255-1508,SSA
A09,THOUSAND OAKS CA,"SOCIAL SECURITY SUITE 110 322 E THOUSAND OAKS BL",THOUSAND OAKS,CA,91360,(888) 397-4807,SSA
62,CHATSWORTH CA,"SOCIAL SECURITY 20439 NORDHOFF ST",CHATSWORTH,CA,91311,(855) 727-3598,SSA
A85,UKIAH CA,"SOCIAL SECURITY 521 S ORCHARD AVE",UKIAH,CA,95482,(888) 590-2706,SSA
955,SACRAMENTO CA,"SOCIAL SECURITY SUITE A 8581 FOLSOM BLVD",SACRAMENTO,CA,95826,(877) 274-5419,SSA
B69,FONTANA CA,"SOCIAL SECURITY 10668 SIERRA AVE",FONTANA,CA,92337,(866) 726-7865,SSA
962,STOCKTON CA,"SOCIAL SECURITY 4747 FEATHER RIVER DR",STOCKTON,CA,95219,(877) 803-6314,SSA
981,POMONA VALLEY CA,"SOCIAL SECURITY 2130 N GAREY AVE",POMONA,CA,91767,(888) 808-5486,SSA
953,OAKLAND DT CA,"SOCIAL SECURITY SUITE 400 360 22ND ST",OAKLAND,CA,94612,(866) 964-7420,SSA
967,SAN MATEO CA,"SOCIAL SECURITY SUITE 101 800 SOUTH CLAREMONT ST",SAN MATEO,CA,94402,(866) 726-8193,SSA
A78,FOUNTAIN VALLEY CA,"SOCIAL SECURITY SUITE B 17075 NEWHOPE STREET",FOUNTAIN VALLEY,CA,92708,(877) 304-1566,SSA
931,SAN MARCOS CA,"SOCIAL SECURITY 367 VIA VERA CRUZ",SAN MARCOS,CA,92078,(866) 614-4769,SSA
434,COMPTON CA,"SOCIAL SECURITY 171 E COMPTON BLVD",COMPTON,CA,90220,(888) 472-6117,SSA
251,RIVERSIDE CA,"SOCIAL SECURITY 10000 MAGNOLIA AVE",RIVERSIDE,CA,92503,(866) 931-4495,SSA
59,LANCASTER CA,"SOCIAL SECURITY STE A 42225 10TH ST W",LANCASTER,CA,93534,(866) 964-1725,SSA
E28,NORTH SACRAMENTO DISTRICT OFFICE,"SOCIAL SECURITY SUITE 200 2424 ARDEN WAY",SACRAMENTO,CA,95825,(855) 782-9153,SSA
952,FRESNO CA,"SOCIAL SECURITY 640 W LOCUST AVENUE",FRESNO,CA,93650,(866) 931-9041,SSA
70,PALM SPRINGS CA,"SOCIAL SECURITY 4201 E RAMON RD",PALM SPRINGS,CA,92264,(877) 873-9105,SSA
A53,MORONGO BASIN CA,"SOCIAL SECURITY 56492 29 PALMS HWY",YUCCA VALLEY,CA,92284,(877) 325-7417,SSA
959,SAN BERNARDINO CA,"SOCIAL SECURITY SUITE 101 605 N ARROWHEAD AVE",SAN BERNARDINO,CA,92401,(866) 331-7132,SSA
A17,CRESCENT CITY CA,"SOCIAL SECURITY 560 E HOOVER AVE",CRESCENT CITY,CA,95531,(855) 727-3600,SSA
E27,OROVILLE CA,"SOCIAL SECURITY 115 TABLE MOUNTAIN BL",OROVILLE,CA,95965,(866) 331-7130,SSA
B80,LA MESA CA,"SOCIAL SECURITY 7961 UNIVERSITY AVE",LA MESA,CA,91942,(877) 405-1445,SSA
973,VALLEJO CA,"SOCIAL SECURITY SUITE A 106 PLAZA DR",VALLEJO,CA,94591,(888) 808-5487,SSA
D48,SAN LEANDRO CA,"SOCIAL SECURITY 320 DAVIS ST",SAN LEANDRO,CA,94577,(866) 331-2181,SSA
28,EAST OAKLAND CA,"SOCIAL SECURITY EASTMONT TOWN CENTER STE 263 7200 BANCROFT AVENUE",OAKLAND,CA,94605,(888) 527-9329,SSA
A80,BURBANK CA,"SOCIAL SECURITY 1420 W OLIVE AVE",BURBANK,CA,91506,(888) 748-7699,SSA
252,SF CHINATOWN CA,"SOCIAL SECURITY 560 KEARNY STREET",SAN FRANCISCO,CA,94108,(877) 319-3070,SSA
963,BAKERSFIELD CA,"SOCIAL SECURITY 5300 OFFICE PARK DRIVE",BAKERSFIELD,CA,93309,(866) 476-1489,SSA
961,SANTA BARBARA CA,"SOCIAL SECURITY 122 W FIGUEROA ST",SANTA BARBARA,CA,93101,(866) 695-6285,SSA
D36,GARDEN GROVE CA,"SOCIAL SECURITY 11900 GILBERT STREET",GARDEN GROVE,CA,92841,(877) 669-3115,SSA
943,WEST COVINA CA,"SOCIAL SECURITY STE 201 501 S VINCENT AVE",WEST COVINA,CA,91790,(866) 964-0162,SSA
A15,COLORADO RIVER BASIN / NEEDLES CA,"SOCIAL SECURITY 1502 BAILEY AVENUE",NEEDLES,CA,92363,(866) 596-7946,SSA
E77,ROSEVILLE CA,"SOCIAL SECURITY SUITE 130 910 CIRBY WAY",ROSEVILLE,CA,95661,(866) 348-7830,SSA
435,NATIONAL CITY CA,"SOCIAL SECURITY GROUND FLOOR 700 E 24TH ST",NATIONAL CITY,CA,91950,(866) 331-2203,SSA
384,EL MONTE CA,"SOCIAL SECURITY ADMINISTRATION 9351 TELSTAR AVE.",EL MONTE,CA,91731,(866) 931-0340,SSA
988,SAN RAFAEL CA,"SOCIAL SECURITY SUITE 200 99 SMITH RANCH ROAD",SAN RAFAEL,CA,94903,(866) 331-7761,SSA
D39,BREA CA,"SOCIAL SECURITY SUITE 150 1ST FLOOR 3230 E IMPERIAL HWY",BREA,CA,92821,(866) 593-2757,SSA
E78,PLACERVILLE CA,"SOCIAL SECURITY SUITE A 3916 MISSOURI FLAT RD",PLACERVILLE,CA,95667,(877) 545-5497,SSA
B73,MORENO VALLEY CA,"SOCIAL SECURITY 22815 CALLE SAN JUAN DE LOS LAGOS",MORENO VALLEY,CA,92553,(888) 590-2705,SSA
523,MANTECA CA,"SOCIAL SECURITY 510 COMMERCE CT",MANTECA,CA,95336,(866) 320-2587,SSA
D38,CAMPBELL CA,"SOCIAL SECURITY 1480 W CAMPBELL AVE",CAMPBELL,CA,95008,(866) 348-5832,SSA
D44,WILSHIRE CENTER,"SOCIAL SECURITY WILSHIRE CENTER 4000 WILSHIRE BLVD",LOS ANGELES,CA,90010,(866) 964-7592,SSA
986,SAN LUIS OBISPO CA,"SOCIAL SECURITY 3240 S HIGUERA ST",SAN LUIS OBISPO,CA,93401,(855) 207-4865,SSA
976,BERKELEY CA,"SOCIAL SECURITY 2045 ALLSTON WAY",BERKELEY,CA,94704,(877) 531-4696,SSA
D46,ALHAMBRA CA,"SOCIAL SECURITY SUITE E 555 W MAIN ST",ALHAMBRA,CA,91801,(866) 227-6561,SSA
975,PANORAMA CITY CA,"SOCIAL SECURITY STE 207 14500 ROSCOE BLVD",PANORAMA CITY,CA,91402,(866) 341-0785,SSA
480,SONORA CA,"SOCIAL SECURITY 745 MORNING STAR DRIVE",SONORA,CA,95370,(888) 397-4125,SSA
248,CONCORD CA,"SOCIAL SECURITY STE 400 2150 JOHN GLENN DR",CONCORD,CA,94520,(877) 319-6042,SSA
958,LONG BEACH CA,"SOCIAL SECURITY 2005 LONG BEACH BLVD",LONG BEACH,CA,90806,(888) 256-2631,SSA
965,GLENDALE CA,"SOCIAL SECURITY SUITE 600 225 W BROADWAY",GLENDALE,CA,91204,(855) 886-9633,SSA
E31,GLENDORA CA,"SOCIAL SECURITY 1165 E ROUTE 66",GLENDORA,CA,91740,(866) 964-6045,SSA
A03,YREKA CA,"SOCIAL SECURITY 1960 S. OREGON STREET",YREKA,CA,96097,(888) 366-6145,SSA
385,SAN JOSE EAST CA,"SOCIAL SECURITY 2500 FONTAINE RD",SAN JOSE,CA,95121,(866) 931-4496,SSA
563,BKRSFLD EAST HILLS CA,"SOCIAL SECURITY 2575 HALEY STREET",BAKERSFIELD,CA,93305,(866) 366-9558,SSA
66,HAYWARD CA,"SOCIAL SECURITY SUITE 500 24301 SOUTHLAND DR",HAYWARD,CA,94545,(866) 964-5054,SSA
971,HAWTHORNE CA,"SOCIAL SECURITY SUITE 400 11539 HAWTHORNE BLVD",HAWTHORNE,CA,90250,(866) 331-7694,SSA
987,OCEANSIDE CA,"SOCIAL SECURITY 2160 S EL CAMINO REAL",OCEANSIDE,CA,92054,(855) 287-4793,SSA
A88,DALY CITY CA,"SOCIAL SECURITY SUITE 201 355 GELLERT BLVD",DALY CITY,CA,94015,(888) 748-7702,SSA
979,CHICO CA,"SOCIAL SECURITY STE 150 1370 E. LASSEN AVE",CHICO,CA,95973,(866) 964-7585,SSA
951,LOS ANGELES DOWNTOWN,"SOCIAL SECURITY 1401 W 8TH STREET",LOS ANGELES,CA,90017,(877) 803-6308,SSA
960,SAN JOSE CA,"SOCIAL SECURITY RM 244 2ND FL 280 S FIRST STREET",SAN JOSE,CA,95113,(866) 331-2235,SSA
983,TORRANCE CA,"SOCIAL SECURITY 20000 MARINER AVE STE 150",TORRANCE,CA,90503,(877) 319-0732,SSA
969,REDDING CA,"SOCIAL SECURITY SUITE A 2660 PARK MARINA DR",REDDING,CA,96001,(866) 964-1236,SSA
27,SAN FERNANDO CA,"SOCIAL SECURITY 456 S F MISSION BLVD",SAN FERNANDO,CA,91340,(888) 383-1599,SSA
562,NORWALK CA,"SOCIAL SECURITY STE 170 12440 E IMPERIAL HWY",NORWALK,CA,90650,(866) 331-3281,SSA
B58,MISSION VIEJO CA,"SOCIAL SECURITY 23311 MADERO",MISSION VIEJO,CA,92691,(888) 306-9878,SSA
B74,LODI CA,"SOCIAL SECURITY STE 3 1110 W KETTLEMAN LANE",LODI,CA,95240,(888) 257-2641,SSA
968,HOLLYWOOD CA,"SOCIAL SECURITY 1122 N VINE ST",HOLLYWOOD,CA,90038,(866) 613-2861,SSA
B67,OXNARD CA,"SOCIAL SECURITY STE 250 2000 OUTLET CENTER DR",OXNARD,CA,93036,(866) 931-8352,SSA
64,WATTS CA,"SOCIAL SECURITY 12429 AVALON BLVD",LOS ANGELES,CA,90061,(877) 836-1558,SSA
561,GILROY CA,"SOCIAL SECURITY 1059 FIRST STREET",GILROY,CA,95020,(877) 452-4198,SSA
386,WEST FRESNO CA,"SOCIAL SECURITY 865 FULTON STREET",FRESNO,CA,93721,(877) 311-2640,SSA
A87,VICTORVILLE CA,"SOCIAL SECURITY 13955 PARK AVE",VICTORVILLE,CA,92392,(877) 405-1435,SSA
E39,INDIO CA,"SOCIAL SECURITY 46845 MONROE STREET",INDIO,CA,92201,(877) 319-5758,SSA
980,VISALIA CA,"SOCIAL SECURITY 1901 E NOBLE AVENUE",VISALIA,CA,93292,(866) 344-8475,SSA
956,EUREKA CA,"SOCIAL SECURITY 3144 BROADWAY",EUREKA,CA,95501,(866) 828-1991,SSA
947,MADERA CA,"SOCIAL SECURITY 348 E YOSEMITE AVE",MADERA,CA,93638,(877) 405-1453,SSA
383,RICHMOND CA,"SOCIAL SECURITY 3164 GARRITY WAY",RICHMOND,CA,94806,(877) 877-3116,SSA
D35,AUBURN CA,"SOCIAL SECURITY 11855 EDGEWOOD RD",AUBURN,CA,95603,(866) 931-6087,SSA
63,MONTEBELLO CA,"SOCIAL SECURITY 2216 W BEVERLY BLVD",MONTEBELLO,CA,90640,(866) 964-7435,SSA
250,EL CAJON CA,"SOCIAL SECURITY 846 ARNELE AVE",EL CAJON,CA,92020,(866) 964-0012,SSA
E79,SOUTH SACRAMENTO CA,"SOCIAL SECURITY 40 MASSIE CIRCLE",SACRAMENTO,CA,95823,(866) 708-3208,SSA
972,SANTA ANA CA,"SOCIAL SECURITY FIFTH FLOOR 1851 EAST FIRST STREET",SANTA ANA,CA,92705,(888) 366-6146,SSA
904,BOYLE HEIGHTS CA,"SOCIAL SECURITY 215 N SOTO STREET",LOS ANGELES,CA,90033,(866) 964-2035,SSA
942,DELANO CA,"SOCIAL SECURITY BLDG C 2234 GIRARD STREET",DELANO,CA,93215,(866) 635-0287,SSA
68,SANTA MARIA CA,"SOCIAL SECURITY 2436 PROFESSIONAL PKWY",SANTA MARIA,CA,93455,(866) 331-2316,SSA
974,VENTURA CA,"SOCIAL SECURITY SUITE 1 6477 TELEPHONE ROAD",VENTURA,CA,93003,(877) 651-7118,SSA
982,WHITTIER CA,"SOCIAL SECURITY SUITE 200 7200 GREENLEAF AVE",WHITTIER,CA,90602,(866) 336-2187,SSA
781,SF MISSION CA,"SOCIAL SECURITY 3140 16TH ST",SAN FRANCISCO,CA,94103,(866) 755-6323,SSA
906,HEMET CA,"SOCIAL SECURITY 3095 W DEVONSHIRE AVE",HEMET,CA,92545,(855) 207-7083,SSA
A79,NAPA CA,"SOCIAL SECURITY SUITE 102 1850 SOSCOL AVE",NAPA,CA,94559,(877) 836-1559,SSA
966,HUNTINGTON PARK CA,"SOCIAL SECURITY 6303 RUGBY AVENUE",HUNTINGTON PARK,CA,90255,(866) 931-9941,SSA
436,CHULA VISTA CA,"SOCIAL SECURITY SUITE 1 626 L STREET",CHULA VISTA,CA,91911,(888) 487-9907,SSA
D41,KEARNY MESA CA,"SOCIAL SECURITY 8505 AERO DR",SAN DIEGO,CA,92123,(866) 331-6397,SSA
985,EL CENTRO CA,"SOCIAL SECURITY 3007 N IMPERIAL AVE",EL CENTRO,CA,92243,(866) 593-5680,SSA
950,SF DOWNTOWN CA,"SOCIAL SECURITY ANNEX 1ST FL 90 7TH ST",SAN FRANCISCO,CA,94103,(866) 964-5051,SSA
948,WATSONVILLE CA,"SOCIAL SECURITY SUITE 301 180 WESTGATE DRIVE",WATSONVILLE,CA,95076,(800) 521-3385,SSA
B60,FREMONT CA,"SOCIAL SECURITY SUITE 100 3100 MOWRY AVE",FREMONT,CA,94538,(888) 632-7073,SSA
61,SANTA CRUZ CA,"SOCIAL SECURITY 169 WALNUT AVENUE",SANTA CRUZ,CA,95060,(800) 593-8523,SSA
476,ONTARIO CA,"SOCIAL SECURITY 1100 E HOLT BLVD",ONTARIO,CA,91761,(866) 331-2216,SSA
989,YUBA CITY CA,"SOCIAL SECURITY 355 PERCY AVENUE",YUBA CITY,CA,95991,(866) 331-5449,SSA
970,L.A. WESTWOOD CA,"SOCIAL SECURITY SUITE 300 11500 W OLYMPIC BLVD",LOS ANGELES,CA,90064,(866) 964-4779,SSA
B65,HANFORD CA,"SOCIAL SECURITY SUITE 101 330 NORTH HARRIS ST",HANFORD,CA,93230,(855) 207-4866,SSA
A01,SUSANVILLE,"SOCIAL SECURITY 2603 RIVERSIDE DR",SUSANVILLE,CA,96130,(855) 420-8563,SSA
B63,ANTIOCH CA,"SOCIAL SECURITY 2508 VERNE ROBERTS CIR",ANTIOCH,CA,94509,(866) 331-2324,SSA
944,PORTERVILLE CA,"SOCIAL SECURITY 890 W MORTON AVENUE",PORTERVILLE,CA,93257,(866) 388-8903,SSA
D34,REDWOOD CITY CA,"SOCIAL SECURITY 1718 BROADWAY ST",REDWOOD CITY,CA,94063,(888) 860-5582,SSA
A83,MOUNTAIN VIEW CA,"SOCIAL SECURITY 1ST FLOOR 701 N SHORELINE BLVD",MOUNTAIN VIEW,CA,94043,(877) 319-0161,SSA
A10,SANTA CLARITA CA,"SOCIAL SECURITY STE 320 27200 TOURNEY RD",VALENCIA,CA,91355,(888) 632-7072,SSA
D47,SUISUN CITY CA,"SOCIAL SECURITY STE 220 700 MAIN STREET",SUISUN CITY,CA,94585,(866) 964-5021,SSA
93,LAKEWOOD CO,"SOCIAL SECURITY 13151 W ALAMEDA PKWY",LAKEWOOD,CO,80228,(866) 563-9469,SSA
D26,MONTROSE CO,"SOCIAL SECURITY 1805 PAVILION DR",MONTROSE,CO,81401,(866) 758-1317,SSA
884,GRAND JUNCTION CO,"SOCIAL SECURITY 825 NORTH CREST DRIVE",GRAND JUNCTION,CO,81506,(866) 931-7120,SSA
882,DENVER CO,"SOCIAL SECURITY 2ND FLR SUITE 200 1500 CHAMPA ST",DENVER,CO,80202,(866) 613-9904,SSA
887,COLORADO SPRINGS CO,"SOCIAL SECURITY 2306 E PIKES PEAK AVE",COLORADO SPRINGS,CO,80909,(888) 880-0688,SSA
885,GREELEY CO,"SOCIAL SECURITY SUITE A 5400 WEST 11 ST",GREELEY,CO,80634,(877) 405-9195,SSA
D24,AURORA CO,"SOCIAL SECURITY SUITE 250 14280 E JEWELL AVE",AURORA,CO,80012,(866) 931-9965,SSA
890,DURANGO CO,"SOCIAL SECURITY SUITE 120 103 SHEPPARD DRIVE",DURANGO,CO,81303,(888) 472-6115,SSA
891,FORT COLLINS CO,"SOCIAL SECURITY 4TH FLOOR 301 S HOWES ST",FORT COLLINS,CO,80521,(866) 336-7385,SSA
883,PUEBLO CO,"SOCIAL SECURITY 3769 PARKER BLVD",PUEBLO,CO,81008,(888) 737-1761,SSA
889,LOUISVILLE CO,"SOCIAL SECURITY 480 W DAHLIA ST",LOUISVILLE,CO,80027,(877) 405-5872,SSA
D29,CANON CITY CO,"SOCIAL SECURITY 115 N 10TH ST",CANON CITY,CO,81212,(866) 272-5728,SSA
888,ALAMOSA CO,"SOCIAL SECURITY 602 DEL SOL DRIVE 1-A",ALAMOSA,CO,81101,(888) 475-0297,SSA
92,LITTLETON CO,"SOCIAL SECURITY 8000 SOUTHPARK LN",LITTLETON,CO,80120,(888) 824-4384,SSA
25,PAGO PAGO AM SAMOA,"SOCIAL SECURITY CENTENNIAL BUILDING 3RD FLR SUITE 302 1 UTULEI ROAD",PAGO PAGO,AS,96799,(855) 602-5033,SSA
915,SPOKANE WA,"SOCIAL SECURITY SUITE 100 714 N IRON BRIDGE WAY",SPOKANE,WA,99202,(866) 331-5532,SSA
D54,CENTRALIA WA,"SOCIAL SECURITY STE 100 1821 COOKS HILL RD",CENTRALIA,WA,98531,(855) 848-7942,SSA
925,WALLA WALLA WA,"SOCIAL SECURITY 880 NE ROSE ST",COLLEGE PLACE,WA,99324,(866) 366-7814,SSA
927,TRI-CITIES WA,"SOCIAL SECURITY SUITE A 8131 W KLAMATH CT",KENNEWICK,WA,99336,(866) 269-6671,SSA
190,BELLEVUE WA,"SOCIAL SECURITY SUITE A100 636 120TH AVE NE",BELLEVUE,WA,98005,(866) 574-2323,SSA
923,VANCOUVER WA,"SOCIAL SECURITY SUITE 500 805 BROADWAY ST",VANCOUVER,WA,98660,(866) 605-8967,SSA
919,YAKIMA WA,"SOCIAL SECURITY 801 FRUITVALE BLVD",YAKIMA,WA,98902,(866) 338-8552,SSA
C63,BURIEN WA,"SOCIAL SECURITY 151 SW 156TH ST",BURIEN,WA,98166,(866) 964-7380,SSA
916,SEATTLE METRO WA,"SOCIAL SECURITY SUITE 901 915 2ND AVE",SEATTLE,WA,98174,(866) 494-3135,SSA
926,KITSAP WA,"SOCIAL SECURITY 9594 MICKELBERRY RD NW",SILVERDALE,WA,98383,(855) 820-0098,SSA
D51,PUYALLUP WA,"SOCIAL SECURITY SUITE A 811 SOUTH HILL PARK DR",PUYALLUP,WA,98373,(855) 886-9627,SSA
920,BELLINGHAM WA,"SOCIAL SECURITY 710 ALABAMA ST",BELLINGHAM,WA,98225,(866) 256-6906,SSA
D50,MT VERNON WA,"SOCIAL SECURITY SUITE A 710 E COLLEGE WAY",MT VERNON,WA,98273,(866) 931-7108,SSA
C62,SEATTLE NORTH WA,"SOCIAL SECURITY SUITE B 13510 AURORA AVE N",SEATTLE,WA,98133,(866) 931-2875,SSA
921,GRAYS HARBOR WA,"SOCIAL SECURITY 820 SIMPSON AVE",HOQUIAM,WA,98550,(855) 634-4197,SSA
191,KENT WA,"SOCIAL SECURITY SUITE 401 321 RAMSAY WAY",KENT,WA,98032,(866) 931-7671,SSA
922,EVERETT,"SOCIAL SECURITY 3809 BROADWAY",EVERETT,WA,98201,(866) 563-4595,SSA
917,TACOMA WA,"SOCIAL SECURITY SUITE A 2608 S 47TH ST",TACOMA,WA,98409,(888) 487-9229,SSA
918,LACEY WA,"SOCIAL SECURITY STE 120 1009 COLLEGE ST SE",LACEY,WA,98503,(866) 755-6199,SSA
928,LONGVIEW WA,"SOCIAL SECURITY SUITE 150 840 OCEAN BEACH HWY",LONGVIEW,WA,98632,(866) 495-0044,SSA
D55,LYNNWOOD WA,"SOCIAL SECURITY SUITE 207 18905 33RD AVE W",LYNNWOOD,WA,98036,(877) 575-5197,SSA
924,WENATCHEE WA,"SOCIAL SECURITY 129 S CHELAN AVE",WENATCHEE,WA,98801,(877) 669-3125,SSA
89,TORRINGTON CT,"SOCIAL SECURITY 147 LITCHFIELD STREET",TORRINGTON,CT,6790,(877) 405-0486,SSA
83,WILLIMANTIC CT,"SOCIAL SECURITY STE 19 1320 MAIN ST",WILLIMANTIC,CT,6226,(877) 405-0488,SSA
A23,EAST HARTFORD CT,"SOCIAL SECURITY 478 BURNSIDE AVENUE",EAST HARTFORD,CT,6108,(866) 706-6759,SSA
C64,MIDDLETOWN CT,"SOCIAL SECURITY 99 EAST MAIN ST SUITE 800",MIDDLETOWN,CT,6457,(877) 692-3145,SSA
599,ANSONIA CT,"SOCIAL SECURITY 475 MAIN STREET",ANSONIA,CT,6401,(866) 331-7096,SSA
86,NEW BRITAIN CT,"SOCIAL SECURITY FL 2 SUITE 201 1 HERALD SQUARE",NEW BRITAIN,CT,6051,(866) 858-6086,SSA
82,WATERBURY CT,"SOCIAL SECURITY SUITE 1 51 NORTH ELM ST",WATERBURY,CT,6702,(877) 405-4874,SSA
90,DANBURY CT,"SOCIAL SECURITY 131 WEST ST",DANBURY,CT,6810,(866) 275-7821,SSA
C68,NORWICH CT,"SOCIAL SECURITY STE 380 55 MAIN ST",NORWICH,CT,6360,(888) 482-3170,SSA
84,NEW LONDON CT,"SOCIAL SECURITY SUITE 205 6 SHAWS CV",NEW LONDON,CT,6320,(866) 643-3401,SSA
88,MERIDEN CT,"SOCIAL SECURITY 321 RESEARCH PARKWAY SUITE 212",MERIDEN,CT,6450,(877) 409-8429,SSA
87,STAMFORD CT,"SOCIAL SECURITY SUITE 105 2 LANDMARK SQUARE",STAMFORD,CT,6901,(866) 770-1881,SSA
80,HARTFORD CT,"SOCIAL SECURITY SUITE 101 135 HIGH ST",HARTFORD,CT,6103,(877) 619-2851,SSA
81,BRIDGEPORT CT,"SOCIAL SECURITY 2ND FLOOR 35 COURTLAND ST",BRIDGEPORT,CT,6604,(866) 331-6399,SSA
85,NEW HAVEN CT,"SOCIAL SECURITY GIAIMO FED BLDG 4TH FL 150 COURT ST",NEW HAVEN,CT,6510,(866) 331-5281,SSA
C80,Georgetown, DE,"SOCIAL SECURITY 17 GEORGETOWN PLZ",GEORGETOWN,DE,19947,(866) 864-1803,SSA
268,DOVER DE,"SOCIAL SECURITY SUITE 3J 655 S BAY RD",DOVER,DE,19901,(877) 701-2141,SSA
267,WILMINGTON DE,"SOCIAL SECURITY SUITE 200 920 W BASIN ROAD",NEW CASTLE,DE,19720,(866) 667-7221,SSA
728,GRAND ISLAND NE,"SOCIAL SECURITY STE 1 115 N WEBB RD",GRAND ISLAND,NE,68803,(877) 407-3441,SSA
729,SCOTTSBLUFF NE,"SOCIAL SECURITY SUITE 100 415 VALLEY VIEW DR",SCOTTSBLUFF,NE,69361,(800) 297-4291,SSA
726,LINCOLN NE,"SOCIAL SECURITY ROOM 240 100 CENTENNIAL MALL N",LINCOLN,NE,68508,(866) 593-2880,SSA
730,NORFOLK NE,"SOCIAL SECURITY SUITE 1 605 IRON HORSE DR",NORFOLK,NE,68701,(855) 207-7082,SSA
725,OMAHA NE,"SOCIAL SECURITY OLD MILL CENTRE 604 N 109TH CT",OMAHA,NE,68154,(866) 716-8299,SSA
727,NORTH PLATTE NE,"SOCIAL SECURITY RM 204 300 E. 3RD ST.",NORTH PLATTE,NE,69101,(833) 329-5527,SSA
796,SHAWNEE OK,"SOCIAL SECURITY 909 E FEDERAL ST",SHAWNEE,OK,74804,(877) 897-0604,SSA
787,MUSKOGEE OK,"SOCIAL SECURITY 2401 W. SHAWNEE STREET",MUSKOGEE,OK,74401,(877) 575-5195,SSA
798,CLINTON OK,"SOCIAL SECURITY 410 OPAL AVE",CLINTON,OK,73601,(877) 405-9345,SSA
D21,DURANT OK,"SOCIAL SECURITY 121 S 12TH AVE",DURANT,OK,74701,(866) 495-0042,SSA
788,ENID OK,"SOCIAL SECURITY 2202 N VAN BUREN ST",ENID,OK,73703,(877) 405-0436,SSA
785,CHICKASHA OK,"SOCIAL SECURITY 506 W UTAH AVE",CHICKASHA,OK,73018,(877) 622-9096,SSA
790,LAWTON OK,"SOCIAL SECURITY 1610 SW LEE BLVD",LAWTON,OK,73501,(866) 931-2732,SSA
792,MOORE OK,"SOCIAL SECURITY 200 NE 27TH ST",MOORE,OK,73160,(866) 964-4260,SSA
791,MIAMI OK,"SOCIAL SECURITY 2108 DENVER HARNAR DR",MIAMI,OK,74354,(888) 878-0013,SSA
B46,STILLWATER OK,"SOCIAL SECURITY STE 150 406 E HALL OF FAME AVE",STILLWATER,OK,74075,(888) 366-6143,SSA
784,TULSA OK,"SOCIAL SECURITY SUITE 900 14002 EAST 21ST STREET",TULSA,OK,74134,(866) 931-7106,SSA
797,ADA OK,"SOCIAL SECURITY 921 LONNIE ABBOTT BLVD",ADA,OK,74820,(888) 810-1940,SSA
E32,POTEAU OK,"SOCIAL SECURITY 1306 TARBY RD",POTEAU,OK,74953,(877) 405-7697,SSA
793,McAlester OK,"SOCIAL SECURITY 902 S GEORGE NIGH EXPY",MCALESTER,OK,74501,(877) 893-4665,SSA
794,BARTLESVILLE OK,"SOCIAL SECURITY 900 LEISURE LN",BARTLESVILLE,OK,74006,(877) 836-1557,SSA
783,OKLACITY OK,"SOCIAL SECURITY 12301 N. KELLEY AVE",OKLAHOMA CITY,OK,73131,(866) 331-2207,SSA
786,ARDMORE OK,"SOCIAL SECURITY 321 HOLIDAY DRIVE",ARDMORE,OK,73401,(888) 619-4774,SSA
359,BATTLE CREEK MI,"SOCIAL SECURITY STE D1 5700 BECKLEY RD",BATTLE CREEK,MI,49015,(877) 445-0829,SSA
D09,LIVONIA MI,"SOCIAL SECURITY 34010 PLYMOUTH ROAD",LIVONIA,MI,48150,(866) 964-7371,SSA
A63,WYANDOTTE MI,"SOCIAL SECURITY 3450 BIDDLE AVE .",WYANDOTTE,MI,48192,(866) 964-7407,SSA
E00,NORTH FLINT MI,"SOCIAL SECURITY 2021 W. CARPENTER RD",FLINT,MI,48505,(877) 748-9766,SSA
C54,BIG RAPIDS MI,"SOCIAL SECURITY STE A 502 N STATE ST",BIG RAPIDS,MI,49307,(855) 245-0641,SSA
347,GRAND RAPIDS MI,"SOCIAL SECURITY 3045 KNAPP ST NE",GRAND RAPIDS,MI,49525,(877) 319-5710,SSA
356,BAY CITY MI,"SOCIAL SECURITY 1115 WASHINGTON AVE",BAY CITY,MI,48708,(866) 366-4924,SSA
369,MONROE MI,"SOCIAL SECURITY 1300 S TELEGRAPH RD",MONROE,MI,48161,(877) 274-5416,SSA
345,DETROIT-D/T MI,"SOCIAL SECURITY MCNAMARA BLDG/RM 450 477 MICHIGAN AVE",DETROIT,MI,48226,(888) 748-7691,SSA
B28,HOLLAND MI,"SOCIAL SECURITY 657 HASTINGS AVE",HOLLAND,MI,49423,(877) 223-6062,SSA
361,DEARBORN,"SOCIAL SECURITY SUITE 200 19853 OUTER DRIVE",DEARBORN,MI,48124,(877) 714-0392,SSA
B33,OWOSSO MI,"SOCIAL SECURITY 1350 E MAIN ST",OWOSSO,MI,48867,(855) 628-1592,SSA
365,BENT HAR-ST JOE,"SOCIAL SECURITY 455 BOND ST",BENTON HARBOR,MI,49022,(877) 405-5457,SSA
354,LANSING MI,"SOCIAL SECURITY 5210 PERRY ROBINSON",LANSING,MI,48911,(877) 512-5944,SSA
362,FORT GRATIOT,"SOCIAL SECURITY 2620 KRAFFT RD",FORT GRATIOT,MI,48059,(877) 895-0042,SSA
C47,DETROIT-SW MI,"SOCIAL SECURITY 5715 MICHIGAN AVE",DETROIT,MI,48210,(877) 319-0730,SSA
364,ROSEVILLE MI,"SOCIAL SECURITY 15250 E 12 MILE RD",ROSEVILLE,MI,48066,(877) 833-2541,SSA
355,ESCANABA MI,"SOCIAL SECURITY 1013 1ST AVE NORTH",ESCANABA,MI,49829,(877) 545-5503,SSA
D14,STERLING HEIGHTS,"SOCIAL SECURITY 7385 TRIANGLE DRIVE",STERLING HEIGHTS,MI,48314,(888) 619-4768,SSA
353,KALAMAZOO MI,"SOCIAL SECURITY 317 SOUTH DRAKE ROAD",KALAMAZOO,MI,49009,(866) 331-9088,SSA
372,GRAND RIVER MI,"SOCIAL SECURITY 9222 GRAND RIVER AVE",DETROIT,MI,48204,(866) 405-0043,SSA
246,WEST BRANCH MI,"SOCIAL SECURITY 541 PROGRESS ST",WEST BRANCH,MI,48661,(877) 897-0602,SSA
C44,INKSTER MI,"SOCIAL SECURITY 28657 CHERRY HILL RD",INKSTER,MI,48141,(866) 704-4860,SSA
363,DETROIT-NW MI,"SOCIAL SECURITY 26840 W SEVEN MILE RD",REDFORD,MI,48240,(888) 329-5729,SSA
357,DETROIT-EAST MI,"SOCIAL SECURITY 19503 E. EIGHT MILE RD.",SAINT CLAIR SHORES,MI,48080,(877) 845-0540,SSA
350,PONTIAC MI,"SOCIAL SECURITY 1280 PONTIAC RD",PONTIAC,MI,48340,(866) 299-3777,SSA
370,ALPENA MI,"SOCIAL SECURITY 111 N 4TH AVE",ALPENA,MI,49707,(877) 452-4195,SSA
368,PETOSKEY MI,"SOCIAL SECURITY SUITE 8 308 STATE ST",PETOSKEY,MI,49770,(866) 574-2588,SSA
349,FLINT-DOWNTOWN,"SOCIAL SECURITY 1149 ROBERT T LONGWAY",FLINT,MI,48503,(888) 318-7282,SSA
373,DETROIT COLLEGE PARK FIELD OFFICE,"SOCIAL SECURITY SUITE 375 7800 W. OUTER DR",DETROIT,MI,48235,(866) 365-6741,SSA
B31,ADRIAN MI,"SOCIAL SECURITY SUITE 2401 1040 S WINTER ST",ADRIAN,MI,49221,(877) 512-5943,SSA
244,LUDINGTON MI,"SOCIAL SECURITY 150 N JEBAVY DR",LUDINGTON,MI,49431,(866) 495-0075,SSA
346,MARQUETTE MI,"SOCIAL SECURITY 2ND FLOOR 101 W WASHINGTON ST",MARQUETTE,MI,49855,(855) 782-9154,SSA
C46,CHESTERFIELD MI,"SOCIAL SECURITY 26200 21 MILE ROAD",CHESTERFIELD,MI,48051,(866) 635-0788,SSA
348,SAGINAW MI,"SOCIAL SECURITY 611 E. GENESEE AVE.",SAGINAW,MI,48607,(877) 405-5868,SSA
352,TRAVERSE CITY MI,"SOCIAL SECURITY 1329 S DIVISION ST",TRAVERSE CITY,MI,49684,(866) 739-4802,SSA
360,MUSKEGON MI,"SOCIAL SECURITY 340 MORRIS AVENUE",MUSKEGON,MI,49440,(866) 763-2632,SSA
351,JACKSON MI,"SOCIAL SECURITY STE 200 234 W LOUIS GLICK HWY",JACKSON,MI,49201,(877) 405-0473,SSA
881,SAULT ST MARIE MI,"SOCIAL SECURITY STE 1 2861 ASHMUN ST",SAULT SAINTE MARIE,MI,49783,(855) 285-6007,SSA
366,ANN ARBOR MI,"SOCIAL SECURITY SUITE A 3971 RESEARCH PARK DR",ANN ARBOR,MI,48108,(877) 402-0825,SSA
367,MOUNT PLEASANT,"SOCIAL SECURITY 1940 SWEENEY ST",MT PLEASANT,MI,48858,(877) 405-7667,SSA
375,CLAWSON MI,"SOCIAL SECURITY 140 NORTH CROOKS",CLAWSON,MI,48017,(888) 456-9559,SSA
358,DETROIT-HIGH PK,"SOCIAL SECURITY 60 EAST GRAND AVENUE",HIGHLAND PARK,MI,48203,(877) 512-5945,SSA
205,ERIE PA,"SOCIAL SECURITY HIGHMARK BLDG STE 500 717 STATE ST",ERIE,PA,16501,(877) 405-2887,SSA
213,WILKES-BARRE PA,"SOCIAL SECURITY STEGMAIER BLDG; ST 102 7 N WILKES BARRE BLVD",WILKES BARRE,PA,18702,(866) 686-9505,SSA
220,POTTSVILLE PA,"SOCIAL SECURITY SUITE 200 2221 W MARKET STREET",POTTSVILLE,PA,17901,(866) 269-0880,SSA
217,CHESTER PA,"SOCIAL SECURITY 807 CROSBY STREET",CHESTER,PA,19013,(866) 398-1456,SSA
212,UNIONTOWN PA,"SOCIAL SECURITY SUITE 1 627 PITTSBURGH ROAD",UNIONTOWN,PA,15401,(866) 320-7459,SSA
211,CRANBERRY PA,"SOCIAL SECURITY 80 REGINA DR",CRANBERRY,PA,16319,(888) 848-6464,SSA
228,DU BOIS PA,"SOCIAL SECURITY 302 LIBERTY BLVD",DUBOIS,PA,15801,(888) 491-1884,SSA
A94,LEWISTOWN PA,"SOCIAL SECURITY 208 WEST 3RD STREET",LEWISTOWN,PA,17044,(888) 306-4336,SSA
214,JOHNSTOWN PA,"SOCIAL SECURITY SUITE 225 334 WASHINGTON ST",JOHNSTOWN,PA,15901,(866) 331-7128,SSA
226,WASHINGTON PA,"SOCIAL SECURITY SUITE 515 95 W BEAU ST",WASHINGTON,PA,15301,(855) 829-8917,SSA
245,PHILA-NICETOWN,"SOCIAL SECURITY 2929 NORTH BROAD ST",PHILADELPHIA,PA,19132,(877) 319-0727,SSA
206,HAZLETON PA,"SOCIAL SECURITY 88 S LAUREL ST",HAZLETON,PA,18201,(866) 388-9878,SSA
219,PHILA NORTHEAST PA,"SOCIAL SECURITY UNIT 4 9300 ASHTON RD",PHILADELPHIA,PA,19114,(866) 331-7840,SSA
208,LANCASTER PA,"SOCIAL SECURITY SUITE 101 1808 COLONIAL VILLAGE LN",LANCASTER,PA,17601,(888) 384-9919,SSA
237,WEST CHESTER PA,"SOCIAL SECURITY 1101 WEST CHESTER PIKE",WEST CHESTER,PA,19382,(888) 306-3216,SSA
LX1,FOSU East - Branch 1 -FO/1,"SOCIAL SECURITY ADO 807 CROSBY ST",CHESTER,PA,19013,(877) 685-5942,SSA
C14,POTTSTOWN PA,"SOCIAL SECURITY 80 ROBINSON ST",POTTSTOWN,PA,19464,(866) 964-7415,SSA
238,INDIANA PA,"SOCIAL SECURITY SUITE 310 PROF CENTER 1265 WAYNE AVE",INDIANA,PA,15701,(877) 405-7679,SSA
221,MCKEESPORT PA,"SOCIAL SECURITY 540 5TH AVE",MCKEESPORT,PA,15132,(866) 964-2037,SSA
F5E,FOSU East - Branch 5,"SOCIAL SECURITY ADO 807 CROSBY ST",CHESTER,PA,19013,(877) 685-5942,SSA
229,EASTON PA,"SOCIAL SECURITY 134 S FOURTH ST",EASTON,PA,18042,(866) 964-5056,SSA
215,WILLIAMSPORT PA,"SOCIAL SECURITY SUITE 100 240 WEST 3RD ST",WILLIAMSPORT,PA,17701,(866) 558-2572,SSA
222,AMBRIDGE PA,"SOCIAL SECURITY 350 LOGAN LN",BADEN,PA,15005,(866) 331-6401,SSA
218,PHILA GERMANTOWN PA,"SOCIAL SECURITY 701 EAST CHELTEN AVE",PHILADELPHIA,PA,19144,(866) 495-0255,SSA
236,STATE COLLEGE PA,"SOCIAL SECURITY SUITE 2 901 UNIVERSITY DR",STATE COLLEGE,PA,16801,(866) 864-1516,SSA
C11,MONROEVILLE PA,"SOCIAL SECURITY SUITE 100 300 OXFORD DR",MONROEVILLE,PA,15146,(888) 527-9339,SSA
8N0,FOSU East - Branch 3,"SOCIAL SECURITY ADO 807 CROSBY ST",CHESTER,PA,19013,(877) 685-5942,SSA
234,FAIRLESS HILLS PA,"SOCIAL SECURITY 444 LINCOLN HWY",FAIRLESS HILLS,PA,19030,(866) 964-7318,SSA
225,Natrona Heights,"SOCIAL SECURITY 1721 UNION AVE",NATRONA HEIGHTS,PA,15065,(888) 377-4710,SSA
233,SELINSGROVE PA,"SOCIAL SECURITY 150 SUSQ VLY MALL DR",SELINSGROVE,PA,17870,(866) 593-3796,SSA
203,READING PA,"SOCIAL SECURITY STE 200 201 PENN ST",READING,PA,19601,(866) 274-5960,SSA
C85,TOWANDA PA,"SOCIAL SECURITY SUITE 1 1 ELIZABETH STREET",TOWANDA,PA,18848,(888) 841-6546,SSA
C10,BETHLEHEM PA,"SOCIAL SECURITY ADMINISTRATION SUITE 180 3450 HIGH POINT BLVD",BETHLEHEM,PA,18017,(866) 783-7458,SSA
200,PHILA-DOWNTOWN,"SOCIAL SECURITY 2 PENN CTR 20TH FLR STE 2000A 1500 JOHN F KENNEDY BLVD",PHILADELPHIA,PA,19102,(866) 613-3969,SSA
241,ROSTRAVER PA,"SOCIAL SECURITY SUITE 320 800 PLAZA DR",ROSTRAVER TWP,PA,15012,(866) 931-4826,SSA
B5O,FOSU East - Branch 6,"SOCIAL SECURITY ADO 807 CROSBY ST",CHESTER,PA,19013,(877) 685-5942,SSA
A97,EAST STROUDSBURG PA,"SOCIAL SECURITY SUITE 101 9090 FRANKLIN HILL RD",EAST STROUDSBURG,PA,18301,(888) 835-6169,SSA
4IX,FOSU East - Branch 4,"SOCIAL SECURITY ADO 807 CROSBY ST",CHESTER,PA,19013,(877) 685-5942,SSA
239,BUTLER PA,"SOCIAL SECURITY 102 WOODY DR",BUTLER,PA,16001,(877) 583-4102,SSA
240,LEBANON PA,"SOCIAL SECURITY 600 ISABEL DRIVE; SUITE 1",LEBANON,PA,17042,(866) 716-9635,SSA
210,NEW CASTLE PA,"SOCIAL SECURITY 1708 WILMINGTON RD",NEW CASTLE,PA,16105,(866) 331-5286,SSA
C86,KITTANNING PA,"SOCIAL SECURITY HIGHLAND BUS.CTR STE 1 159 BUTLER RD",KITTANNING,PA,16201,(877) 255-1372,SSA
231,PITTS EAST LIBERTY PA,"SOCIAL SECURITY 6117 STATION ST",PITTSBURGH,PA,15206,(877) 405-3575,SSA
194,PHILA ARAMINGO PA,"SOCIAL SECURITY IMPERIAL PLAZA UNIT 10 3400 ARAMINGO AVE",PHILADELPHIA,PA,19134,(855) 248-0233,SSA
230,PHILA UNIVERSITY CITY,"SOCIAL SECURITY 4240 MARKET STREET",PHILADELPHIA,PA,19104,(877) 445-9977,SSA
202,SCRANTON PA,"SOCIAL SECURITY SUITE 117 THE MARKETPLACE AT STEAMTOWN 300 LACKAWANNA AVE",SCRANTON,PA,18503,(866) 635-0767,SSA
A34,MT LEBANON PA,"SOCIAL SECURITY SUITE 120 650 WASHINGTON ROAD",PITTSBURGH,PA,15228,(888) 717-1525,SSA
204,HARRISBURG PA,"SOCIAL SECURITY SUITE 810 555 WALNUT STREET",HARRISBURG,PA,17101,(888) 327-1176,SSA
9,PHILA SOUTH PA,"SOCIAL SECURITY STADIUM PLAZA 3336 S BROAD STREET",PHILADELPHIA,PA,19145,(877) 575-5191,SSA
209,ALLENTOWN PA,"SOCIAL SECURITY 41 N 4TH ST",ALLENTOWN,PA,18102,(877) 405-6746,SSA
243,UPPER DARBY PA,"SOCIAL SECURITY 8645 WEST CHESTER PIKE",UPPER DARBY,PA,19082,(866) 964-0780,SSA
235,CHAMBERSBURG PA,"SOCIAL SECURITY 50 N THIRD STREET",CHAMBERSBURG,PA,17201,(866) 656-5367,SSA
A35,CARLISLE PA,"SOCIAL SECURITY SUITE 1 200 S SPRING GARDEN ST",CARLISLE,PA,17013,(866) 635-0507,SSA
201,PITTS DT PA,"SOCIAL SECURITY RM 1204 700 GRANT ST",PITTSBURGH,PA,15219,(866) 770-2965,SSA
223,GREENSBURG PA,"SOCIAL SECURITY 122 W 3RD STREET",GREENSBURG,PA,15601,(877) 748-9768,SSA
227,NORRISTOWN PA,"SOCIAL SECURITY SUITE 120 1700 MARKLEY ST",NORRISTOWN,PA,19401,(866) 964-6305,SSA
207,ALTOONA PA,"SOCIAL SECURITY 303 CAYUGA AVE",ALTOONA,PA,16602,(888) 245-5368,SSA
232,SHARON PA,"SOCIAL SECURITY 2380 GARDEN WAY",HERMITAGE,PA,16148,(877) 467-1702,SSA
7,MEADVILLE PA,"SOCIAL SECURITY 19063 PARK AVE PLAZA",MEADVILLE,PA,16335,(888) 347-9276,SSA
192,BLOOMSBURG PA,"SOCIAL SECURITY 700 MARKET ST",BLOOMSBURG,PA,17815,(866) 526-9847,SSA
216,YORK PA,"SOCIAL SECURITY SUITE 2 2670 INDUSTRIAL HWY",YORK,PA,17402,(888) 329-5732,SSA
7XJ,FOSU East - Branch 2,"SOCIAL SECURITY ADO 807 CROSBY ST",CHESTER,PA,19013,(877) 685-5942,SSA
871,MISSOULA MT,"SOCIAL SECURITY 3701 AMERICAN WAY",MISSOULA,MT,59808,(866) 931-9029,SSA
869,GREAT FALLS MT,"SOCIAL SECURITY 2008 23RD ST S",GREAT FALLS,MT,59405,(877) 583-4114,SSA
D92,BOZEMAN MT,"SOCIAL SECURITY 3205 N 27TH AVE",BOZEMAN,MT,59718,(833) 452-0419,SSA
872,KALISPELL MT,"SOCIAL SECURITY SUITE D 275 CORPORATE DR",KALISPELL,MT,59901,(888) 487-0150,SSA
868,BILLINGS MT,"SOCIAL SECURITY ROOM 304 2900 4TH AVE N",BILLINGS,MT,59101,(866) 895-1795,SSA
866,BUTTE MT,"SOCIAL SECURITY STE A 2201 HARRISON AVE",BUTTE,MT,59701,(888) 632-7068,SSA
865,HELENA MT,"SOCIAL SECURITY SUITE 1600 10 W 15TH ST",HELENA,MT,59626,(866) 563-9496,SSA
A29,GUAYAMA PR,"SOCIAL SECURITY CFSE BLDG 3 FLR 54 RD 3 ALBIZU CAMPOS AVE",GUAYAMA,PR,784,(866) 272-8158,SSA
B00,HATO TEJAS PR,"SOCIAL SECURITY METRO MEDICAL CENTER 7 FL; ROAD 2 KM 12.3",BAYAMON,PR,959,(855) 748-7638,SSA
281,CAGUAS PR,"SOCIAL SECURITY STE 328 30 CALLE PADIAL GATSBY BLDG",CAGUAS,PR,725,(833) 882-1200,SSA
380,SAN PATRICIO PR,"SOCIAL SECURITY EBANO OFFICE CENTER 2ND FL F5 EBANO ST",GUAYNABO,PR,968,(866) 783-0627,SSA
B89,MANATI PR,"SOCIAL SECURITY SUITE 6; CARR #2 ESQ EXPRESO TO CIALES",MANATI,PR,674,(866) 256-2681,SSA
A30,HUMACAO PR,"SOCIAL SECURITY STE 295 260 BOULEVARD DEL RIO",HUMACAO,PR,791,(866) 604-3335,SSA
279,MAYAGUEZ PR,"SOCIAL SECURITY OFFICE PK II BLDG STE 1 357 HOSTOS AVE",MAYAGUEZ,PR,680,(855) 620-5726,SSA
528,AGUADILLA PR,"SOCIAL SECURITY 5000 PEDRO ALBIZU CAMPOS AVE",AGUADILLA,PR,603,(833) 882-1201,SSA
271,SAN JUAN PR,"SOCIAL SECURITY 654 AVE MUNOZ RIVERA STE 106",SAN JUAN,PR,918,(866) 270-0406,SSA
198,TOA ALTA PR,"SOCIAL SECURITY PLAZA LOS PALACIOS PR #167 KM 14.6 BO ORTIZ",TOA ALTA,PR,953,(866) 401-2598,SSA
A31,CAROLINA PR,"SOCIAL SECURITY ESCORIAL SHOPPING CT 5829 AVE 65INF STE 201",CAROLINA,PR,987,(833) 882-1202,SSA
280,ARECIBO PR,"SOCIAL SECURITY 880 ISAAC CRUZ STGO ST",ARECIBO,PR,612,(866) 754-3541,SSA
272,PONCE PR,"SOCIAL SECURITY STE 201 CARIBBEAN CINEMAS BLDG PONCE TOWNE CENTER",PONCE,PR,728,(866) 328-1254,SSA
C71,FAJARDO PR,"SOCIAL SECURITY EASTERN PLAZA SHOPPING CENTER ROAD 3 KM 42.4 QUEBRADA WARD",FAJARDO,PR,738,(855) 856-2728,SSA
B62,DOUGLAS AZ,"SOCIAL SECURITY 600 E 15TH ST",DOUGLAS,AZ,85607,(877) 480-4858,SSA
B57,FLAGSTAFF AZ,"SOCIAL SECURITY 2715 S WDLNDS VLG BLVD",FLAGSTAFF,AZ,86001,(877) 319-0735,SSA
908,TUCSON AZ,"SOCIAL SECURITY 3808 N 1ST AVE",TUCSON,AZ,85719,(866) 331-7693,SSA
907,PHOENIX NORTH AZ,"SOCIAL SECURITY SUITE A 16241 N TATUM BLVD",PHOENIX,AZ,85032,(866) 348-7855,SSA
903,CASA GRANDE AZ,"SOCIAL SECURITY SUITE 2 1637 E MONUMENT PLAZA CIR",CASA GRANDE,AZ,85122,(877) 405-0403,SSA
B75,NOGALES AZ,"SOCIAL SECURITY 1760 N MASTICK WAY",NOGALES,AZ,85621,(877) 405-5472,SSA
914,GLENDALE AZ,"SOCIAL SECURITY 5907 W KINGS AVE",GLENDALE,AZ,85306,(888) 886-7213,SSA
I60,SHOW LOW AZ,"SOCIAL SECURITY STE 407 2500 E COOLEY ST",SHOW LOW,AZ,85901,(877) 850-7831,SSA
930,SOUTH TUCSON AZ,"SOCIAL SECURITY SUITE 100 88 W 38TH ST",TUCSON,AZ,85713,(866) 220-7896,SSA
909,PRESCOTT AZ,"SOCIAL SECURITY 205 N MARINA",PRESCOTT,AZ,86301,(877) 457-1733,SSA
929,MESA AZ,"SOCIAL SECURITY 702 W JEROME AVENUE",MESA,AZ,85210,(866) 964-1716,SSA
911,YUMA AZ,"SOCIAL SECURITY STE 1 325 W 19TH ST",YUMA,AZ,85364,(866) 613-2970,SSA
913,PHOENIX DOWNTOWN AZ,"SOCIAL SECURITY SUITE 100 250 N 7TH AVE",PHOENIX,AZ,85007,(866) 964-4852,SSA
912,APACHE JUNCTION AZ,"SOCIAL SECURITY 253 W SUPERSTITION BLVD",APACHE JUNCTION,AZ,85120,(866) 964-7417,SSA
810,OPELOUSAS LA,"SOCIAL SECURITY 5097 I49 S SERVICE RD",OPELOUSAS,LA,70570,(866) 698-3338,SSA
805,LAKE CHARLES LA,"SOCIAL SECURITY SUITE B 149 W 18TH ST",LAKE CHARLES,LA,70601,(877) 409-8431,SSA
A70,ORL WEST LA,"SOCIAL SECURITY 115 TERRY PKWY",TERRYTOWN,LA,70056,(866) 931-2524,SSA
800,NEW ORLEANS DWNTWN LA,"SOCIAL SECURITY SUITE 500 400 POYDRAS STREET",NEW ORLEANS,LA,70130,(855) 257-0984,SSA
B52,NEW IBERIA LA,"SOCIAL SECURITY 417 SPANISH TOWN BLVD",NEW IBERIA,LA,70560,(866) 592-1496,SSA
802,MONROE LA,"SOCIAL SECURITY 1120 PLAZA BLVD",MONROE,LA,71201,(866) 815-8716,SSA
A69,BOGALUSA LA,"SOCIAL SECURITY 438 AVENUE B",BOGALUSA,LA,70427,(888) 748-7678,SSA
803,BATON ROUGE LA,"SOCIAL SECURITY 5455 BANKERS AVE",BATON ROUGE,LA,70808,(866) 613-3070,SSA
D81,LEESVILLE LA,"SOCIAL SECURITY 2100 SARTOR ST",LEESVILLE,LA,71446,(888) 577-6906,SSA
A71,KENNER LA,"SOCIAL SECURITY 1616 JOE YENNI BLVD",KENNER,LA,70065,(888) 850-2232,SSA
809,NATCHITOCHES LA,"SOCIAL SECURITY 950 KEYSER AVE",NATCHITOCHES,LA,71457,(855) 634-4195,SSA
808,HAMMOND LA,"SOCIAL SECURITY 2100 ROBIN AVE",HAMMOND,LA,70403,(855) 848-7937,SSA
806,LAFAYETTE LA,"SOCIAL SECURITY 106 CORPORATE BLVD",LAFAYETTE,LA,70508,(888) 619-4771,SSA
804,ALEXANDRIA LA,"SOCIAL SECURITY 3401 NORTH BLVD",ALEXANDRIA,LA,71301,(877) 876-3171,SSA
807,HOUMA LA,"SOCIAL SECURITY STE 100 178 CIVIC CENTER BLVD",HOUMA,LA,70360,(866) 899-5631,SSA
D18,ST TAMMANY LA,"SOCIAL SECURITY 64285 HIGHWAY 434",LACOMBE,LA,70445,(866) 887-8997,SSA
801,SHREVEPORT LA,"SOCIAL SECURITY 1240 S POINTE PKWY",SHREVEPORT,LA,71105,(877) 319-3074,SSA
B43,RUSTON LA,"SOCIAL SECURITY 2017 BULAR ST",RUSTON,LA,71270,(877) 405-7823,SSA
713,MINDEN LA,"SOCIAL SECURITY 103 MBL BANK DRIVE",MINDEN,LA,71055,(877) 319-5762,SSA
E36,BATON ROUGE NORTH LA,"SOCIAL SECURITY 4332 HARDING BLVD",BATON ROUGE,LA,70807,(888) 487-0143,SSA
812,MORGAN CITY LA,"SOCIAL SECURITY 1279 CLOTHILDE ST",MORGAN CITY,LA,70380,(855) 433-5874,SSA
E63,POSTAL PLAZA DC,"SOCIAL SECURITY 1905-B 9TH ST NE",WASHINGTON,DC,20018,(866) 737-4470,SSA
270,DC DOWNTOWN,"SOCIAL SECURITY 1300 D ST SW",WASHINGTON,DC,20024,(866) 708-3255,SSA
531,ANACOSTIA DC,"SOCIAL SECURITY SUITE 130 2041 MLK JR AVE SE",WASHINGTON,DC,20020,(866) 495-0048,SSA
99,ST. LOUIS CENTRAL,"SOCIAL SECURITY 25 N OAKS PLZ",SAINT LOUIS,MO,63121,(888) 810-7291,SSA
745,ST LOUIS-SOUTHSIDE,"SOCIAL SECURITY 9494 MANCHESTER RD",ROCK HILL,MO,63119,(877) 714-0372,SSA
753,PARK HILLS MO,"SOCIAL SECURITY 507 E MAIN STREET",PARK HILLS,MO,63601,(877) 622-9009,SSA
743,SEDALIA MO,"SOCIAL SECURITY 3404 W 10TH ST",SEDALIA,MO,65301,(877) 405-5459,SSA
738,SPRINGFIELD MO,"SOCIAL SECURITY STE 100 1570 W BATTLEFIELD ST",SPRINGFIELD,MO,65807,(877) 850-7824,SSA
NA9,FOSU West - Branch 3,"SOCIAL SECURITY ADMINISTRATION SUITE 1043 601 E 12TH ST",KANSAS CITY,MO,64106,(877) 685-5942,SSA
C53,MARYVILLE MO,"SOCIAL SECURITY 518 W SOUTH HILLS DR",MARYVILLE,MO,64468,(877) 833-2731,SSA
D77,SIKESTON MO,"SOCIAL SECURITY 711 YORK DR",SIKESTON,MO,63801,(866) 964-4261,SSA
B38,UNION MO,"SOCIAL SECURITY SUITE 5 43 PRAIRIE DELL PLZ",UNION,MO,63084,(866) 837-1063,SSA
8IF,FOSU West - Branch 2,"SOCIAL SECURITY SUITE 1043 601 E 12TH ST",KANSAS CITY,MO,64106,(877) 685-5942,SSA
6K7,FOSU West - Branch 4,"SOCIAL SECURITY ADMINISTRATION SUITE 1043 601 E 12TH ST",KANSAS CITY,MO,64106,(877) 685-5942,SSA
E76,ST LOUIS NORTH COUNTY,"SOCIAL SECURITY 880 RUE ST. FRANCOIS",FLORISSANT,MO,63031,(866) 931-2871,SSA
737,ST JOSEPH MO,"SOCIAL SECURITY 3715 BECK RD STE F",SAINT JOSEPH,MO,64506,(888) 366-6148,SSA
740,JEFFERSON CITY,"SOCIAL SECURITY 129 SCOTT STATION ROAD",JEFFERSON CITY,MO,65109,(877) 405-9803,SSA
B35,NEVADA MO,"SOCIAL SECURITY 120 S COMMERCE DR",NEVADA,MO,64772,(888) 808-5441,SSA
739,CAPE GIRARDEAU,"SOCIAL SECURITY STE 101 2445 CAPE CENTRE DR",CAPE GIRARDEAU,MO,63703,(866) 931-7077,SSA
748,INDEPENDENCE MO,"SOCIAL SECURITY STE C 3520 S NOLAND RD",INDEPENDENCE,MO,64055,(866) 864-1517,SSA
9RX,FOSU West - Branch 1,"SOCIAL SECURITY SUITE 1043 601 E 12TH ST",KANSAS CITY,MO,64106,(877) 685-5942,SSA
98,KANSAS CITY (GATEWAY),"SOCIAL SECURITY 1800 E TRUMAN RD",KANSAS CITY,MO,64127,(888) 221-3612,SSA
C51,ST LOUIS SOUTHWEST,"SOCIAL SECURITY 650 GRAVOIS BLUFF BLVD",FENTON,MO,63026,(866) 331-2307,SSA
734,ST PETERS MO,"SOCIAL SECURITY 4800 EXECUTIVE CTR PKY",SAINT PETERS,MO,63376,(877) 405-3570,SSA
777,KANSAS CITY NORTH,"SOCIAL SECURITY 8620 N GREEN HILLS RD",KANSAS CITY,MO,64154,(877) 805-6671,SSA
560,WEST PLAINS MO,"SOCIAL SECURITY 1612 IMPERIAL DRIVE",WEST PLAINS,MO,65775,(866) 614-2741,SSA
736,KANSAS CITY SOUTH MO,"SOCIAL SECURITY 6320 EUCLID AVE",KANSAS CITY,MO,64132,(888) 488-9417,SSA
51P,FOSU West - Branch 5,"SOCIAL SECURITY ADMINISTRATION SUITE 1043 601 E 12TH ST",KANSAS CITY,MO,64106,(877) 685-5942,SSA
97,CHILLICOTHE MO,"SOCIAL SECURITY 1105 S MITCHELL AVE",CHILLICOTHE,MO,64601,(877) 405-7668,SSA
735,ST LOUIS-DTN MO,"SOCIAL SECURITY SUITE 100 717 N 16TH STREET",ST LOUIS,MO,63103,(888) 748-2014,SSA
751,COLUMBIA MO,"SOCIAL SECURITY STE 101 3402 BUTTONWOOD DR",COLUMBIA,MO,65201,(866) 563-9108,SSA
749,POPLAR BLUFF MO,"SOCIAL SECURITY 66 HIGHWAY 142",POPLAR BLUFF,MO,63901,(855) 722-3498,SSA
752,KENNETT MO,"SOCIAL SECURITY 800 SOUTH BYPASS",KENNETT,MO,63857,(866) 931-4497,SSA
C52,LEBANON MO,"SOCIAL SECURITY 2546 S JEFFERSON AVE",LEBANON,MO,65536,(866) 931-7104,SSA
B41,KIRKSVILLE MO,"SOCIAL SECURITY 1305 CROWN DRIVE",KIRKSVILLE,MO,63501,(888) 386-2705,SSA
741,HANNIBAL MO,"SOCIAL SECURITY 155 FORREST DRIVE",HANNIBAL,MO,63401,(866) 331-7094,SSA
744,JOPLIN MO,"SOCIAL SECURITY 4102 S ARIZONA AVE",JOPLIN,MO,64804,(866) 964-7421,SSA
750,ROLLA MO,"SOCIAL SECURITY 1813 E 10TH ST",ROLLA,MO,65401,(800) 551-2056,SSA
588,ROCK HILL SC,"SOCIAL SECURITY 499 LAKESHORE PKWY",ROCK HILL,SC,29730,(877) 626-9589,SSA
597,BEAUFORT SC,"SOCIAL SECURITY 646 ROBERT SMALLS PKWY",BEAUFORT,SC,29906,(866) 254-3316,SSA
592,MYRTLE BEACH SC,"SOCIAL SECURITY STE 301 611 BURROUGHS AND CHAPIN BLVD",MYRTLE BEACH,SC,29577,(888) 577-6601,SSA
C93,WALTERBORO SC,"SOCIAL SECURITY 502 ROBERTSON BLVD",WALTERBORO,SC,29488,(866) 708-2810,SSA
596,AIKEN SC,"SOCIAL SECURITY 151 CORPORATE PKWY",AIKEN,SC,29803,(866) 275-8271,SSA
593,GEORGETOWN SC,"SOCIAL SECURITY 413 KING ST",GEORGETOWN,SC,29440,(866) 593-1584,SSA
584,SPARTANBURG SC,"SOCIAL SECURITY STE 300 145 N CHURCH ST",SPARTANBURG,SC,29306,(866) 701-6620,SSA
585,CHARLESTON SC,"SOCIAL SECURITY 1463 TOBIAS GADSON BLVD",CHARLESTON,SC,29407,(866) 495-0111,SSA
594,ORANGEBURG SC,"SOCIAL SECURITY 1379 SIMS ST",ORANGEBURG,SC,29115,(866) 716-8602,SSA
C16,CLINTON SC,"SOCIAL SECURITY 292 PROFESSIONAL PARK RD",CLINTON,SC,29325,(866) 526-9854,SSA
587,FLORENCE SC,"SOCIAL SECURITY 181 DOZIER BLVD",FLORENCE,SC,29501,(888) 385-1173,SSA
590,ANDERSON SC,"SOCIAL SECURITY 4 CIVIC CTR BLVD EXT",ANDERSON,SC,29625,(877) 505-4549,SSA
591,BENNETTSVILLE SC,"SOCIAL SECURITY 1028 CHERAW ST",BENNETTSVILLE,SC,29512,(888) 810-7617,SSA
595,SUMTER SC,"SOCIAL SECURITY 240 N BULTMAN DR",SUMTER,SC,29150,(877) 445-0840,SSA
589,GREENWOOD SC,"SOCIAL SECURITY STE C 115 ENTERPRISE COURT",GREENWOOD,SC,29649,(866) 739-4803,SSA
583,COLUMBIA SC,"SOCIAL SECURITY 11FL STHURMOND FED BLD 1835 ASSEMBLY ST",COLUMBIA,SC,29201,(866) 964-7594,SSA
586,GREENVILLE SC,"SOCIAL SECURITY 319 PELHAM RD",GREENVILLE,SC,29615,(877) 274-5423,SSA
392,ASHTABULA OH,"SOCIAL SECURITY 4815 STATE RD",ASHTABULA,OH,44004,(877) 223-6059,SSA
423,CLEVELAND NE OH,"SOCIAL SECURITY 15250 S. WATERLOO RD",CLEVELAND,OH,44110,(866) 592-1802,SSA
D62,COLUMBUS EAST,"SOCIAL SECURITY 220 S HAMILTON RD",COLUMBUS,OH,43213,(866) 592-0733,SSA
409,SANDUSKY OH,"SOCIAL SECURITY 252 WAYNE STREET",SANDUSKY,OH,44870,(866) 588-7397,SSA
407,CLEVELAND WEST OH,"SOCIAL SECURITY 17513 DETROIT AVE",LAKEWOOD,OH,44107,(866) 964-4389,SSA
394,LIMA OH,"SOCIAL SECURITY FEDERAL BLDG; STE 101 401 WEST NORTH ST",LIMA,OH,45801,(800) 223-0288,SSA
417,EAST LIVERPOOL OH,"SOCIAL SECURITY 120 EAST FOURTH STREET",EAST LIVERPOOL,OH,43920,(855) 269-9178,SSA
D63,COLUMBUS NORTH,"SOCIAL SECURITY 1051 WORTHINGTON WOODS",WORTHINGTON,OH,43085,(866) 789-0957,SSA
398,SPRINGFIELD OH,"SOCIAL SECURITY 1610 N LIMESTONE ST",SPRINGFIELD,OH,45503,(877) 405-1451,SSA
395,TOLEDO OH DT,"SOCIAL SECURITY SUITE 1000 433 N SUMMIT ST",TOLEDO,OH,43604,(866) 331-2196,SSA
A66,RAVENNA OH,"SOCIAL SECURITY 444 ENTERPRISE PKWY",RAVENNA,OH,44266,(855) 863-3562,SSA
B32,BOWLING GREEN OH,"SOCIAL SECURITY 745 INNOVATION DRIVE",BOWLING GREEN,OH,43402,(866) 931-7674,SSA
391,LORAIN OH,"SOCIAL SECURITY 221 W 5TH ST",LORAIN,OH,44052,(866) 415-0172,SSA
397,YOUNGSTOWN OH,"SOCIAL SECURITY 354 E FEDERAL ST",YOUNGSTOWN,OH,44503,(877) 714-0393,SSA
412,DEFIANCE OH,"SOCIAL SECURITY 273 STADIUM DR",DEFIANCE,OH,43512,(877) 600-2860,SSA
402,DAYTON OH,"SOCIAL SECURITY FEDERAL BLDG RM 209 200 W 2ND STREET",DAYTON,OH,45402,(888) 329-5724,SSA
419,LANCASTER OH,"SOCIAL SECURITY 252 VENTURE PLACE",LANCASTER,OH,43130,(877) 841-5712,SSA
399,HAMILTON OH,"SOCIAL SECURITY 6553 WINFORD AVENUE",HAMILTON,OH,45011,(888) 862-3585,SSA
387,CINCINNATI-D/T,"SOCIAL SECURITY ROOM 2-960 550 MAIN ST",CINCINNATI,OH,45202,(866) 593-1519,SSA
389,COLUMBUS OH-DT,"SOCIAL SECURITY ROOM 225 FED BLDG 200 NORTH HIGH STREET",COLUMBUS,OH,43215,(866) 964-1723,SSA
A65,MIDDLETOWN OHIO,"SOCIAL SECURITY 3715 TOWNE BLVD",FRANKLIN,OH,45005,(877) 457-1738,SSA
E65,COLUMBUS WEST,"SOCIAL SECURITY 1060 GEORGESVILLE ROAD",COLUMBUS,OH,43228,(866) 656-0178,SSA
415,NEWARK OH,"SOCIAL SECURITY 125 DERBY DOWNS RD",NEWARK,OH,43055,(866) 737-3514,SSA
431,CLEVELAND NW OH,"SOCIAL SECURITY 4321 LORAIN AVE STE B",CLEVELAND,OH,44113,(877) 876-3172,SSA
D12,GALLIPOLIS OH,"SOCIAL SECURITY 2455 STATE ROUTE 160",GALLIPOLIS,OH,45631,(888) 397-6343,SSA
420,WOOSTER OH,"SOCIAL SECURITY STE B 2345 GATEWAY DR",WOOSTER,OH,44691,(877) 319-0729,SSA
426,DAYTON-WEST OH,"SOCIAL SECURITY 4375 HOOVER AVE",DAYTON,OH,45417,(877) 895-0038,SSA
B30,MEDINA OH,"SOCIAL SECURITY 4035 N JEFFERSON ST",MEDINA,OH,44256,(866) 613-2774,SSA
414,MARIETTA OH,"SOCIAL SECURITY 1301 GREENE STREET",MARIETTA,OH,45750,(855) 433-5872,SSA
393,MANSFIELD OH,"SOCIAL SECURITY 1287 SOUTH TRIMBLE RD",MANSFIELD,OH,44907,(888) 491-1882,SSA
424,CLEVELAND SE OH,"SOCIAL SECURITY 18711 MILES ROAD",WARRENSVILLE HTS,OH,44128,(877) 405-0474,SSA
396,ZANESVILLE OH,"SOCIAL SECURITY 3823 JAMES COURT",ZANESVILLE,OH,43701,(855) 884-3408,SSA
408,STEUBENVILLE OH,"SOCIAL SECURITY 4TH FL 500 MARKET STREET",STEUBENVILLE,OH,43952,(866) 253-6889,SSA
427,CLEVE BUCKEYE SHAKER,"SOCIAL SECURITY 11601 SHAKER BLVD",CLEVELAND,OH,44120,(877) 635-3546,SSA
422,AKRON-WEST OH,"SOCIAL SECURITY 2166 ROMIG RD",AKRON,OH,44320,(866) 837-5359,SSA
388,CLEVELAND DT OH,"SOCIAL SECURITY RM 793 AJC FED BLDG 1240 E 9TH ST",CLEVELAND,OH,44199,(877) 378-9078,SSA
416,NEW PHILADELPHIA OH,"SOCIAL SECURITY SUITE 1C 1260 MONROE ST NW",NEW PHILADELPHIA,OH,44663,(866) 731-4236,SSA
410,CHILLICOTHE OH,"SOCIAL SECURITY 44 STONERIDGE DRIVE",CHILLICOTHE,OH,45601,(877) 452-6971,SSA
432,CLEVELAND SW OH,"SOCIAL SECURITY SUITE 101 7344 PEARL RD",MIDDLEBURG HTS,OH,44130,(866) 931-9176,SSA
403,WARREN OH,"SOCIAL SECURITY 1ST FLOOR 258 E MARKET STREET",WARREN,OH,44481,(866) 964-7339,SSA
411,CINCINNATI NORTH,"SOCIAL SECURITY 10205 READING RD",CINCINNATI,OH,45241,(877) 833-2704,SSA
404,MARION OH,"SOCIAL SECURITY 1363 WELLNESS DR",MARION,OH,43302,(888) 475-0296,SSA
A64,BATAVIA OH,"SOCIAL SECURITY 1050 HOSPITAL DR",BATAVIA,OH,45103,(800) 453-0494,SSA
C48,CAMBRIDGE OH,"SOCIAL SECURITY SUITE 105 1225 WOODLAWN AVE",CAMBRIDGE,OH,43725,(866) 883-5281,SSA
405,ATHENS OH,"SOCIAL SECURITY 743A EAST STATE STREET",ATHENS,OH,45701,(877) 840-7683,SSA
400,CANTON OH,"SOCIAL SECURITY SUITE 100 301 MCKINLEY AVE SW",CANTON,OH,44702,(877) 255-1509,SSA
378,PAINESVILLE OH,"SOCIAL SECURITY 55 W JACKSON ST",PAINESVILLE,OH,44077,(877) 692-3143,SSA
376,TOLEDO-WEST OH,"SOCIAL SECURITY SUITE A 4906 MONROE ST",TOLEDO,OH,43623,(877) 274-5429,SSA
401,PORTSMOUTH OH,"SOCIAL SECURITY 921 FOURTH STREET",PORTSMOUTH,OH,45662,(866) 613-3961,SSA
421,IRONTON OH,"SOCIAL SECURITY 611 VERNON STREET",IRONTON,OH,45638,(866) 789-1073,SSA
D13,FREMONT OH,"SOCIAL SECURITY 2220 ENTERPRISE STREET",FREMONT,OH,43420,(866) 614-4760,SSA
418,PIQUA OH,"SOCIAL SECURITY 277 S LOONEY RD",PIQUA,OH,45356,(866) 931-2520,SSA
B29,XENIA OH,"SOCIAL SECURITY 80 N PROGRESS DR",XENIA,OH,45385,(866) 755-5372,SSA
406,CLEVELAND EAST OH,"SOCIAL SECURITY 3591 PARK EAST DR",BEACHWOOD,OH,44122,(877) 402-0823,SSA
413,FINDLAY OH,"SOCIAL SECURITY 15085 FLAG CITY DR",FINDLAY,OH,45840,(877) 628-6548,SSA
390,AKRON OH,"SOCIAL SECURITY 2ND FLOOR 2 S MAIN ST",AKRON,OH,44308,(877) 600-2858,SSA
24,MONTPELIER VT,"SOCIAL SECURITY 33 SCHOOL ST",MONTPELIER,VT,5602,(877) 505-4542,SSA
23,RUTLAND VT,"SOCIAL SECURITY 246 WEST ST",RUTLAND,VT,5701,(866) 690-1944,SSA
22,BURLINGTON VT,"SOCIAL SECURITY SUITE 107 128 LAKESIDE AVE",BURLINGTON,VT,5401,(877) 840-5776,SSA
C58,WATERTOWN SD,"SOCIAL SECURITY 514 JENSON AVE SE",WATERTOWN,SD,57201,(888) 737-1763,SSA
717,RAPID CITY SD,"SOCIAL SECURITY STE 301 2200 NORTH MAPLE AVE",RAPID CITY,SD,57701,(866) 964-7416,SSA
715,SIOUX FALLS SD,"SOCIAL SECURITY 5021 S NEVADA AVE",SIOUX FALLS,SD,57108,(877) 274-5421,SSA
718,HURON SD,"SOCIAL SECURITY ROOM 105 FEDERAL BLDG 200 4TH STREET SW",HURON,SD,57350,(866) 563-4604,SSA
D33,YANKTON SD,"SOCIAL SECURITY SUITE 2 1818 BROADWAY AVE",YANKTON,SD,57078,(877) 405-3522,SSA
716,ABERDEEN SD,"SOCIAL SECURITY ROOM 111 FEDERAL BLDG 115 4TH AVE SE",ABERDEEN,SD,57401,(855) 278-4196,SSA
49,ATTLEBORO MA,"SOCIAL SECURITY 106 PLEASANT ST",ATTLEBORO,MA,2703,(888) 655-6469,SSA
57,TAUNTON MA,"SOCIAL SECURITY 104 DEAN ST",TAUNTON,MA,2780,(877) 505-4546,SSA
45,MALDEN MA,"SOCIAL SECURITY 192 COMMERCIAL ST",MALDEN,MA,2148,(866) 596-8598,SSA
52,NORWOOD MA,"SOCIAL SECURITY SUITE 102 ONE EDGEWATER DRIVE",NORWOOD,MA,2062,(866) 563-9533,SSA
31,SPRINGFIELD MA,"SOCIAL SECURITY 70 BOND STREET",SPRINGFIELD,MA,1104,(866) 964-5061,SSA
B87,HANOVER MA,"SOCIAL SECURITY STE 1 198 COLUMBIA RD",HANOVER,MA,2339,(877) 444-6898,SSA
30,BOSTON MA,"SOCIAL SECURITY ROOM 148 10 CAUSEWAY STREET",BOSTON,MA,2222,(866) 964-7311,SSA
44,HOLYOKE MA,"SOCIAL SECURITY 2ND FLOOR 200 HIGH STREET",HOLYOKE,MA,1040,(877) 480-4989,SSA
42,FALL RIVER MA,"SOCIAL SECURITY 400 NORTH MAIN STREET",FALL RIVER,MA,2720,(866) 964-3967,SSA
50,HAVERHILL MA,"SOCIAL SECURITY STE 401 62 BROWN ST",HAVERHILL,MA,1830,(866) 964-4324,SSA
36,WORCESTER MA,"SOCIAL SECURITY MADISON PLACE 51 MYRTLE ST",WORCESTER,MA,1608,(866) 331-9069,SSA
35,LOWELL MA,"SOCIAL SECURITY STE 300 151 WARREN STREET",LOWELL,MA,1852,(877) 746-9850,SSA
33,ROXBURY MA,"SOCIAL SECURITY 10 MALCOLM X BLVD",ROXBURY,MA,2119,(855) 278-4195,SSA
51,WALTHAM MA,"SOCIAL SECURITY SUITE 120 135 BEAVER STREET",WALTHAM,MA,2452,(877) 457-1737,SSA
48,DORCHESTER MA,"SOCIAL SECURITY 115 FREEPORT ST",DORCHESTER,MA,2122,(866) 931-2550,SSA
56,ROSLINDALE MA,"SOCIAL SECURITY 4238 WASHINGTON ST",ROSLINDALE,MA,2131,(866) 331-9173,SSA
34,LYNN MA,"SOCIAL SECURITY 140 UNION STREET",LYNN,MA,1901,(866) 366-7792,SSA
54,HYANNIS MA,"SOCIAL SECURITY 100 INDEPENDENCE DRIVE SUITE 4",HYANNIS,MA,2601,(866) 467-0440,SSA
41,LAWRENCE MA,"SOCIAL SECURITY SUITE 106A 439 S UNION ST",LAWRENCE,MA,1843,(877) 669-3127,SSA
47,QUINCY MA,"SOCIAL SECURITY SUITE 305 1515 HANCOCK ST",QUINCY,MA,2169,(866) 593-4392,SSA
40,FITCHBURG MA,"SOCIAL SECURITY PHILBIN FED BLDG 881 MAIN ST 1ST FLOOR",FITCHBURG,MA,1420,(877) 319-0728,SSA
39,BROCKTON MA,"SOCIAL SECURITY 30 CHRISTY DR",BROCKTON,MA,2301,(888) 717-1524,SSA
53,FRAMINGHAM MA,"SOCIAL SECURITY SUITE 101 ONE CLARKS HILL",FRAMINGHAM,MA,1702,(844) 587-1390,SSA
C67,NORTH ADAMS MA,"SOCIAL SECURITY 96 MARSHALL STREET",NORTH ADAMS,MA,1247,(877) 319-5709,SSA
37,PITTSFIELD MA,"SOCIAL SECURITY FEDERAL BLDG SUITE 101 78 CENTER ST",PITTSFIELD,MA,1201,(866) 446-7111,SSA
38,NEW BEDFORD MA,"SOCIAL SECURITY HASTINGS KEITH FED BLD 53 NORTH 6TH STREET",NEW BEDFORD,MA,2740,(866) 964-7413,SSA
32,CAMBRIDGE MA,"SOCIAL SECURITY FIRST FLR 10 FAWCETT ST",CAMBRIDGE,MA,2138,(888) 527-9340,SSA
C69,GARDNER MA,"SOCIAL SECURITY 354 MAIN ST STE 2",GARDNER,MA,1440,(844) 371-8116,SSA
46,SALEM MA,"SOCIAL SECURITY SUITE 101 35 CONGRESS ST",SALEM,MA,1970,(866) 248-2394,SSA
B88,FALMOUTH MA,"SOCIAL SECURITY TECHNOLOGY PARK 48 RESEARCH RD",EAST FALMOUTH,MA,2536,(855) 881-0212,SSA
D59,BELLEVILLE IL,"SOCIAL SECURITY WEST POINTE CENTER 227 W POINTE DR",BELLEVILLE,IL,62226,(877) 405-0471,SSA
515,ELGIN IL,"SOCIAL SECURITY SUITE 100 790 FLETCHER DR",ELGIN,IL,60123,(877) 405-0435,SSA
516,KANKAKEE IL,"SOCIAL SECURITY 630 E. OAK ST.",KANKAKEE,IL,60901,(855) 807-8801,SSA
492,MT VERNON IL,"SOCIAL SECURITY FEDERAL BUILDING ROOM 103 105 S 6TH ST",MOUNT VERNON,IL,62864,(866) 931-2549,SSA
E05,BACK OF THE YARDS,"SOCIAL SECURITY 5253 S ASHLAND AVE",CHICAGO,IL,60609,(877) 897-0608,SSA
488,SPRINGFIELD IL,"SOCIAL SECURITY 3112 CONSTITUTION DR",SPRINGFIELD,IL,62704,(877) 279-9504,SSA
502,NORTH RIVERSIDE IL,"SOCIAL SECURITY ROOM 600 7222 W CERMAK RD",NORTH RIVERSIDE,IL,60546,(888) 518-0226,SSA
505,GALESBURG IL,"SOCIAL SECURITY 2060 WINDISH DRIVE",GALESBURG,IL,61401,(877) 405-7659,SSA
496,ROCKFORD IL,"SOCIAL SECURITY 502 E JEFFERSON ST",ROCKFORD,IL,61107,(877) 628-6570,SSA
514,CHICAGO-SE IL,"SOCIAL SECURITY 9715 S COTTAGE GROVE",CHICAGO,IL,60628,(888) 397-3107,SSA
493,DANVILLE IL,"SOCIAL SECURITY 400 N. VERMILION ST.",DANVILLE,IL,61832,(866) 331-5394,SSA
504,EVANSTON IL,"SOCIAL SECURITY 2116 GREEN BAY RD",EVANSTON,IL,60201,(888) 371-0791,SSA
532,MOUNT PROSPECT IL,"SOCIAL SECURITY 705 NORTH WHEELING RD",MOUNT PROSPECT,IL,60056,(866) 931-8350,SSA
703,CHICAGO LAWNDALE IL,"SOCIAL SECURITY 2416 S PULASKI ROAD",CHICAGO,IL,60623,(877) 531-4698,SSA
508,AURORA IL,"SOCIAL SECURITY 1325 N. LAKE STREET",AURORA,IL,60506,(877) 274-5412,SSA
522,BLOOMINGDALE IL,"SOCIAL SECURITY 230 WEST LAKE STREET",BLOOMINGDALE,IL,60108,(877) 845-1577,SSA
521,EFFINGHAM IL,"SOCIAL SECURITY SUITE 2 1207 NETWORK CENTRE DR",EFFINGHAM,IL,62401,(855) 213-5288,SSA
501,CHAMPAIGN IL,"SOCIAL SECURITY 101 S COUNTRY FAIR DR",CHAMPAIGN,IL,61821,(877) 819-2593,SSA
510,CHICAGO-NR NW IL,"SOCIAL SECURITY 3260 W FULLERTON AVE",CHICAGO,IL,60647,(888) 456-9540,SSA
503,HILLSIDE IL,"SOCIAL SECURITY 230 NORTH MANNHEIM RD",HILLSIDE,IL,60162,(866) 964-6290,SSA
517,CARBONDALE IL,"SOCIAL SECURITY RM 104 250 W CHERRY ST",CARBONDALE,IL,62901,(877) 714-0377,SSA
513,CHICAGO-NW IL,"SOCIAL SECURITY SUITE 600 4849 N MILWAUKEE AVE",CHICAGO,IL,60630,(888) 748-7667,SSA
500,CHICAGO SOUTH,"SOCIAL SECURITY 9443 S WESTERN AVE",CHICAGO,IL,60643,(877) 409-8427,SSA
A60,WOODSTOCK IL,"SOCIAL SECURITY 2450 LAKE SHORE DR",WOODSTOCK,IL,60098,(877) 405-7828,SSA
520,FREEPORT IL,"SOCIAL SECURITY 4 E LINDEN ST",FREEPORT,IL,61032,(855) 628-1591,SSA
491,WAUKEGAN IL,"SOCIAL SECURITY 1930 N LEWIS AVE",WAUKEGAN,IL,60087,(888) 320-0960,SSA
512,ALTON IL,"SOCIAL SECURITY ROOM 103 FEDERAL BLDG 501 BELLE ST",ALTON,IL,62002,(855) 285-6006,SSA
490,QUINCY IL,"SOCIAL SECURITY 2401 LIND STREET",QUINCY,IL,62301,(888) 279-5999,SSA
485,CHICAGO LOOP IL,"SOCIAL SECURITY 605 W WASHINGTON BLVD",CHICAGO,IL,60661,(866) 739-4765,SSA
A59,PEKIN IL,"SOCIAL SECURITY 2801 BROADWAY",PEKIN,IL,61554,(877) 405-0499,SSA
499,CHICAGO NORTH IL,"SOCIAL SECURITY 2127 W LAWRENCE AVE",CHICAGO,IL,60625,(877) 409-8426,SSA
519,PERU IL,"SOCIAL SECURITY 915 WENZEL RD",PERU,IL,61354,(855) 245-0640,SSA
518,STERLING IL,"SOCIAL SECURITY 3610 E LINCOLNWAY",STERLING,IL,61081,(866) 789-1093,SSA
486,EAST ST LOUIS IL,"SOCIAL SECURITY ROOM 104 FEDERAL BLDG 650 MISSOURI AVE",EAST ST LOUIS,IL,62201,(877) 700-4849,SSA
A56,LITCHFIELD IL,"SOCIAL SECURITY 1107 W FERDON",LITCHFIELD,IL,62056,(877) 319-3077,SSA
489,ROCK ISLAND IL,"SOCIAL SECURITY 2350 4TH AVE",ROCK ISLAND,IL,61201,(866) 414-9166,SSA
495,HARRISBURG IL,"SOCIAL SECURITY 18 VETERANS DRIVE",HARRISBURG,IL,62946,(866) 366-3980,SSA
A55,WOODRIDGE IL,"SOCIAL SECURITY 7440 PROVIDENCE DR",WOODRIDGE,IL,60517,(866) 303-2724,SSA
498,CHICAGO-WEST IL,"SOCIAL SECURITY 5130 WEST NORTH AVENUE",CHICAGO,IL,60639,(866) 614-4761,SSA
509,CHICAGO HEIGHTS IL,"SOCIAL SECURITY 104 S HALSTED STREET",CHICAGO HEIGHTS,IL,60411,(877) 274-5413,SSA
497,CHICAGO-EAST IL,"SOCIAL SECURITY 6338 S COTTAGE GROVE AVE",CHICAGO,IL,60637,(877) 402-0824,SSA
506,DECATUR IL,"SOCIAL SECURITY 606 W PERSHING RD",DECATUR,IL,62526,(888) 619-4773,SSA
507,NORMAL IL,"SOCIAL SECURITY STE 100 328 SUSAN DR",NORMAL,IL,61761,(877) 405-4640,SSA
A58,CHICAGO SW SUBU,"SOCIAL SECURITY 10718 S ROBERTS RD",PALOS HILLS,IL,60465,(877) 405-4568,SSA
494,JOLIET IL,"SOCIAL SECURITY 552 HOUBOLT RD",JOLIET,IL,60431,(866) 783-7302,SSA
487,PEORIA IL,"SOCIAL SECURITY 815 W PIONEER PARKWAY",PEORIA,IL,61615,(877) 319-6039,SSA
D04,WEST FRANKFORT,"SOCIAL SECURITY 1005 FACTORY OUTLET DR",WEST FRANKFORT,IL,62896,(888) 223-8869,SSA
317,FAIRMONT WV,"SOCIAL SECURITY SUITE 2120 1000 TECHNOLOGY DR.",FAIRMONT,WV,26554,(877) 405-7674,SSA
315,WELCH WV,"SOCIAL SECURITY 50 MCDOWELL STREET",WELCH,WV,24801,(866) 273-0399,SSA
306,WHEELING WV,"SOCIAL SECURITY 1231 WARWOOD AVENUE",WHEELING,WV,26003,(877) 480-5001,SSA
308,HUNTINGTON WV,"SOCIAL SECURITY 3RD FLOOR 301 9TH STREET",HUNTINGTON,WV,25701,(866) 931-7078,SSA
305,CHARLESTON WV,"SOCIAL SECURITY SUITE 300 500 QUARRIER STREET",CHARLESTON,WV,25301,(888) 527-9305,SSA
C89,PETERSBURG WV,"SOCIAL SECURITY SUITE 3 111 S GROVE ST",PETERSBURG,WV,26847,(877) 405-2885,SSA
309,CLARKSBURG WV,"SOCIAL SECURITY CLARKSBURG FEDERAL CTR 320 W PIKE ST",CLARKSBURG,WV,26301,(866) 783-7305,SSA
313,BECKLEY WV,"SOCIAL SECURITY SUITE A-8 5475 ROBERT C. BYRD DR",MOUNT HOPE,WV,25880,(866) 964-2042,SSA
307,PARKERSBURG WV,"SOCIAL SECURITY SUITE 500 700 MARKET ST",PARKERSBURG,WV,26101,(866) 574-2533,SSA
C15,ST ALBANS WV,"SOCIAL SECURITY 49 OLDE MAIN PLAZA",ST ALBANS,WV,25177,(866) 316-8153,SSA
312,MORGANTOWN WV,"SOCIAL SECURITY SUITE 100 3596 COLLINS FERRY RD",MORGANTOWN,WV,26505,(866) 770-2055,SSA
310,ELKINS WV,"SOCIAL SECURITY SUITE 325 300 THIRD STREET",ELKINS,WV,26241,(877) 828-1693,SSA
D89,WILLIAMSON WV,"SOCIAL SECURITY 146 EAST FIRST AVE",WILLIAMSON,WV,25661,(888) 759-3920,SSA
316,MARTINSBURG WV,"SOCIAL SECURITY 14 COMPASS PT",MARTINSBURG,WV,25404,(866) 416-1919,SSA
314,LOGAN WV,"SOCIAL SECURITY 1103 GEORGE KOSTAS DR",LOGAN,WV,25601,(877) 405-1455,SSA
311,BLUEFIELD WV,"SOCIAL SECURITY 3014 E CUMBERLAND ROAD",BLUEFIELD,WV,24701,(888) 475-0295,SSA
996,JUNEAU AK,"SOCIAL SECURITY ROOM 831E 709 WEST NINTH STREET",JUNEAU,AK,99801,(800) 478-7124,SSA
997,ANCHORAGE AK,"SOCIAL SECURITY ROOM A11 222 W 8TH AVE",ANCHORAGE,AK,99513,(866) 772-3081,SSA
998,FAIRBANKS AK,"SOCIAL SECURITY RM 138 101 12TH AVENUE",FAIRBANKS,AK,99701,(800) 478-0391,SSA
605,COLUMBUS GA,"SOCIAL SECURITY 7263 NORTH LAKE DR",COLUMBUS,GA,31909,(877) 784-3688,SSA
C31,WINDER GA,"SOCIAL SECURITY 389 EAST BROAD ST",WINDER,GA,30680,(866) 331-9071,SSA
A44,STATESBORO GA,"SOCIAL SECURITY 1050 BRANNEN ST",STATESBORO,GA,30461,(866) 748-2088,SSA
E69,VIDALIA GA,"SOCIAL SECURITY 104 W THIRD ST",VIDALIA,GA,30474,(866) 931-2518,SSA
607,WAYCROSS GA,"SOCIAL SECURITY 303 ISABELLA ST",WAYCROSS,GA,31501,(877) 405-3578,SSA
611,THOMASVILLE GA,"SOCIAL SECURITY 1916 SMITH AVENUE",THOMASVILLE,GA,31792,(888) 491-1886,SSA
620,GWINNETT GA,"SOCIAL SECURITY 4365 SHACKLEFORD RD",NORCROSS,GA,30093,(877) 803-6320,SSA
C92,WARNER ROBINS GA,"SOCIAL SECURITY 220 CARL VINSON PKWY",WARNER ROBINS,GA,31088,(866) 931-7084,SSA
619,KENNESAW GA,"SOCIAL SECURITY SUITE 250 200 CHASTAIN CENTER BLVD",KENNESAW,GA,30144,(866) 964-4690,SSA
603,MACON GA,"SOCIAL SECURITY 3530 RIVERSIDE DRIVE",MACON,GA,31210,(888) 759-3917,SSA
602,ALBANY GA,"SOCIAL SECURITY 1522 W 3RD AVE",ALBANY,GA,31707,(877) 319-0733,SSA
601,SAVANNAH GA,"SOCIAL SECURITY SUITE C 325 W MONTGOMERY XRD",SAVANNAH,GA,31406,(866) 366-4923,SSA
720,ATLANTA WEST GA,"SOCIAL SECURITY BLDG 2400 SUITE 122 3800 CAMP CREEK PKWY",ATLANTA,GA,30331,(877) 828-1694,SSA
613,VALDOSTA GA,"SOCIAL SECURITY 3149 PERIMETER PARK LN",VALDOSTA,GA,31602,(866) 829-2617,SSA
616,GRIFFIN GA,"SOCIAL SECURITY 1548 FLYNT ST",GRIFFIN,GA,30223,(866) 964-1005,SSA
I15,NEWNAN GA,"SOCIAL SECURITY SUITE B 246 BULLSBORO DR",NEWNAN,GA,30263,(855) 863-3561,SSA
610,MILLEDGEVILLE GA,"SOCIAL SECURITY 109 CYPRESS CORNERS",MILLEDGEVILLE,GA,31061,(866) 348-5817,SSA
C91,CORDELE GA,"SOCIAL SECURITY 510 E 15TH AVE",CORDELE,GA,31015,(888) 225-8869,SSA
618,DALTON GA,"SOCIAL SECURITY 301 POINT NORTH PL",DALTON,GA,30720,(866) 593-5681,SSA
B25,VILLA RICA GA,"SOCIAL SECURITY 908 S CARROLL RD",VILLA RICA,GA,30180,(866) 331-2318,SSA
614,BRUNSWICK GA,"SOCIAL SECURITY 134 JUNIPER CT",BRUNSWICK,GA,31520,(866) 964-6563,SSA
C96,COVINGTON GA,"SOCIAL SECURITY 9180 COVINGTON BY PASS RD",COVINGTON,GA,30014,(877) 873-9106,SSA
615,DUBLIN GA,"SOCIAL SECURITY 919 HILLCREST PKWY",DUBLIN,GA,31021,(888) 655-6438,SSA
609,ROME GA,"SOCIAL SECURITY 480 RIVERSIDE PKWY NE",ROME,GA,30161,(866) 964-1006,SSA
604,ATHENS GA,"SOCIAL SECURITY 1650 PRINCE AVENUE",ATHENS,GA,30606,(866) 964-3294,SSA
600,ATLANTA-D/T GA,"SOCIAL SECURITY STE 2860 FLR 28 401 W PEACHTREE ST NW",ATLANTA,GA,30308,(866) 931-9946,SSA
617,MORROW GA,"SOCIAL SECURITY 6665 PARK PLACE",MORROW,GA,30260,(866) 331-2215,SSA
606,AUGUSTA GA,"SOCIAL SECURITY 115 ROBERT C DANIEL JR PKWY",AUGUSTA,GA,30909,(877) 616-2523,SSA
608,LAGRANGE GA,"SOCIAL SECURITY SUITE A 1300 LAFAYETTE PKWY",LAGRANGE,GA,30241,(866) 836-6744,SSA
612,GAINESVILLE GA,"SOCIAL SECURITY SUITE 210 2565 THOMPSON BRDG RD",GAINESVILLE,GA,30501,(866) 331-2309,SSA
621,DECATUR GA,"SOCIAL SECURITY 3554 COVINGTON HWY",DECATUR,GA,30032,(877) 626-9909,SSA
C95,TIFTON GA,"SOCIAL SECURITY 732 2ND ST W",TIFTON,GA,31794,(877) 635-3542,SSA
686,FAIRMONT MN,"SOCIAL SECURITY SUITE 70 400 S. STATE ST",FAIRMONT,MN,56031,(877) 405-0414,SSA
682,BEMIDJI MN,"SOCIAL SECURITY 2900 HANNAH AVE NW",BEMIDJI,MN,56601,(866) 258-6345,SSA
685,ROCHESTER MN,"SOCIAL SECURITY SUITE 600 206 BROADWAY AVE S",ROCHESTER,MN,55904,(877) 405-3631,SSA
675,MINNEAPOLIS MN,"SOCIAL SECURITY SUITE 1 1811 CHICAGO AVE",MINNEAPOLIS,MN,55404,(855) 257-0982,SSA
680,WINONA MN,"SOCIAL SECURITY 910 E 2ND ST",WINONA,MN,55987,(877) 600-2853,SSA
B07,BRAINERD LAKES AREA MN,"SOCIAL SECURITY 8331 BRANDON ROAD",BAXTER,MN,56425,(866) 331-9087,SSA
676,DULUTH MN,"SOCIAL SECURITY STE 500 230 W SUPERIOR ST",DULUTH,MN,55802,(855) 863-3560,SSA
D22,FERGUS FALLS MN,"SOCIAL SECURITY 1023 W LINCOLN AVE",FERGUS FALLS,MN,56537,(877) 402-0827,SSA
679,ST CLOUD MN,"SOCIAL SECURITY SUITE 100 3800 VETERANS DRIVE",SAINT CLOUD,MN,56303,(877) 405-1446,SSA
684,AUSTIN MN,"SOCIAL SECURITY ADMINISTRATION 404 2ND ST NW",AUSTIN,MN,55912,(866) 504-5010,SSA
D06,ALEXANDRIA MN,"SOCIAL SECURITY SUITE 701 2633 JEFFERSON ST",ALEXANDRIA,MN,56308,(888) 224-8869,SSA
C40,BLOOMINGTON,"SOCIAL SECURITY SUITE 100 6161 AMERICAN BLVD W",BLOOMINGTON,MN,55438,(866) 964-7341,SSA
681,MARSHALL MN,"SOCIAL SECURITY SUITE B 507 JEWETT STREET",MARSHALL,MN,56258,(855) 210-0122,SSA
C39,BROOKLYN CENTER,"SOCIAL SECURITY BROOKLYN XNG OFC PARK 3280 NORTHWAY DRIVE",BROOKLYN CENTER,MN,55429,(866) 931-0341,SSA
677,ST PAUL MN,"SOCIAL SECURITY STE N650 332 MINNESOTA ST",ST PAUL,MN,55101,(866) 667-7481,SSA
683,HIBBING MN,"SOCIAL SECURITY 1122 E 25TH STREET",HIBBING,MN,55746,(866) 964-4320,SSA
678,MANKATO MN,"SOCIAL SECURITY STE 1550 MANKATO PL 12 CIVIC CNTR PLAZA",MANKATO,MN,56001,(877) 457-1734,SSA
A27,RIO GRANDE NJ,"SOCIAL SECURITY 1046 ROUTE 47 SOUTH",RIO GRANDE,NJ,8242,(877) 405-9194,SSA
186,PARSIPPANY NJ,"SOCIAL SECURITY SUITE 200 2200 STATE ROUTE 10 WEST",PARSIPPANY,NJ,7054,(866) 331-7131,SSA
173,PATERSON NJ,"SOCIAL SECURITY FIRST FLOOR 200 FEDERAL PLZ",PATERSON,NJ,7505,(888) 397-9806,SSA
187,NEW BRUNSWICK NJ,"SOCIAL SECURITY SUITE 200 550 JERSEY AVENUE",NEW BRUNSWICK,NJ,8901,(877) 803-6313,SSA
188,SPRINGFIELD AVE NJ,"SOCIAL SECURITY 274 SPRINGFIELD AVE",NEWARK,NJ,7103,(877) 402-0821,SSA
C79,NEWTON NJ,"SOCIAL SECURITY 20 EAST CLINTON STREET",NEWTON,NJ,7860,(877) 575-5189,SSA
182,HACKENSACK NJ,"SOCIAL SECURITY CONTINENTAL PLZ 2FL 401 HACKENSACK AVE",HACKENSACK,NJ,7601,(866) 964-4680,SSA
A25,GLASSBORO NJ,"SOCIAL SECURITY 830 DELSEA DR NORTH",GLASSBORO,NJ,8028,(866) 883-5305,SSA
180,BRIDGETON NJ,"SOCIAL SECURITY 149 WEST BROAD STREET",BRIDGETON,NJ,8302,(866) 837-1235,SSA
A26,TOMS RIVER NJ,"SOCIAL SECURITY 190 ST CATHERINE BLVD",TOMS RIVER,NJ,8755,(877) 255-1497,SSA
184,EAST ORANGE NJ,"SOCIAL SECURITY STE 100 7 GLENWOOD AVE",EAST ORANGE,NJ,7017,(866) 964-0030,SSA
174,UNION TOWNSHIP NJ,"SOCIAL SECURITY 855 LEHIGH AVE",UNION,NJ,7083,(877) 803-6306,SSA
171,TRENTON NJ,"SOCIAL SECURITY ADMINISTRATION 2ND FLOOR 635 S CLINTON AVE",TRENTON,NJ,8611,(866) 964-0026,SSA
B99,BRIDGEWATER NJ,"SOCIAL SECURITY SUITE 207 245 US HWY 22 WEST",BRIDGEWATER,NJ,8807,(866) 446-6198,SSA
170,NEWARK NJ,"SOCIAL SECURITY ROOM 1035 970 BROAD STREET",NEWARK,NJ,7102,(877) 255-1507,SSA
172,CHERRY HILL NJ,"SOCIAL SECURITY SUITE 200 6 EXECUTIVE CAMPUS",CHERRY HILL,NJ,8002,(866) 931-2879,SSA
C73,MT LAUREL NJ,"SOCIAL SECURITY SUITE E 532 FELLOWSHIP ROAD",MOUNT LAUREL,NJ,8054,(866) 837-5002,SSA
E21,BRICKTOWN NJ,"SOCIAL SECURITY 2620 YORKTOWNE BLVD",BRICK,NJ,8723,(877) 405-5870,SSA
178,EGG HARBOR TWP NJ,"SOCIAL SECURITY 1350 DOUGHTY RD",EGG HARBOR TWP,NJ,8234,(877) 714-0394,SSA
177,CLIFTON NJ,"SOCIAL SECURITY FL 2 935 ALLWOOD RD",CLIFTON,NJ,7012,(866) 964-0170,SSA
176,JERSEY CITY NJ,"SOCIAL SECURITY GROUND FLOOR 325 WEST SIDE AVENUE",JERSEY CITY,NJ,7305,(877) 405-2884,SSA
175,WOODBRIDGE NJ,"SOCIAL SECURITY 3RD FLOOR 190 MIDDLESEX TPKE",ISELIN,NJ,8830,(877) 600-2852,SSA
C04,HOBOKEN NJ,"SOCIAL SECURITY 6TH FL 79 HUDSON ST",HOBOKEN,NJ,7030,(877) 505-4547,SSA
181,EATONTOWN,"SOCIAL SECURITY 7 MERIDIAN RD",EATONTOWN,NJ,7724,(877) 405-0475,SSA
A89,NEWPORT RI,"SOCIAL SECURITY 1ST FLR 130 BELLEVUE AVE",NEWPORT,RI,2840,(866) 253-5607,SSA
72,PROVIDENCE RI,"SOCIAL SECURITY 6TH FLOOR ONE EMPIRE PLAZA",PROVIDENCE,RI,2903,(877) 402-0808,SSA
75,WARWICK RI,"SOCIAL SECURITY FIRST FLOOR 30 QUAKER LANE",WARWICK,RI,2886,(866) 964-2038,SSA
73,WOONSOCKET RI,"SOCIAL SECURITY PAVILION PLAZA 2168 DIAMOND HILL ROAD",WOONSOCKET,RI,2895,(877) 229-3542,SSA
74,PAWTUCKET RI,"SOCIAL SECURITY 4 PLEASANT ST",PAWTUCKET,RI,2860,(866) 931-7079,SSA
454,SOMERSET KY,"SOCIAL SECURITY 3975 S HIGHWAY 27",SOMERSET,KY,42501,(877) 714-0375,SSA
B24,PRESTONSBURG KY,"SOCIAL SECURITY 1897 KY RT 321",PRESTONSBURG,KY,41653,(888) 450-4538,SSA
444,OWENSBORO KY,"SOCIAL SECURITY 4532 LUCKY STRIKE LOOP",OWENSBORO,KY,42303,(866) 836-5834,SSA
428,MAYSVILLE KY,"SOCIAL SECURITY 509 MARKETPLACE DR",MAYSVILLE,KY,41056,(855) 807-8802,SSA
441,FRANKFORT KY,"SOCIAL SECURITY 140 FLYNN AVE",FRANKFORT,KY,40601,(866) 964-1724,SSA
443,BOWLING GREEN KY,"SOCIAL SECURITY 2724 CHANDLER DRIVE",BOWLING GREEN,KY,42104,(877) 801-0817,SSA
438,ASHLAND KY,"SOCIAL SECURITY ROOM 132 1405 GREENUP AVENUE",ASHLAND,KY,41101,(866) 269-3993,SSA
442,FLORENCE KY,"SOCIAL SECURITY 7 YOUELL STREET",FLORENCE,KY,41042,(866) 504-4224,SSA
452,DANVILLE KY,"SOCIAL SECURITY 103 BELINDA BLVD",DANVILLE,KY,40422,(877) 512-3850,SSA
448,PIKEVILLE KY,"SOCIAL SECURITY 333 HAMBLEY BLVD",PIKEVILLE,KY,41501,(888) 676-2942,SSA
446,HAZARD KY,"SOCIAL SECURITY 122 REYNOLDS LANE",HAZARD,KY,41701,(877) 405-0491,SSA
B27,MAYFIELD KY,"SOCIAL SECURITY 1526 CUBA ROAD",MAYFIELD,KY,42066,(866) 931-8366,SSA
450,CAMPBELLSVILLE KY,"SOCIAL SECURITY 101 HIESTAND FARM RD",CAMPBELLSVILLE,KY,42718,(877) 828-1695,SSA
445,CORBIN KY,"SOCIAL SECURITY 159 FUTURE DR",CORBIN,KY,40701,(877) 405-0470,SSA
440,PADUCAH KY,"SOCIAL SECURITY 125 BRETT CHASE",PADUCAH,KY,42003,(866) 614-7905,SSA
449,ELIZABETHTOWN KY,"SOCIAL SECURITY 591 WESTPORT ROAD",ELIZABETHTOWN,KY,42701,(866) 596-7123,SSA
453,MADISONVILLE KY,"SOCIAL SECURITY 4431 HANSON RD",MADISONVILLE,KY,42431,(877) 626-9912,SSA
A45,LOUISVILLE EAST KY,"SOCIAL SECURITY STE 50 10503 TIMBERWOOD CIR",LOUISVILLE,KY,40223,(888) 280-5851,SSA
A46,RICHMOND KY,"SOCIAL SECURITY 1060 GIBSON BAY DRIVE",RICHMOND,KY,40475,(866) 838-8945,SSA
D80,JACKSON KY,"SOCIAL SECURITY 850 HWY 15 N",JACKSON,KY,41339,(866) 366-4920,SSA
437,LOUISVILLE KY,"SOCIAL SECURITY RM 101 601 W BROADWAY",LOUISVILLE,KY,40202,(866) 716-9671,SSA
B20,HENDERSON KY,"SOCIAL SECURITY BUILDING 3 2000 N ELM ST",HENDERSON,KY,42420,(855) 628-1593,SSA
439,LEXINGTON KY,"SOCIAL SECURITY STE 110 2241 BUENA VISTA RD",LEXINGTON,KY,40505,(866) 530-7754,SSA
451,MIDDLESBORO KY,"SOCIAL SECURITY 10 TECH PARK DRIVE",MIDDLESBORO,KY,40965,(877) 619-2853,SSA
447,HOPKINSVILLE KY,"SOCIAL SECURITY 1650 MARIE DRIVE",HOPKINSVILLE,KY,42240,(877) 405-7656,SSA
876,CHEYENNE WY,"SOCIAL SECURITY SUITE 140 3001 E PERSHING BLVD",CHEYENNE,WY,82001,(866) 336-7580,SSA
D31,SHERIDAN WY,"SOCIAL SECURITY 2268 N MAIN ST",SHERIDAN,WY,82801,(866) 530-7798,SSA
877,CASPER WY,"SOCIAL SECURITY ROOM 1008 150 E B ST",CASPER,WY,82601,(866) 964-3972,SSA
154,MONTICELLO NY,"SOCIAL SECURITY SUITE 4 60 JEFFERSON ST",MONTICELLO,NY,12701,(855) 794-4728,SSA
135,BROOKLYN BUSHWICK NY,"SOCIAL SECURITY THIRD FLOOR 785 FLUSHING AVE",BROOKLYN,NY,11206,(888) 327-1276,SSA
160,BEDFORD HEIGHTS NY,"SOCIAL SECURITY 1540 FULTON STREET",BROOKLYN,NY,11216,(866) 592-4845,SSA
D57,CANARSIE NY,"SOCIAL SECURITY 1871 ROCKAWAY PARKWAY",BROOKLYN,NY,11236,(866) 667-7342,SSA
126,GLENS FALLS NY,"SOCIAL SECURITY SUITE 1 67 WARREN ST",GLENS FALLS,NY,12801,(877) 405-4875,SSA
129,WATERTOWN NY,"SOCIAL SECURITY 156 BELLEW AVE SOUTH",WATERTOWN,NY,13601,(866) 627-6995,SSA
B95,EAST VILLAGE,"SOCIAL SECURITY 650 EAST 12TH ST",NEW YORK,NY,10009,(877) 405-1447,SSA
E72,GREECE NY,"SOCIAL SECURITY 2ND FLOOR 4050 W RIDGE RD",ROCHESTER,NY,14626,(866) 331-2204,SSA
162,ROCKAWAY PARK NY,"SOCIAL SECURITY 11306 ROCKAWAY BCH BLVD",ROCKAWAY PARK,NY,11694,(866) 331-2310,SSA
101,SYRACUSE NY,"SOCIAL SECURITY FED BLDG 4TH FLOOR 100 S CLINTON ST",SYRACUSE,NY,13261,(866) 755-4884,SSA
149,WEST NYACK NY,"SOCIAL SECURITY 240 WEST NYACK ROAD",WEST NYACK,NY,10994,(866) 755-4334,SSA
119,REGO PARK NY,"SOCIAL SECURITY 6344 AUSTIN STREET",REGO PARK,NY,11374,(877) 255-1506,SSA
148,WHITE PLAINS NY,"SOCIAL SECURITY SUITE 4A 297 KNOLLWOOD RD",WHITE PLAINS,NY,10607,(866) 331-8134,SSA
115,NIAGARA FALLS NY,"SOCIAL SECURITY 6540 NIAGARA FALLS BVD",NIAGARA FALLS,NY,14304,(877) 480-4992,SSA
121,STATEN ISLAND NY,"SOCIAL SECURITY 1441 SOUTH AVE",STATEN ISLAND,NY,10314,(866) 331-5288,SSA
147,EAST BRONX NY,"SOCIAL SECURITY 2ND FLOOR 1380 PARKER ST",BRONX,NY,10462,(866) 931-2526,SSA
158,MOTT HAVEN NY,"SOCIAL SECURITY 460 WILLIS AVE",BRONX,NY,10455,(866) 220-7889,SSA
118,MIDDLETOWN NY,"SOCIAL SECURITY STE 100 85 CRYSTAL RUN RD",MIDDLETOWN,NY,10941,(866) 504-4801,SSA
140,CORNING NY,"SOCIAL SECURITY 200 NASSER CIVIC CENTER PLZ",CORNING,NY,14830,(866) 591-3665,SSA
134,INWOOD HILL NY,"SOCIAL SECURITY 2ND FLR 4941 BROADWAY",NEW YORK,NY,10034,(877) 445-0838,SSA
128,NEW ROCHELLE NY,"SOCIAL SECURITY STREET LEVEL 85 HARRISON ST",NEW ROCHELLE,NY,10801,(855) 210-1026,SSA
B97,WEST BABYLON NY,"SOCIAL SECURITY 510 PARK AVENUE",WEST BABYLON,NY,11704,(866) 964-7375,SSA
117,NY UPTOWN NY,"SOCIAL SECURITY 4TH FLR 302 W 126TH ST",NEW YORK,NY,10027,(866) 964-1301,SSA
C01,LONG ISLAND CITY,"SOCIAL SECURITY GROUND FLOOR 31-08 37TH AVENUE",LONG ISLAND CITY,NY,11101,(866) 837-1096,SSA
109,NY DOWNTOWN NY,"SOCIAL SECURITY 4TH FLOOR 123 WILLIAM ST",NEW YORK,NY,10038,(866) 335-1089,SSA
123,OSWEGO NY,"SOCIAL SECURITY 17 FOURTH AVE",OSWEGO,NY,13126,(866) 964-7593,SSA
113,YONKERS NY,"SOCIAL SECURITY SUITE 500 20 SOUTH BROADWAY",YONKERS,NY,10701,(866) 331-6404,SSA
B96,RIDGE ROAD NY,"SOCIAL SECURITY SUITE 120 1900 RIDGE RD",WEST SENECA,NY,14224,(800) 647-9195,SSA
C72,DUNKIRK NY,"SOCIAL SECURITY SUITE 2 437 MAIN ST",DUNKIRK,NY,14048,(888) 862-2139,SSA
102,ALBANY NY,"SOCIAL SECURITY RM 430 FEDERAL BLDG 11 A CLINTON AVE",ALBANY,NY,12207,(866) 253-9183,SSA
137,BROOKLYN NEW UTRECHT,"SOCIAL SECURITY 7714 17 AVENUE",BROOKLYN,NY,11214,(866) 585-9320,SSA
105,SCHENECTADY NY,"SOCIAL SECURITY 8TH FLOOR ONE BROADWAY CENTER",SCHENECTADY,NY,12305,(866) 964-1296,SSA
C77,WEST FARMS NY,"SOCIAL SECURITY 1829 SOUTHERN BLVD",BRONX,NY,10460,(866) 964-2558,SSA
133,POUGHKEEPSIE NY,"SOCIAL SECURITY 4 ACADEMY ST",POUGHKEEPSIE,NY,12601,(877) 405-6747,SSA
B93,PEEKSKILL NY,"SOCIAL SECURITY 3RD FL ONE PARK PLACE",PEEKSKILL,NY,10566,(877) 840-5778,SSA
144,MELVILLE NY,"SOCIAL SECURITY STE 201 1121 WALT WHITMAN RD",MELVILLE,NY,11747,(866) 964-0165,SSA
111,JAMESTOWN NY,"SOCIAL SECURITY 321 HAZELTINE AVE",JAMESTOWN,NY,14701,(877) 319-3079,SSA
122,GLOVERSVILLE NY,"SOCIAL SECURITY 13 N ARLINGTON AVE",GLOVERSVILLE,NY,12078,(888) 528-9446,SSA
146,ONEONTA NY,"SOCIAL SECURITY SUITE 1 31 MAIN ST",ONEONTA,NY,13820,(877) 628-6581,SSA
114,HORSEHEADS NY,"SOCIAL SECURITY SUITE 19 3345 CHAMBERS RD S",HORSEHEADS,NY,14845,(866) 964-1715,SSA
151,FREEPORT NY,"SOCIAL SECURITY 84 N. MAIN STREET",FREEPORT,NY,11520,(866) 964-0028,SSA
153,HUDSON NY,"SOCIAL SECURITY 747 WARREN STREET",HUDSON,NY,12534,(877) 828-1691,SSA
116,OGDENSBURG NY,"SOCIAL SECURITY 101 FORD STREET",OGDENSBURG,NY,13669,(866) 572-8369,SSA
132,NORTH BRONX NY,"SOCIAL SECURITY 2ND FLOOR 2501 GRAND CONCOURSE",BRONX,NY,10468,(877) 619-2852,SSA
139,CYPRESS HILLS,"SOCIAL SECURITY BLDG 3386 FULTON STREET",BROOKLYN,NY,11208,(866) 613-2767,SSA
110,UTICA NY,"SOCIAL SECURITY FEDERAL BUILDING 10 BROAD STREET",UTICA,NY,13501,(877) 405-6750,SSA
179,LACONIA AVENUE,"SOCIAL SECURITY 3247 LACONIA AVE",BRONX,NY,10469,(866) 347-0054,SSA
143,BATAVIA NY,"SOCIAL SECURITY 571 EAST MAIN STREET",BATAVIA,NY,14020,(866) 931-7103,SSA
141,GENEVA NY,"SOCIAL SECURITY 15 LEWIS ST",GENEVA,NY,14456,(866) 331-7759,SSA
163,RIVERHEAD NY,"SOCIAL SECURITY 526 EAST MAIN STREET",RIVERHEAD,NY,11901,(888) 397-9819,SSA
127,BROOKLYN FLATBUSH NY,"SOCIAL SECURITY 672 PARKSIDE AVE",BROOKLYN,NY,11226,(866) 563-9461,SSA
106,BORO HALL NY,"SOCIAL SECURITY 7TH FLOOR 195 MONTAGUE ST",BROOKLYN,NY,11201,(877) 531-4725,SSA
138,MINEOLA NY,"SOCIAL SECURITY 2ND FL 163 MINEOLA BLVD",MINEOLA,NY,11501,(866) 758-1318,SSA
108,ROCHESTER NY,"SOCIAL SECURITY 2ND FLOOR 200 E. MAIN ST",ROCHESTER,NY,14604,(866) 964-2045,SSA
120,JAMAICA NY,"SOCIAL SECURITY 3RD FL DISTRICT OFFICE 155-10 JAMAICA AVE",JAMAICA,NY,11432,(866) 592-0802,SSA
D58,HYLAN BLVD NY,"SOCIAL SECURITY 2ND FLOOR 1510 HYLAN BLVD",STATEN ISLAND,NY,10305,(877) 457-1736,SSA
100,NY MIDTOWN NY,"SOCIAL SECURITY 5TH FLOOR 237 W 48TH STREET",NEW YORK,NY,10036,(866) 964-0783,SSA
136,PATCHOGUE NY,"SOCIAL SECURITY 75 OAK STREET",PATCHOGUE,NY,11772,(866) 771-1991,SSA
130,TROY NY,"SOCIAL SECURITY SUITE 12A-1 120 HOOSICK ST",TROY,NY,12180,(866) 770-2662,SSA
125,PLATTSBURGH NY,"SOCIAL SECURITY SUITE 230 14 DURKEE ST",PLATTSBURGH,NY,12901,(866) 964-7430,SSA
104,BINGHAMTON NY,"SOCIAL SECURITY SUITE 300 2 COURT STREET",BINGHAMTON,NY,13901,(866) 964-3971,SSA
142,OLEAN NY,"SOCIAL SECURITY 1618 W STATE ST",OLEAN,NY,14760,(877) 319-5773,SSA
156,NY EAST HARLEM NY,"SOCIAL SECURITY FLOOR 4 345 E 102ND ST",NEW YORK,NY,10029,(877) 445-0836,SSA
150,FLUSHING NY,"SOCIAL SECURITY 138-50 BARCLAY AVE",FLUSHING,NY,11355,(877) 457-1735,SSA
103,BUFFALO NY,"SOCIAL SECURITY SUITE 200 478 MAIN STREET",BUFFALO,NY,14202,(855) 881-0213,SSA
112,SOUTH BRONX NY,"SOCIAL SECURITY 3RD FLOOR 820 CONCOURSE VILLAGE WEST",BRONX,NY,10451,(855) 531-1684,SSA
152,ITHACA NY,"SOCIAL SECURITY 2ND FL 127 W STATE STREET",ITHACA,NY,14850,(866) 706-8289,SSA
910,RICE LAKE WI,"SOCIAL SECURITY 1703 W KNAPP STREET",RICE LAKE,WI,54868,(888) 823-3923,SSA
544,SUPERIOR WI,"SOCIAL SECURITY 4221 TOWER AVE",SUPERIOR,WI,54880,(877) 628-6578,SSA
547,KENOSHA WI,"SOCIAL SECURITY SUITE A 3915 30TH AVE",KENOSHA,WI,53144,(866) 334-4997,SSA
E26,GREENFIELD WI,"SOCIAL SECURITY 8455 W LAYTON AVE",GREENFIELD,WI,53228,(877) 600-2856,SSA
552,LANCASTER WI,"SOCIAL SECURITY 175 W ALONA LN",LANCASTER,WI,53813,(877) 405-7841,SSA
538,FOND DU LAC WI,"SOCIAL SECURITY SUITE 100 180 KNIGHTS WAY",FOND DU LAC,WI,54935,(888) 717-1526,SSA
548,MILW DT WI,"SOCIAL SECURITY SUITE 260 310 W WISCONSIN AVE",MILWAUKEE,WI,53203,(866) 467-9626,SSA
541,LA CROSSE WI,"SOCIAL SECURITY STE 100 210 7TH ST S",LA CROSSE,WI,54601,(866) 770-2345,SSA
535,MILW NORTH WI,"SOCIAL SECURITY 9120 W CAPITOL DR",MILWAUKEE,WI,53222,(888) 823-4323,SSA
542,WAUSAU WI,"SOCIAL SECURITY 352 GRAND AVE",WAUSAU,WI,54403,(855) 269-9186,SSA
537,GREEN BAY WI,"SOCIAL SECURITY 1561 DOUSMAN ST.",GREEN BAY,WI,54303,(888) 862-4811,SSA
550,WAUKESHA WI,"SOCIAL SECURITY 267 SOUTH ST",WAUKESHA,WI,53186,(866) 220-7885,SSA
551,WISCONSIN RAPIDS,"SOCIAL SECURITY 2213 8TH ST SOUTH",WISCONSIN RAPIDS,WI,54494,(855) 686-1465,SSA
A61,WEST BEND WI,"SOCIAL SECURITY 1145 VERN STREET",WEST BEND,WI,53090,(888) 655-0843,SSA
D08,MILW-WEST WI,"SOCIAL SECURITY 5020 W NORTH AVE",MILWAUKEE,WI,53208,(866) 716-8594,SSA
546,JANESVILLE WI,"SOCIAL SECURITY 222 N ACADEMY ST",JANESVILLE,WI,53548,(877) 850-7826,SSA
539,EAU CLAIRE WI,"SOCIAL SECURITY 4120 OAKWOOD HILLS PKY",EAU CLAIRE,WI,54701,(866) 815-2924,SSA
536,MADISON WI,"SOCIAL SECURITY 6011 ODANA RD",MADISON,WI,53719,(866) 770-2262,SSA
549,APPLETON WI,"SOCIAL SECURITY 607 W NORTHLAND AVE",APPLETON,WI,54911,(877) 694-5495,SSA
540,MOUNT PLEASANT/RACINE,"SOCIAL SECURITY STE 208 13200 GLOBE DR",MOUNT PLEASANT,WI,53177,(866) 270-8629,SSA
878,RHINELANDER WI,"SOCIAL SECURITY 2023 NAVAJO ST",RHINELANDER,WI,54501,(888) 868-8185,SSA
553,MARINETTE WI,"SOCIAL SECURITY 2023 LAKE PARK DR",MARINETTE,WI,54143,(888) 329-5722,SSA
543,SHEBOYGAN WI,"SOCIAL SECURITY 1137 N 26TH ST",SHEBOYGAN,WI,53081,(877) 635-3549,SSA
554,MANITOWOC WI,"SOCIAL SECURITY 1603 MIRRO DR",MANITOWOC,WI,54220,(877) 409-8430,SSA
545,OSHKOSH WI,"SOCIAL SECURITY 400 CITY CENTER STE B",OSHKOSH,WI,54901,(877) 445-0834,SSA
478,PORTAGE,"SOCIAL SECURITY SUITE 100 2875 VILLAGE RD",PORTAGE,WI,53901,(888) 875-1681,SSA
463,MUNCIE IN,"SOCIAL SECURITY 600 NORTH WALNUT ST",MUNCIE,IN,47305,(866) 964-7586,SSA
458,TERRE HAUTE IN,"SOCIAL SECURITY 222 CHERRY ST",TERRE HAUTE,IN,47807,(866) 635-0282,SSA
473,COLUMBUS IN,"SOCIAL SECURITY 2535 ARNOLD STREET",COLUMBUS,IN,47203,(866) 755-0990,SSA
462,KOKOMO IN,"SOCIAL SECURITY 353 W. ALTO RD",KOKOMO,IN,46902,(866) 365-3036,SSA
D60,INDIANAPOLIS NORTHWEST,"SOCIAL SECURITY 6745 NETWORK PL",INDIANAPOLIS,IN,46278,(866) 218-2309,SSA
467,ELKHART IN,"SOCIAL SECURITY 231 WATERFALL DRIVE",ELKHART,IN,46516,(866) 426-0532,SSA
464,GARY IN,"SOCIAL SECURITY 808 SOUTH LAKE STREET",GARY,IN,46403,(866) 593-2911,SSA
456,SOUTH BEND IN,"SOCIAL SECURITY 602 S MICHIGAN ST",SOUTH BEND,IN,46601,(877) 274-5415,SSA
468,ANDERSON IN,"SOCIAL SECURITY 117 S SCATTERFIELD RD",ANDERSON,IN,46012,(866) 875-0394,SSA
D61,MERRILLVILLE IN,"SOCIAL SECURITY 1438 E 85TH AVE",MERRILLVILLE,IN,46410,(877) 692-3142,SSA
465,NEW ALBANY IN,"SOCIAL SECURITY 3700 BLACKISTON BLVD",NEW ALBANY,IN,47150,(866) 331-9073,SSA
455,INDIANAPOLIS IN,"SOCIAL SECURITY RM 685 575 N PENNSYLVANIA ST",INDIANAPOLIS,IN,46204,(866) 592-2812,SSA
475,VALPARAISO IN,"SOCIAL SECURITY 3810 CALUMET AVE",VALPARAISO,IN,46383,(888) 472-6120,SSA
469,HAMMOND IN,"SOCIAL SECURITY 418 E DOUGLAS STREET",HAMMOND,IN,46320,(877) 512-3859,SSA
457,EVANSVILLE IN,"SOCIAL SECURITY 2300 N GREEN RIVER RD",EVANSVILLE,IN,47715,(877) 768-5679,SSA
461,LAFAYETTE IN,"SOCIAL SECURITY 10 S. 2ND ST",LAFAYETTE,IN,47901,(888) 884-0522,SSA
459,FORT WAYNE IN,"SOCIAL SECURITY 2122 LINCOLNWAY CT",FORT WAYNE,IN,46819,(877) 223-6061,SSA
466,BLOOMINGTON IN,"SOCIAL SECURITY 515 W PATTERSON DRIVE",BLOOMINGTON,IN,47403,(877) 819-2594,SSA
C41,INDIANAPOLIS NORTHEAST,"SOCIAL SECURITY 1625 N POST ROAD",INDIANAPOLIS,IN,46219,(866) 220-7899,SSA
474,MADISON IN,"SOCIAL SECURITY 150 DEMAREE DRIVE",MADISON,IN,47250,(877) 692-3144,SSA
472,VINCENNES IN,"SOCIAL SECURITY 606 VETERANS DR",VINCENNES,IN,47591,(888) 456-9531,SSA
471,MARION IN,"SOCIAL SECURITY 844 N MILLER AVENUE",MARION,IN,46952,(888) 397-9795,SSA
460,RICHMOND IN,"SOCIAL SECURITY 500 NORTH A STREET",RICHMOND,IN,47374,(866) 446-6190,SSA
A81,CRAWFORDSVILLE,"SOCIAL SECURITY 1515 S GRANT AVE",CRAWFORDSVILLE,IN,47933,(888) 577-1498,SSA
D05,AUBURN IN,"SOCIAL SECURITY 1240 S GRANDSTAFF DR",AUBURN,IN,46706,(866) 829-2170,SSA
470,MICHIGAN CITY IN,"SOCIAL SECURITY 636 PINE STREET",MICHIGAN CITY,IN,46360,(866) 248-2393,SSA
624,MOBILE AL,"SOCIAL SECURITY SUITE 100 550 GOVERNMENT ST",MOBILE,AL,36602,(866) 593-1922,SSA
630,SELMA AL,"SOCIAL SECURITY 120 EXECUTIVE PARK LN",SELMA,AL,36701,(877) 628-6541,SSA
A21,CULLMAN AL,"SOCIAL SECURITY 1908 COMMERCE AVE NW",CULLMAN,AL,35055,(877) 803-6323,SSA
634,ANDALUSIA AL,"SOCIAL SECURITY 605 STANLEY AVE",ANDALUSIA,AL,36420,(877) 405-7657,SSA
724,JASPER AL,"SOCIAL SECURITY 501 THE MALL WAY",JASPER,AL,35504,(877) 575-5199,SSA
C17,BIRMINGHAM EAST AL,"SOCIAL SECURITY TRUSSVILLE EXEC. PARK 1972 GADSDEN HWY",BIRMINGHAM,AL,35235,(866) 613-2743,SSA
631,FLORENCE AL,"SOCIAL SECURITY 203 SOUTH WALNUT ST",FLORENCE,AL,35630,(855) 884-3407,SSA
627,ANNISTON AL,"SOCIAL SECURITY 801 QUINTARD AVE",ANNISTON,AL,36201,(877) 701-2139,SSA
C27,FAIRHOPE AL,"SOCIAL SECURITY 101 COURTHOUSE DR",FAIRHOPE,AL,36532,(866) 837-5964,SSA
635,TALLADEGA AL,"SOCIAL SECURITY 736 NORTH STREET EAST",TALLADEGA,AL,35160,(877) 619-2854,SSA
622,BIRMINGHAM DT AL,"SOCIAL SECURITY DISTRICT OFFICE-1ST FLOOR 1200 REV ABRAHAM WOODS JR BLVD N",BIRMINGHAM,AL,35285,(866) 592-3734,SSA
B06,ALBERTVILLE AL,"SOCIAL SECURITY 406 MARTLING RD",ALBERTVILLE,AL,35951,(800) 521-0073,SSA
636,BESSEMER AL,"SOCIAL SECURITY 5475 ACADEMY WAY",BESSEMER,AL,35022,(866) 593-5647,SSA
C32,ALEXANDER CITY AL,"SOCIAL SECURITY 63 ALIANT PARKWAY",ALEXANDER CITY,AL,35010,(877) 405-0483,SSA
D68,JACKSON AL,"SOCIAL SECURITY 4249 N COLLEGE AVE",JACKSON,AL,36545,(877) 476-4484,SSA
633,AUBURN AL,"SOCIAL SECURITY 2454 E UNIVERSITY DR",AUBURN,AL,36830,(877) 512-3857,SSA
628,DOTHAN AL,"SOCIAL SECURITY 1778 WHATLEY DRIVE",DOTHAN,AL,36303,(877) 452-4192,SSA
623,MONTGOMERY AL,"SOCIAL SECURITY SUITE 100 4344 CARMICHAEL RD",MONTGOMERY,AL,36106,(866) 593-0914,SSA
632,HUNTSVILLE AL,"SOCIAL SECURITY 4970 RESEARCH DRIVE;NW",HUNTSVILLE,AL,35805,(866) 593-0665,SSA
629,TUSCALOOSA AL,"SOCIAL SECURITY RICHARD SHELBY FEDERAL BLDG &amp; COURTHOUSE 2005 UNIVERSITY BLVD; SUITE 1200",TUSCALOOSA,AL,35401,(877) 480-4988,SSA
625,DECATUR AL,"SOCIAL SECURITY 717 MCGLATHERY LN SE",DECATUR,AL,35601,(888) 289-9185,SSA
626,GADSDEN AL,"SOCIAL SECURITY 204 ENTERPRISE DRIVE",GADSDEN,AL,35904,(877) 316-4418,SSA
167,KAPOLEI HI,"SOCIAL SECURITY 970 MANAWAI STREET",KAPOLEI,HI,96707,(855) 572-4866,SSA
166,WAILUKU HI,"SOCIAL SECURITY SUITE 125 2200 MAIN STREET",WAILUKU,HI,96793,(855) 572-4863,SSA
990,HONOLULU HI,"SOCIAL SECURITY RM 1-114 FED BLDG 300 ALA MOANA BLVD",HONOLULU,HI,96850,(855) 572-4879,SSA
991,HILO HI,"SOCIAL SECURITY SUITE 710 111 E PUAINAKO ST",HILO,HI,96720,(855) 572-4860,SSA
776,HAYS KS,"SOCIAL SECURITY 1212 E 27TH ST",HAYS,KS,67601,(888) 552-7176,SSA
772,KANSAS CITY KS,"SOCIAL SECURITY 850 NEBRASKA AVE",KANSAS CITY,KS,66101,(866) 331-2197,SSA
770,SALINA KS,"SOCIAL SECURITY STE 7 1410 E IRON AVE",SALINA,KS,67401,(877) 405-3494,SSA
769,WICHITA KS,"SOCIAL SECURITY 3216 N CYPRESS ST",WICHITA,KS,67226,(866) 931-9173,SSA
771,DODGE CITY KS,"SOCIAL SECURITY 2204 SUMMERLON CIR",DODGE CITY,KS,67801,(877) 694-5494,SSA
775,INDEPENDENCE KS,"SOCIAL SECURITY SUITE A 2125 N PENN AVE",INDEPENDENCE,KS,67301,(877) 512-3855,SSA
768,TOPEKA KS,"SOCIAL SECURITY 600 SW COMMERCE PL",TOPEKA,KS,66615,(888) 327-1271,SSA
D15,LAWRENCE KS,"SOCIAL SECURITY STE 200 1440 WAKARUSA",LAWRENCE,KS,66049,(866) 698-2561,SSA
774,HUTCHINSON KS,"SOCIAL SECURITY STE A 811 E 30TH AVE",HUTCHINSON,KS,67502,(877) 846-8333,SSA
778,MANHATTAN KS,"SOCIAL SECURITY STE A 1121 HUDSON AVE",MANHATTAN,KS,66503,(877) 840-5741,SSA
779,JOHNSON COUNTY,"SOCIAL SECURITY 15375 W 95TH ST",LENEXA,KS,66219,(877) 445-9978,SSA
822,SAN ANGELO TX,"SOCIAL SECURITY STE 100 1ST FLR SPUR BLDG 40 W TWOHIG",SAN ANGELO,TX,76903,(877) 840-5742,SSA
B47,CLEBURNE TX,"SOCIAL SECURITY 1711 W. HENDERSON",CLEBURNE,TX,76033,(866) 227-1616,SSA
A74,CONROE TX,"SOCIAL SECURITY 600 SGT ED HOLCOMB BLVD N",CONROE,TX,77304,(866) 614-0032,SSA
852,SAN ANTONIO NW TX,"SOCIAL SECURITY 411 RICHLAND HILLS DR",SAN ANTONIO,TX,78245,(877) 697-4799,SSA
11A,MISSION TX,"SOCIAL SECURITY 1013 BUSINESS PARK DR",MISSION,TX,78572,(855) 245-0647,SSA
E45,GEORGETOWN TX,"SOCIAL SECURITY STE 150 3010 WILLIAMS DR",GEORGETOWN,TX,78628,(877) 531-4699,SSA
850,PASADENA TX,"SOCIAL SECURITY 3300 WATTERS ROAD",PASADENA,TX,77504,(866) 563-4603,SSA
846,PALESTINE TX,"SOCIAL SECURITY 215 MEDICAL DRIVE",PALESTINE,TX,75801,(866) 495-0089,SSA
833,LUFKIN TX,"SOCIAL SECURITY 702 E DENMAN AVE",LUFKIN,TX,75901,(877) 407-3442,SSA
D20,WAXAHACHIE TX,"SOCIAL SECURITY 100 DEAN BOX DRIVE",WAXAHACHIE,TX,75165,(866) 563-1912,SSA
832,BIG SPRING TX,"SOCIAL SECURITY STE 3 501 BIRDWELL LN",BIG SPRING,TX,79720,(888) 748-2018,SSA
E64,DALLAS PLEASANT GROVE,"SOCIAL SECURITY 2300 DUNSON DR",BALCH SPRINGS,TX,75180,(855) 531-1683,SSA
E44,SAN MARCOS TX,"SOCIAL SECURITY SUITE 200 900 BUGG LANE",SAN MARCOS,TX,78666,(866) 388-8515,SSA
844,EAGLE PASS TX,"SOCIAL SECURITY 406 SOUTH TEXAS DR",EAGLE PASS,TX,78852,(888) 862-4864,SSA
B48,BRENHAM TX,"SOCIAL SECURITY 2901 VICTORY LN",BRENHAM,TX,77833,(855) 287-4792,SSA
A75,KERRVILLE TX,"SOCIAL SECURITY 1060 GUADALUPE ST",KERRVILLE,TX,78028,(877) 895-0043,SSA
A72,ANGLETON TX,"SOCIAL SECURITY 2921 N VALDERAS ST",ANGLETON,TX,77515,(866) 338-2940,SSA
853,DALLAS OAK CLIFF TX,"SOCIAL SECURITY 2475 CLIFF CREEK CROSSING DR",DALLAS,TX,75237,(866) 931-4958,SSA
834,ODESSA TX,"SOCIAL SECURITY 2015 E 37TH ST",ODESSA,TX,79762,(866) 404-1866,SSA
831,PARIS TX,"SOCIAL SECURITY 2805 PINE MILL ROAD",PARIS,TX,75460,(888) 619-4772,SSA
875,HARLINGEN TX,"SOCIAL SECURITY 2005 W JEFFERSON AVE",HARLINGEN,TX,78550,(866) 931-7075,SSA
A76,MCKINNEY TX,"SOCIAL SECURITY 3250 CRAIG DR",MCKINNEY,TX,75070,(866) 931-2731,SSA
838,TEMPLE TX,"SOCIAL SECURITY 511 NORTH MAIN",TEMPLE,TX,76501,(866) 593-1341,SSA
826,WACO TX,"SOCIAL SECURITY STE A 1700 LAKE AIR DR",WACO,TX,76710,(866) 964-6304,SSA
830,PORT ARTHUR TX,"SOCIAL SECURITY 8208 9TH AVE",PORT ARTHUR,TX,77642,(866) 964-1720,SSA
B51,SEGUIN TX,"SOCIAL SECURITY 927 S ST HWY 123 BYP",SEGUIN,TX,78155,(877) 445-0831,SSA
840,LAREDO TX,"SOCIAL SECURITY 215 CALLE DEL NORTE",LAREDO,TX,78041,(866) 704-4857,SSA
873,MID CITIES TX,"SOCIAL SECURITY 2010 N STATE HWY 360",GRAND PRAIRIE,TX,75050,(855) 722-3499,SSA
828,LEAGUE CITY,"SOCIAL SECURITY 2835 GULF FRWY SOUTH",LEAGUE CITY,TX,77573,(866) 299-3254,SSA
841,MCALLEN TX,"SOCIAL SECURITY 3004 N MCCOLL RD",MCALLEN,TX,78501,(855) 886-9628,SSA
00Y,AUSTIN SOUTH TX,"SOCIAL SECURITY BLDG B 5508 US-290 W",AUSTIN,TX,78735,(855) 221-3523,SSA
880,SAN ANTONIO SOUTH TX,"SOCIAL SECURITY 3438 E SOUTHCROSS BLVD",SAN ANTONIO,TX,78223,(866) 964-7432,SSA
816,HOUSTON SOUTHWEST TX,"SOCIAL SECURITY 13302 WESTHEIMER RD",HOUSTON,TX,77077,(866) 592-1608,SSA
814,DALLAS NORTH TX,"SOCIAL SECURITY 10824 N.CENTRAL EXPWY",DALLAS,TX,75231,(866) 572-2492,SSA
837,SHERMAN TX,"SOCIAL SECURITY 600 EAST PEYTON",SHERMAN,TX,75090,(877) 405-3521,SSA
825,CORPUS CHRISTI TX,"SOCIAL SECURITY 3801 S PORT AVE",CORPUS CHRISTI,TX,78415,(866) 613-2859,SSA
E35,FORT WORTH SOUTH TX,"SOCIAL SECURITY 2901 ALTAMESA BLVD",FORT WORTH,TX,76133,(866) 613-2745,SSA
842,BROWNWOOD TX,"SOCIAL SECURITY STE 28 300 EARLY BLVD",EARLY,TX,76802,(877) 405-3630,SSA
823,WICHITA FALLS TX,"SOCIAL SECURITY 4314 WENDOVER ST",WICHITA FALLS,TX,76309,(866) 815-9605,SSA
821,FORTWORTH TX,"SOCIAL SECURITY RM 1-A-07 FEDERAL BLDG 819 TAYLOR ST",FORT WORTH,TX,76102,(866) 704-4858,SSA
817,EL PASO TX,"SOCIAL SECURITY 11111 GATEWAY W BLVD",EL PASO,TX,79935,(866) 563-9310,SSA
824,BROWNSVILLE TX,"SOCIAL SECURITY 3115 CENTRAL BLVD",BROWNSVILLE,TX,78520,(866) 964-6486,SSA
815,SAN ANTONIO CENTRAL,"SOCIAL SECURITY 402 ISOM RD",SAN ANTONIO,TX,78216,(866) 571-0718,SSA
818,BEAUMONT TX,"SOCIAL SECURITY SUITE A 8455 DISHMAN RD",BEAUMONT,TX,77713,(866) 613-2864,SSA
839,VICTORIA TX,"SOCIAL SECURITY 8208 NE ZAC LENTZ PKWY",VICTORIA,TX,77904,(877) 229-3536,SSA
874,ALICE TX,"SOCIAL SECURITY 1000 MEDICAL CTR BLVD",ALICE,TX,78332,(888) 388-8744,SSA
836,BRYAN TX,"SOCIAL SECURITY 2120 W BRIARGATE DR",BRYAN,TX,77802,(866) 568-9428,SSA
856,HOUSTON NORTHEAST TX,"SOCIAL SECURITY 5414 ALDINE MAIL RD",HOUSTON,TX,77039,(866) 931-2729,SSA
B50,MARSHALL TX,"SOCIAL SECURITY 1509 SEDBERRY ST",MARSHALL,TX,75670,(800) 467-5313,SSA
757,TEXARKANA TX,"SOCIAL SECURITY 5735 SUMMERHILL RD.",TEXARKANA,TX,75503,(866) 931-7675,SSA
845,GREENVILLE TX,"SOCIAL SECURITY 2717 TERRELL ROAD",GREENVILLE,TX,75402,(888) 306-3534,SSA
855,HOUSTON NORTHWEST TX,"SOCIAL SECURITY 16200 DILLARD DR",HOUSTON,TX,77040,(866) 331-3277,SSA
A73,DENTON TX,"SOCIAL SECURITY 2201 COLORADO BLVD",DENTON,TX,76205,(888) 717-1530,SSA
851,DALLAS FAIR PARK TX,"SOCIAL SECURITY 2530 S MALCOLM X BLVD",DALLAS,TX,75215,(888) 717-1529,SSA
827,LUBBOCK TX,"SOCIAL SECURITY 5825 16TH STREET",LUBBOCK,TX,79416,(866) 467-0460,SSA
E24,EL PASO DOWNTOWN TX,"SOCIAL SECURITY 600 TEXAS AVE",EL PASO,TX,79901,(866) 964-6229,SSA
857,HOUSTON SOUTHEAST TX,"SOCIAL SECURITY 8989 LAKES AT 610 DR",HOUSTON,TX,77054,(866) 404-1861,SSA
819,TYLER TX,"SOCIAL SECURITY 5509 DONNYBROOK AVE",TYLER,TX,75703,(877) 319-5707,SSA
847,PAMPA TX,"SOCIAL SECURITY 2333 N HOBART ST",PAMPA,TX,79065,(877) 897-0603,SSA
829,ABILENE TX,"SOCIAL SECURITY 1202 E SOUTH 11TH ST",ABILENE,TX,79602,(877) 607-9525,SSA
00N,SAN ANTONIO DOWNTOWN,"SOCIAL SECURITY RM 701 7TH FLOOR 727 E CESAR CHAVEZ",SAN ANTONIO,TX,78206,(877) 405-0482,SSA
820,AMARILLO TX,"SOCIAL SECURITY 4750 CANYON DR",AMARILLO,TX,79109,(877) 803-6318,SSA
813,AUSTIN TX,"SOCIAL SECURITY 1029 CAMINO LA COSTA",AUSTIN,TX,78752,(866) 627-6991,SSA
835,LONGVIEW TX,"SOCIAL SECURITY 611 CLINIC DR",LONGVIEW,TX,75605,(888) 617-0455,SSA
843,CORSICANA TX,"SOCIAL SECURITY 221 S 45TH ST",CORSICANA,TX,75110,(888) 456-9551,SSA
